:020000022000DC
:1070000000000420E1010500210205002302050023
:1070100025020500270205002902050000000000E6
:10702000000000000000000000000000D10005008A
:107030002D02050000000000F100050031020500EE
:107040003D040500330205003302050055A5030089
:1070500009A60300330205003302050033020500D0
:107060003302050033020500330205003302050038
:107070003302050033020500330205003302050028
:107080003302050021FE040033020500330205002F
:107090003302050033020500052204003302050017
:1070A00033020500330205003302050033020500F8
:1070B000330205003302050000000000000000005C
:1070C00033020500330205003302050051090500B3
:1070D000330205003302050033020500B1B203009C
:1070E00033020500330205003302050000000000F2
:1070F000000000003302050000000000C90905007F
:10710000000000000000000000000000000000007F
:10711000000000000000000000000000000000006F
:10712000000000000000000000000000000000005F
:10713000000000000000000000000000000000004F
:10714000000000000000000000000000000000003F
:10715000000000000000000000000000000000002F
:10716000000000000000000000000000000000001F
:10717000000000000000000000000000000000000F
:1071800000000000000000000000000000000000FF
:1071900000000000000000000000000000000000EF
:1071A00000000000000000000000000000000000DF
:1071B00000000000000000000000000000000000CF
:1071C00000000000000000000000000000000000BF
:1071D00000000000000000000000000000000000AF
:1071E000000000000000000000000000000000009F
:1071F000000000000000000000000000000000008F
:10720000F1EE103A43F08073E1EE103A704700BFA0
:1072100010B5054C237833B9044B13B10448AFF3D0
:1072200000800123237010BDF069002000000000E1
:10723000F432060008B5034B1BB103490348AFF312
:10724000008008BD00000000F4690020F432060050
:10725000154B002B08BF134B9D46A3F5803A002128
:107260008B460F461348144A121A32F06FFC0F4B2C
:10727000002B00D098470E4B002B00D098470020E1
:10728000002104000D000D48002802D00C48AFF387
:10729000008032F0F1FB2000290028F0F9FF32F0E5
:1072A000C5FB00BF00000800000004200000000033
:1072B00000000000F069002054C000200000000021
:1072C00000000000024B034AC3F80026704700BFCD
:1072D000000001403546526E704700BF08494A68B9
:1072E00012F0010F034600EB620007D010B45410F7
:1072F0001A590B685DF8044BD35818470B681847A8
:107300000C6A002010B50446406808B129F006F860
:10731000204610BD10B50446D0F8B00008B128F0E2
:10732000FDFFD4F8A40008B128F0F8FF04F11C0018
:107330001DF0D0F8204610BD10B50446183026F0D8
:1073400029FA04F10C0026F025FA204626F022FA4C
:10735000204610BD38B5054CA4F59A751C3C201D7F
:1073600026F018FAAC42F9D138BD00BF486B0020B6
:10737000084626F07BBC00BF084626F05DBC00BF77
:107380000846114633F068BAF8B5054600F5CD64F5
:1073900000F28C6600F25C6730460C3E26F0FAF98B
:1073A000B742F9D105F5C7660C3C204626F0F2F944
:1073B000A642F9D105F5C1640C3E304626F0EAF943
:1073C000B442F9D105F5BB660C3C204626F0E2F943
:1073D000B442F9D105F5B5640C3E304626F0DAF931
:1073E000A642F9D105F5AF660C3C204626F0D2F94D
:1073F000A642F9D105F5A9640C3E304626F0CAF93B
:10740000B442F9D105F5A3660C3C204626F0C2F93A
:10741000B442F9D105F59D640C3E304626F0BAF928
:10742000A642F9D105F597660C3C204626F0B2F944
:10743000A642F9D105F591640C3E304626F0AAF932
:10744000B442F9D105F58B660C3C204626F0A2F932
:10745000B442F9D105F57B7605F24C4405F5787711
:1074600020460C3C26F096F9BC42F9D105F56F7424
:107470000C3E304626F08EF9A642F9D105F563762A
:107480000C3C204626F086F9B442F9D105F5577434
:107490000C3E304626F07EF9B442F9D105F54B7624
:1074A0000C3C204626F076F9A642F9D105F53F744A
:1074B0000C3E304626F06EF9A642F9D105F530763D
:1074C0000C3C204626F066F9A642F9D105F52D7050
:1074D00026F060F905F5267026F05CF9281D24F0E9
:1074E00073FF2846F8BD00BF10B50446806C08B194
:1074F00028F014FFE06B08B128F010FF206B08B1F2
:1075000028F00CFF606A08B128F008FF20461DF043
:107510004DFA204610BD00BF08B5104B1B68012B6B
:1075200000D008BD0E4B1B68012B05D0022B0AD0E2
:107530000C4B00221A7008BD0B4813F079FD30B9CE
:10754000084B187008BD094813F072FDF8E70848A9
:1075500013F0F2FA80F00100C0B2F1E7F4760020F7
:10756000207700203C770020808B00204877002087
:10757000348D002038B5094CA4F5C36504F118001A
:1075800026F008F904F10C0026F004F9204626F054
:1075900001F9AC42A4F12804F0D138BD3C730020BD
:1075A000F8B5184C00236568637026F01DFB854212
:1075B00000D1F8BD144813F0BFFAF0B926F014FB5F
:1075C000124E054641F28837304613F031FD03462E
:1075D000012043B9237833B926F012FB26F004FBCF
:1075E000431BBB42F0D90A4A0323D01D002113F0EC
:1075F00023FD26F0F9FA6060F8BD034813F09EFA07
:10760000DCE700BF40770020348D00204877002061
:1076100041770020F8B51A4C013862786568C0B22D
:10762000012383401343637026F0DEFA854200D1C4
:10763000F8BD144813F080FAF0B926F0D5FA124ECE
:10764000054641F28837304613F0F2FC034601202C
:1076500043B9237833B926F0D3FA26F0C5FA431B91
:10766000BB42F0D9094A0323D01D002113F0E4FCEA
:1076700026F0BAFA6060F8BD024813F05FFADCE762
:1076800040770020348D002048770020417700208B
:1076900081682DE9F0470568044669B1284E2B68DA
:1076A0000A685B68A260B34208463DD126F0DEFA64
:1076B000A1680029F3D12568238E04F10C0903B3D6
:1076C0000027E36ADFF878A0B8460BE026F0CEFA90
:1076D000E36AC6F80080218EC6F804800137BAB28A
:1076E00091420FD9BEB203EBC60671680846002965
:1076F000EFD02B685B685345E8D028469847E36A8B
:10770000E7E7E36A00214FF6FF7299452186A286DA
:1077100007D02A680A4952688A420BD1184626F0D7
:10772000A5FA2046BDE8F08728469847A1680029B9
:10773000B5D1C0E72846194690472046BDE8F087F6
:107740007173020038B50B4C94F8345205B138BD52
:10775000201D25F0C9F9201D022184F8745224F05F
:107760005BF90123C4E90553201DBDE8384025F02D
:10777000CBB900BFC48200202DE9F041051D0446AD
:107780000027284625F0B0F94FF0010828460221CD
:1077900084F8747224F040F93D4967612846C4F8C2
:1077A000188025F007FC3B49284625F003FC3A49A0
:1077B000284625F0FFFB284625F0A6F9226F374B17
:1077C0003749092AC3E9001724DCA66F6EB3D4F841
:1077D000A430002B4BD0D4F8D030002B49D0D4F8B3
:1077E000FC30002B47D0D4F82831002B45D0D4F8FA
:1077F0005431002B43D0D4F88031ABB1D4F8AC3144
:10780000002B3ED0D4F8D831002B3CD0D4F8043231
:10781000002B3AD0234924484FF0FF3625F0CAFB0D
:10782000C4F82C62BDE8F08106262C2505FB064530
:1078300040F6B83301221D49C5F884300023C5F84D
:107840008C30C5F8943085F89830EC67A96785F8D6
:107850008020C5F8882085F8902026F0C5F9686753
:10786000236FC4F82C6201332367BDE8F0814646DC
:10787000DBE70226D9E70326D7E70426D5E7052666
:10788000D3E70726D1E70826CFE70926CDE700BFD3
:1078900028E1050030E105003CE105000C6A00200C
:1078A0005D9F020048E10500148D0020DD7202009A
:1078B0002DE9F041051D04460027284625F014F95E
:1078C0004FF001082846022184F8747224F0A4F8CD
:1078D0003F4967612846C4F8188025F06BFB3D4995
:1078E000284625F067FB3C49284625F063FB3B49C9
:1078F000284625F05FFB284625F006F9226F384B15
:107900003849092AC3E9001724DCA66F6EB3D4F8FE
:10791000A430002B4BD0D4F8D030002B49D0D4F871
:10792000FC30002B47D0D4F82831002B45D0D4F8B8
:107930005431002B43D0D4F88031ABB1D4F8AC3102
:10794000002B3ED0D4F8D831002B3CD0D4F80432F0
:10795000002B3AD0244925484FF0FF3625F02AFB6A
:10796000C4F82C62BDE8F08106262C2505FB0645EF
:1079700041F2707301221E49C5F884300023C5F816
:107980008C30C5F8943085F89830EC67A96785F895
:107990008020C5F8882085F8902026F025F96867B2
:1079A000236FC4F82C6201332367BDE8F08146469B
:1079B000DBE70226D9E70326D7E70426D5E7052625
:1079C000D3E70726D1E70826CFE70926CDE700BF92
:1079D00028E1050060E105003CE105006CE10500DF
:1079E0000C6A00205D9F020048E10500148D002014
:1079F000DD7202002DE9F0418B8E4FF6FF7293424B
:107A000082B00C46054616D0CA6AD90902EBC102FB
:107A100003F07F01526832F83100A08602EBC10208
:107A200000204FF6FF71107128462A60AB80D1808C
:107A300002B0BDE8F081098E2768002932D1638E3B
:107A4000002B00F085800123E66A5A4A23864FF412
:107A500080604FF080083B681B68934274D126F029
:107A6000EBF8238EE76A7060013B9BB207EBC30122
:107A700000284A6808BF4FF000080020A6F80080E0
:107A8000708022B137F83360488886422ED80121B1
:107A900000224FF6FF73284621712A60AB8002B0A6
:107AA000BDE8F081E66A4B1E9BB206EBC30E304682
:107AB000DEF804202AB1BEF802C036F83380E04573
:107AC0001CD8638E994223D03A4A4B1C9BB2B3F523
:107AD000007F00EBC106238615BF4FF480604FF492
:107AE0007E704FF080084FF07F08B4E700EBC313BF
:107AF000441C9BB202EBC0024C8091E70CEBC31319
:107B00000CF101019BB202EBCC02AEF8021087E748
:107B1000B3F5007FBBD004F10C025B0096421FFA64
:107B200083F83B6816D024489B6883424FEAC8011B
:107B300035D1304632F090FE0028A8D01D4A218E63
:107B4000E062A4F83280C0E701463846984788E7EB
:107B5000E66AE0E7174A1B68019293424FEAC800C1
:107B600022D126F069F8019A002890D0D6F800C0FA
:107B70007168B368D6F80CE0C0F80CE0C0F800C03B
:107B800041608360D6F810C07169B369D6F81CE013
:107B9000C0F81CE0C0F810C041618361CFE70A461D
:107BA000384631469847C7E7014638469847019A14
:107BB000DAE700BF79730200817302002DE9F0411A
:107BC0008B8E4FF6FF72934282B00C46054611D061
:107BD000CA6AD90902EBC10203F07F01526832F888
:107BE0003100A08602EBC10228462A60AB8002B0B9
:107BF000BDE8F081098E2768002932D1638E002B01
:107C000000F085800123E66A594A23864FF480609C
:107C10004FF080083B681B68934274D126F00CF843
:107C2000238EE76A7060013B9BB207EBC30100281B
:107C30004A6808BF4FF000080020A6F80080708056
:107C400022B137F83360488886422ED801210022BD
:107C50004FF6FF73284621712A60AB8002B0BDE861
:107C6000F081E66A4B1E9BB206EBC30E3046DEF88F
:107C700004202AB1BEF802C036F83380E0451CD893
:107C8000638E994223D03A4A4B1C9BB2B3F5007FD6
:107C900000EBC106238615BF4FF480604FF47E7061
:107CA0004FF080084FF07F08B4E700EBC313441C8B
:107CB0009BB202EBC0024C8096E70CEBC3130CF1B5
:107CC00001019BB202EBCC02AEF802108CE7B3F5D7
:107CD000007FBBD004F10C025B0096421FFA83F8D0
:107CE0003B6816D023489B6883424FEAC80135D1D0
:107CF000304632F0B1FD0028A8D01D4A218EE06246
:107D0000A4F83280C0E701463846984788E7E66A1B
:107D1000E0E7174A1B68019293424FEAC80022D15C
:107D200025F08AFF019A002890D0D6F800C071682B
:107D3000B368D6F80CE0C0F80CE0C0F800C04160B1
:107D40008360D6F810C07169B369D6F81CE0C0F83A
:107D50001CE0C0F810C041618361CFE70A46384695
:107D600031469847C7E7014638469847019ADAE70F
:107D7000797302008173020070B5456A6A1C1F2A7C
:107D800004460E4604D8631962621E71012070BD5C
:107D90004319014600251D7151F8040B25F074FDAF
:107DA00008B10122EFE7656A002DFAD070BD00BF6F
:107DB0002DE9F84307464068BD68032D884600F169
:107DC000080613D85FFA85FC002D77D00CF1FF343C
:107DD00056FA84F4C31D002213F8011F002908BFBE
:107DE00042F00102A342F7D1002A40D0002373558C
:107DF000D7F80090BE68D9F80830A3B106F1070C97
:107E00008444DA8896420BD13EB3C21DDC1D01E0EA
:107E1000944522D012F8011F14F8015FA942F7D04F
:107E20001B68002BEDD1B6F5803F7D68D9F8004086
:107E300034D2236828489B68834206F1090140D167
:107E4000284632F009FD034643B33A68DE80916864
:107E5000196000219360796002E09A8801329A806B
:107E60000522C8F8003088F80420BDE8F883022312
:107E700088F80430037A88F80030BCF1010F08D08C
:107E8000437A88F80130BCF1020F02D0837A88F877
:107E90000230002308F80530BDE8F88323680F4A54
:107EA0005B68934213D02946204698473A680023DE
:107EB0009268012189F804101A60FFDE02230B7119
:107EC000E7E70A462046294698470346BCE7284686
:107ED00025F0CCFEEAE700BF817302007173020057
:107EE0002DE9F04745684DB18368EA88934204461E
:107EF0000E4605D01D440133A3602E72BDE8F08705
:107F00005B00D0F800905F1CB7F5803FD9F8008087
:107F100012D2D8F800201549D2F808A08A4503F1FA
:107F20000A021CD11146284632F096FC20B1C780C7
:107F3000A36860600546DDE7D8F800300C4A5B684E
:107F4000934208D1284625F091FE0122002389F8AA
:107F500004206360D2E7294640469847F5E7294662
:107F60004046D0470028E2D1E6E700BF8173020017
:107F70007173020003792DE9F0470C46D9070546D5
:107F800037D4DA0624D413F0600F1DD02E884FF6B4
:107F9000FF77BE4215D0E36AF20903EBC20306F095
:107FA0007F09D3F8048008EBC900B246C688214691
:107FB000FFF7E0FFA38E28F83930BE42A4F834A0C2
:107FC000E9D14FF0FF332B6000232B71BDE8F08720
:107FD0002A884FF6FF718A4237D0E16AA68ED0090F
:107FE00001EBC00102F07F00496821F83060A286F1
:107FF000C9E7A0682A6826680028C2D0824216D045
:10800000014600680028BCD08242F9D18288013A3A
:1080100092B28280002AB4D103680B6033680C4AA4
:108020005B6893420CD125F021FE2B79A9E7828869
:10803000013A92B28280002AA3D10368A360EDE7DF
:108040000146304698472B799BE700231B80FFDED3
:10805000717302002DE9F04F0E46097885B02B2987
:10806000009000F0FD802D2940F0B880717801204B
:1080700001900644A1F13000C0B2092800F2B68098
:10808000DFF8F893C0B20021002400254FF09938A2
:1080900016F801BF2418ABF13007FFB241EB05051C
:1080A0004FEA850E092F6FEA07024FF0FF334FEAC0
:1080B000840C4EEA947EF8B24FF0000100F21E816B
:1080C000A94508BFA0450BD31CEB040C4EEB050ED5
:1080D0001CEB0C044EEB0E05AB4208BFA242D7D2FC
:1080E0004FF0000A0023204629460A2231F0D4FA34
:1080F000A946A0461FFA8AF3B9F5200F03F1010A39
:1081000008BFB8F1000F04460D460FFA8AFAE9D20B
:10811000092F0BD802339B1B06EB030A16F801BF8D
:10812000ABF13002092A0FFA8AFAF5D9BBF12E0F0A
:1081300000F0B6800BF0DF03452B60D0BBF1000FE1
:1081400056D10AF126034C2B00F2FC80002D08BF0B
:10815000B4F5000F80F0F68007EE904ABAF1000FF8
:10816000F8EEE77A40F36481BC4B1AF0010F1CBFB4
:1081700093ED007A67EE877A5FEA6A0223D0D00730
:1081800044BF93ED017A67EE877A5FEAAA021AD0BC
:10819000D10744BF93ED027A67EE877A5FEAEA027D
:1081A00011D0D20744BF93ED037A67EE877A5FEA76
:1081B0002A1A08D0BAF1010F0CBF93ED047A93ED9F
:1081C000057A67EE877A019B0BB1F1EE677A009A28
:1081D0000123C2ED027A137010460DE000200190D9
:1081E000A1F13000C0B209287FF64AAF2E2953D042
:1081F000009A00231370104605B0BDE8F08F96F882
:1082000001B0BBF12D0F36D0BBF12B0F00F0F08089
:10821000ABF13003DAB2092A06F101068ED80AEB77
:108220000302B2F59A7F00F3D780002706E002EB45
:10823000400303EB0A02B2F59A7F79DC16F801BF1E
:10824000ABF13002D1B2092903EB8300EFD9002F43
:1082500040F0C7809A44BBF1000F3FF472AFC7E70C
:10826000717800200190A1F13000C0B2092806F118
:108270000106BBD804E796F802B0ABF13003DAB2DE
:10828000092A06F102063FF659AF0AEB0302B2F5DE
:108290009A7F4FDC0127D1E7002400254FF0000A28
:1082A00096F801B0ABF13000C0B2092806F1010622
:1082B0003FF640AF6A4B4FF099329D424FEA85013D
:1082C00008BF94424FEA840741EA94710ED23F19E5
:1082D00045EB010117EB070841EB01090AF1FF3AF1
:1082E00018EB00040FFA8AFA49F1000516F801BFED
:1082F000ABF13000C0B20928DFD91BE7BBF1000F9A
:1083000040F0D280019B8BB1B5F1004F08BF012C2A
:10831000BFF4E6AE644265EB45050223009A1046C1
:10832000C2E90245137005B0BDE8F08F0323F5E7FD
:10833000002F51D000994FF00042012308468A6077
:108340000B7059E72046294630F01AFDBAF1000FAC
:1083500079DD444C1AF0010F7AD15FEA6A032DD01F
:10836000DF0700F18D805FEAAA0327D0DE0700F166
:108370008C805FEAEA0321D0DD0700F18B805FEAA1
:108380002A131BD0DA0700F18A805FEA6A1315D03E
:10839000DB073ED45FEAAA1310D0DF073ED45FEAC2
:1083A000EA130BD0DE073ED45FEA2A2306D0DD07AE
:1083B00044D45FEA5A231CBF2B490020019B13B110
:1083C00001F100431946009A0423C2E90201104654
:1083D000137005B0BDE8F08F019B0020BBB12349AD
:1083E000F1E7AAEB030ABBF1000F3FF4AAAEFFE6E8
:1083F00096F802B0ABF13003DAB2092A06F10206B0
:108400007FF60DAFBBF1000F3FF49BAEF0E61849CD
:10841000D9E7D4E90A2330F0E9FCBBE7D4E90C231F
:1084200030F0E4FCBBE7D4E90E2330F0DFFCBBE71F
:10843000CAF1000A3FF4C7AE0E4B96E6D4E910230A
:1084400030F0D4FCB5E7CAF1000AB7D00A4C81E796
:10845000D4E9002330F0CAFC7FE700BF7CF10500BF
:1084600099990100E0F105000000F87F0000F0FF9D
:108470000000F07F64F1050098F1050099999919C1
:10848000D4E9022330F0B2FC6DE7D4E9042330F0E4
:10849000ADFC6EE7D4E9062330F0A8FC6FE7D4E921
:1084A000082330F0A3FC70E7B5F5801F08BF002C4F
:1084B000BFF416AE4FF0000A38E600BF2DE9F843CE
:1084C000494C1646C2EBC20204EB82041D46D4E9B5
:1084D0000438002BD4F81890074622DD0122013918
:1084E00004297FD8DFE801F062584E2603002B46AE
:1084F000324601213846FFF7E1FF2B463246022182
:108500003846FFF7DBFF2B46032132463846FFF79C
:10851000D5FFD4E90438002BD4F818904FF00401AB
:10852000DCDCB8F1000FD9DCB9F1000FD4BF0022B8
:108530000122D4E72D4C05FB03F384FB03211944EE
:10854000DB17A3EBE11105FB08F8FF310B2028F046
:1085500031FD84FB083141444FEAE878A8EBE11192
:1085600005FB09F5FF310D2028F024FD84FB0531C2
:108570002944ED17A5EBE111FF31BDE8F8430C20CC
:1085800028F018BD12B1BB68002B1FDCBDE8F84312
:108590000021062028F00EBD12B1BB68002B1BDCA9
:1085A000BDE8F8430021082028F004BD12B1BB68E3
:1085B000002B05DCBDE8F8430021072028F0FABCB9
:1085C00029460720BDE8F84328F0F4BC29460620D8
:1085D000BDE8F84328F0EEBC29460820BDE8F84382
:1085E00028F0E8BCBDE8F883146A00208180808010
:1085F0000A4B0B4ADB682C2101FB0323DB6913F0D8
:10860000010F4FF0960304D0064800220421FFF723
:1086100055BF044801220421FFF750BFF87D002018
:108620003C7C0020287C00200A4B0B4A1B692C2133
:1086300001FB0323DB69DB0705D50848FF23002284
:108640000521FFF73BBF052204481146FF23FFF732
:1086500035BF00BFF87D00203C7C0020287C002036
:108660002DE9F041344E354D73682C2202FB035343
:108670002DED028BDB69012B31D0314C20461CF0F3
:1086800083FA20461CF098FB2046B0EE408A1CF08E
:1086900077FBB4F84C30B4F84410A26C01331BB231
:1086A0008B42A4F84C30AABF0023DB00A4F84C3066
:1086B000134483ED008A83ED010A94F84E30994209
:1086C000C4BF013384F84E3073682C2202FB03557B
:1086D000E969052918D0BDEC028BBDE8F081194B82
:1086E0001B78002BC9D0184A1848116803684B61E1
:1086F000052200240227C1E90072C1E902240C61AD
:108700001146FFF7DBFEB8E70E4B1B78002BE2D0DB
:10871000BDEC028B0C4B0D481A68056855610023AF
:108720000124C2E90043C2E903339160BDE8F0418E
:108730001A46FFF7C3BE00BF4476002088740020AD
:108740005C7B0020347C0020387C0020287C0020CA
:1087500070B5294C294D064600222046012119F00A
:10876000EDFA10222046092118F0F6F820460421DF
:1087700019F0A2FC3146204619F076FC2846204923
:10878000204E122219F094FD0D221F49284619F09F
:108790008BFD284604F5C86419F0C4FD304619F075
:1087A00067FE0621204616F05BFE204616F040FECE
:1087B000204640F2C13116F067FE204640F2C23139
:1087C00016F062FE3146204616F0EEFD204616F009
:1087D00001FE2046012116F089FE2046F4222021C8
:1087E00016F080FE20461E2116F07AFE204600215B
:1087F000BDE8704016F0DABE749900206C7300205A
:1088000078E10500B47300208CE1050000232DE918
:10881000F041C0E90933C0E90B33C0E90D33054627
:108820008846174625F0E0F905F5FC76044605F183
:10883000400318462C22002131F088F9034643F802
:108840002C4BB342F5D10024EC633C2027F062FDB1
:108850006FF060439F424FF0050268602C8134BF87
:10886000B8004FF0FF30AC722A8027F053FD002F84
:10887000C5E9030711DDA8F1040404EB8707C8F17B
:10888000040808EB0406022154F8040F28F01AFC2F
:10889000EB6822689A51A742F3D12846BDE8F081DF
:1088A0000389018801331BB28B4270B5038145688F
:1088B000B5BF03EB430300239B0003810446002262
:1088C000E818EA50C0E90122A37A9942C4BF0133F3
:1088D000A372E36B092B1BDC666CFEB1236FB3B391
:1088E000D4F89C30ABB3D4F8C830A3B3D4F8F43088
:1088F0009BB3D4F8203193B3D4F84C316BB1D4F896
:10890000783173B3D4F8A4316BB3D4F8D03163B3F6
:108910004FF0FF36C4F8F86170BD06262C2505FB24
:10892000064500230122C5E911332B6585F84C303B
:108930002B6685F864306A6585F85C2025F054F96B
:108940002864E36BC4F8F8610133E36370BD01266A
:10895000E4E70226E2E70326E0E70426DEE7052651
:10896000DCE70726DAE70826D8E70926D6E700BFBE
:1089700070B504461AF0FCFC04F11C001BF0D8FE94
:10898000174BE36125F030F904F52476054604F130
:10899000D80318462C22002131F0D8F8034643F8BA
:1089A0002C5BB342F5D10025C4F8D4503C2027F00D
:1089B000B1FC0523C4F8A400A4F8A030A4F8A85082
:1089C00084F8AA50902027F0A5FC0C2384F8B65018
:1089D000C4F8B000A4F8B450A4F8AC30204670BD80
:1089E000A0F90500F0B5002190F8AA2085B0044652
:1089F00000271BE0B4F8A830B4F8A00001331BB284
:108A0000A4F8A830834203EB4306D4F8A430ACBFEB
:108A1000A4F8A87003EB860390421960596099602E
:108A2000CABFEAB294F8AA2084F8AA20042A02F164
:108A30000105DFD90026C4E9A866C4F8A86204F5D8
:108A4000287393E8070004F5257585E80700B4F856
:108A5000B430B4F8AC7001AD85E8070001331BB247
:108A6000BB42A4F8B43095E80700BCBF03EB430356
:108A70009E00D4F8B030A8BFA4F8B4601E4486E8C5
:108A8000070094F8B6309F42C4BF013384F8B63073
:108A9000D4F8D430092B1EDCD4F8DC6016B3D4F83B
:108AA0000831002B3ED0D4F83431EBB3D4F8603128
:108AB000E3B3D4F88C31DBB3D4F8B831D3B3D4F802
:108AC000E43173B1D4F81032B3B3D4F83C32ABB361
:108AD000D4F86832A3B34FF0FF36C4F8906205B003
:108AE000F0BD06262C2505FB064500230122C5E91D
:108AF0003733C5F8E83085F8E430C5F8F83085F844
:108B0000FC30C5F8EC2085F8F42025F06DF8C5F8A8
:108B1000D800D4F8D430C4F890620133C4F8D4300B
:108B200005B0F0BD0126DDE70226DBE70326D9E725
:108B30000426D7E70526D5E70726D3E70826D1E799
:108B40000926CFE72DE9F84304462DED028B25F0E9
:108B50004BF8D4F8BC30022B07D0012B36D0BDEC3B
:108B6000028B9FED2B0ABDE8F883054604F11C0932
:108B700004F1580804F17C0740F6B83620461AF094
:108B800029FC3A4641464846B0EE408A1BF0DAFEE0
:108B9000D4ED1B8A25F028F8431BB3420FD8B5EE5D
:108BA000C08AF1EE10FAE9DDF5EEC08AF1EE10FAB6
:108BB000E4DD38EE680ABDEC028BBDE8F8831549A8
:108BC000154824F0F7F938EE680AF4E725F00CF8B8
:108BD00040F6B836054604E0B5EEC08AF1EE10FA6C
:108BE0000DDC20461AF0F6FBB0EE408A24F0FCFFC4
:108BF000401BB042F0D90949074824F0DBF984ED65
:108C0000318ABDEC028B9FED020ABDE8F88300BFFC
:108C1000000000009CE10500148D0020C8E1050063
:108C200070B5274A2DED028B5D2105461AF0A2FB97
:108C300000283FD104462349234824F025F9234B3B
:108C40001C7005F11C061E4A304600235C211BF0F7
:108C500083FD044648BB1E491B4824F015F91D4BF3
:108C60001C701D4BC5F8D03002221C4BC5F8BC202F
:108C7000C5F8AC32C5F8B0322846FFF7B3FE142071
:108C800024F0BEFF9FED168A05242846FFF75AFF01
:108C9000013C38EE008AF8D1DFED127A28EE278AFF
:108CA00085ED328ABDEC028B70BD304603211BF08E
:108CB000D1FCD6E7032128461AF0B0FBC1E700BF7C
:108CC0009C8B0020F0E10500148D00201C77002013
:108CD00014E20500F0760020CDCCCC3D00004040F1
:108CE00000000000CDCC4C3E10B504461AF072FBDB
:108CF000D4F8BC3084ED300A022B35D0B5EEC00A72
:108D0000F1EE10FA2FDD94ED317AB5EEC07AF1EE86
:108D100010FA28DDB4F8A830B4F8A010D4ED327AF7
:108D2000D4F8A42001331BB28B4270EE677AA4F80A
:108D3000A830B4BF03EB4303002377EEC77AB4BF78
:108D40009B00A4F8A8301344C4ED337A83ED000AE5
:108D500083ED017AC3ED027A94F8AA309942C4BF38
:108D6000013384F8AA3010BD04F17C0204F15801EB
:108D700004F11C001BF0E6FD94ED1B7A94ED300A23
:108D8000B5EEC07AF1EE10FAB8DDB5EEC00AF1EE3C
:108D900010FA84ED317ABDDCE5E700BF70B504461A
:108DA0001BF0FCFD502027F0B5FA00250A23238490
:108DB0006062258584F82A50282027F0ABFA052622
:108DC0002063A58684F83650A685282027F0A2FACD
:108DD000A4F84050E06384F842502687282027F00A
:108DE00099FA84F84E50A064A4F84C50A4F844605A
:108DF000204670BD038D018C013300221BB2026539
:108E000042658265C265026642668266C266026724
:108E100042678B42426A0385AABF0023DB000385B9
:108E2000134430B400241C605C6090F82A30828DBA
:108E3000046B9942C4BF013380F82A30838E01331A
:108E40001BB293428386ACBF0023DB0004EB030517
:108E50004FF00001A8BF8386E150696090F836307A
:108E60009A42C4BF013380F83630B0F84030028FE8
:108E700001331BB29342A0F84030A4BF0023A0F8F6
:108E80004030C46BB8BFDB00E5180021E1506960D9
:108E900090F842309A42C8BF013330BCC8BF80F856
:108EA000423070470000000010B52DED048B90EDAE
:108EB000158AD0ED148AB3EE0E7A77EE487A37EE43
:108EC000687A67EEA77A0446E7EE077AF1EEE77A6A
:108ED00017EE900A2FF032FF5FA3D3E900232FF0A3
:108EE00085FF30F07BFA94ED177AD4ED167AC4F84A
:108EF000C00067EE076AE7EEA76AF5EEC06AF1EE1A
:108F000010FA1FDD77EEE87A37EE487A67EEA77A37
:108F100009EE100AE7EE077AF1EEE77A17EE900A0B
:108F20002FF00CFF4CA3D3E900232FF05FFF30F0AC
:108F300055FA07EE900AB4EEE79AF1EE10FAC8BFC0
:108F4000C4ED307A94ED197AD4ED187A67EE076A99
:108F5000E7EEA76AF5EEC06AF1EE10FA1FDD77EED4
:108F6000E87A37EE487A67EEA77AE7EE077AF1EE0D
:108F7000E77A17EE900A2FF0E1FE37A3D3E900233A
:108F80002FF034FF30F02AFA94ED307A07EE900A91
:108F9000F4EEC77AF1EE10FA48BFC4ED307A94EDE2
:108FA0001B7AD4ED1A7A67EE076AE7EEA76AF5EE48
:108FB000C06AF1EE10FA1FDD77EEE87A37EE487AF4
:108FC00067EEA77AE7EE077AF1EEE77A17EE900AF6
:108FD0002FF0B4FE20A3D3E900232FF007FF30F0D9
:108FE000FDF994ED307A07EE900AF4EEC77AF1EECF
:108FF00010FA48BFC4ED307A94ED1D7AD4ED1C7A96
:1090000067EE076AE7EEA76AF5EEC06AF1EE10FABE
:109010001FDD77EEE87A37EE488A67EEA77AE8EE4A
:10902000087AF1EEE77A17EE900A2FF087FE0AA38E
:10903000D3E900232FF0DAFE30F0D0F994ED307A46
:1090400007EE900AB4EEE77AF1EE10FAC8BFC4ED6D
:10905000307ABDEC048B10BDCC3B7F669EA0E63F12
:1090600030B560EEA07A2DED088BE0EE007A83B08B
:109070000446B5EE007AF4EEC77AF1EE10FA0D462A
:10908000C0F29A80D1ED148AD1ED247A91ED158A3F
:1090900030EE680AF8EEE78AD1ED257A60EE288A8C
:1090A00030EEC88AF8EEE77AF5EEC08A28EE278A15
:1090B000F1EE10FA4CBF01200020B5EEC08ACCBF03
:1090C00001220022121AF1EE10FA07EE902ACCBF0C
:1090D000012300234CBF012100215B1AF8EEE7AA0F
:1090E00007EE903AF0EE680AB0EE480AB8EEE7AA4A
:1090F0002DF0B8F8B0EE409A2CF0E4FD28EE08BA56
:10910000F0EE409AB0EE490AA8EEA8BA2CF022FE82
:1091100095ED309A69EE097AF4EECB7AF1EE10FA19
:109120000BD869EE298A29EE008AF0EEE88AB0EEC3
:10913000C88A68EEAA8A28EE0A8A79EE288ADFEDC4
:10914000310ADFED317A68EEA08A79EE099A88EE6D
:10915000A97A77EE676AB4EEE77AF1EE10FA16EEC6
:10916000900A38DB2FF0EAFD284B00222FF088FC14
:1091700030F0ECF89FED237ADFED237A206038EEB3
:10918000098A28EE078A88EE297A77EE676AB4EEB4
:10919000E77AF1EE10FA16EE900A25DB2FF0CEFDFD
:1091A0001A4B00222FF06CFC30F0D0F860602046A3
:1091B00003B0BDEC088B30BD9FED150AF7EE009AA9
:1091C000B0EE40BAB0EE40AAF0EE40AAB0EE408A4F
:1091D000F0EE408A9CE72FF0B1FD0C4B00222FF0FF
:1091E0004DFC30F0B3F8C5E72FF0A8FD074B002287
:1091F0002FF044FC30F0AAF86060204603B0BDECCC
:10920000088B30BD00000045000080440000E03FB6
:10921000000000002DE9F0432DED068B83B002AC79
:1092200004E90C00DDE9003707EE907A07EE103A0A
:10923000F8EEE77AB8EEC77A67EEA77A91F8A4203D
:10924000E7EE077A0C460546B1EEE78A002A00F001
:10925000AA8094F8A520D1ED2B7AF8EEE77A002ABF
:1092600000F0A880B4EEE78AF1EE10FAD4F8B4600A
:1092700040F2A88018462FF04FFD02460B463846B4
:1092800043EC192B2FF048FDB0EE491AF0EE691AA5
:1092900041EC100B2CF0A8FD51EC100B30F09EF8B7
:1092A00007EE906AF8EEE77A09EE900AB4EEE78AE4
:1092B000F1EE10FAC0F2AB8000EE100A2CF002FDC5
:1092C000DFEDA27A60EE277AF0EE408AF5EEC07A02
:1092D000F1EE10FA17EE900AC0F20B812FF02EFD7E
:1092E0009B4B00222FF0CCFB30F030F809EE100A37
:1092F000B0EE690A2CF02EFDDFED947A60EE277A4D
:10930000B0EE408AF5EEC07AF1EE10FA17EE900A50
:10931000C0F2FA802FF012FD8D4B00222FF0B0FB2F
:1093200030F014F807EE900AF8EEE77AF8EEC96A22
:1093300027EEA77A9FED856ADFED865AA6EEA67A1C
:10934000F1EEC77AFDEEE77AF8EEE77AF4EEC67A48
:10935000F1EE10FA88BFF0EE467AF4EEE57AF1EE1F
:1093600010FAB8BFF0EE657A68EEA78A28EE278A71
:1093700018EE900A2FF0E2FC804618EE100A89469B
:109380002FF0DCFCF5EEC08AF1EE10FA06460F462F
:109390001EDA6F4B0022404649462FF06FFB2FF03C
:1093A000D5FF04461DE094F8A520DFED6A7A002A77
:1093B0007FF458AFB4EEE78AF1EE10FA4FF480660E
:1093C0003FF658AF002600279FED628AB046B946A7
:1093D0005F4B0022404649462FF052FB2FF0B6FF6C
:1093E0000446B5EEC08AF1EE10FA594B30463946C4
:1093F0004FF000026DDB2FF043FB2FF0A7FFC5E914
:109400000040284603B0BDEC068BBDE8F083FDEEBE
:10941000C87AD4F8AC20D4F8B430DFED4C6A17EE3B
:10942000901A9B1A8A1A07EE902A07EE103AF8EE65
:10943000E77AB8EEC77A67EEA67AC7EE876AF5EEE6
:10944000C06AF1EE10FA16EE900A47DB2FF076FCB8
:109450003F4B00222FF014FB2FF078FF09EE100A8B
:10946000B0EE690A2CF02EFCB8EEC99AF0EE408AF4
:1094700069EE007AF5EEC07AF1EE10FA17EE900A76
:1094800058DB2FF05BFC324B00222FF0F9FA2FF063
:109490005DFF0AEE100AB0EE690A2CF05BFC29EEC3
:1094A000009AB0EE408AB5EEC09AF1EE10FA19EECD
:1094B000100A34DB2FF042FC254B00222FF0E0FA9B
:1094C0002FF044FF07EE900AF8EEE77AF8EECA6A4A
:1094D0002EE72FF0D3FA2FF039FF90E72FF02EFC74
:1094E0001B4B00222FF0CAFA2FF030FF09EE100AB2
:1094F000B6E72FF023FC164B00222FF0BFFA2FF017
:1095000025FF09EE100AF3E62FF018FC104B00229D
:109510002FF0B4FA2FF01AFF07EE900A04E72FF0AD
:109520000DFC0B4B00222FF0A9FA2FF00FFF07EED6
:10953000900AC9E72FF002FC054B00222FF09EFA9B
:109540002FF004FF0AEE100AA5E700BF00008044D8
:109550000000E03F00000000F0B52DED048B044654
:1095600083B01BF011FB20461BF026FC2046B0EE1A
:10957000408A1BF005FC676AB4F9286084ED1E8AF6
:1095800007EBC60384ED1F0AD3ED007A93ED019A31
:1095900078EE677AF0EE408AF0EEE77A17EE900AFE
:1095A0002FF0CCFB44A3D3E900232FF091FE002839
:1095B0007DD038EEC99AF0EEC97A17EE900A2FF0F6
:1095C000BDFB3DA3D3E900232FF082FE051E18BF8B
:1095D0000125228C84F8C450731C1BB2934223854E
:1095E000B2BF07EBC3070023238587ED008AC7EDD1
:1095F000018A94F82A309A42C4BF013384F82A3091
:10960000002D50D16E46304694ED1E0AD4ED1F0A4F
:109610002146FFF725FD96E80300A38EA78D04F1F0
:10962000800282E80300581C00B2236BA086B84277
:10963000D4E920ECB8BFC50003EB0501A8BFA5869F
:1096400043F805E0C1F804C094F836309F42C4BF27
:10965000013384F836300CCA30462146FFF7DAFD74
:10966000B4F84030228F96E8030001331BB204F1B6
:10967000880585E803009342E16BA4F84030ACBF55
:109680000023DB00064601EB0300A8BFA4F840302E
:10969000D4F88C50CE50456094F842309A42C4BF02
:1096A000013384F8423003B0BDEC048BF0BD0546B5
:1096B0008FE700BFAFF300809A9999999999B93FC4
:1096C00070B5002384B00446D64A00F8043BD64B5C
:1096D00002934FF0FF33CDE900328021D34B40227B
:1096E00022F042FE24F080FA04F50B7604F17403B4
:1096F000054618462C22002130F028FA034643F88C
:109700002C5BB342F5D100254FF480724FF0FF334C
:109710000126C4E98F332567C4F83852C4F844528F
:1097200084F87452A4F8342284F86C6224F05CFA51
:109730000C220A23C4E99E02C4F88032C4E9A15570
:10974000C4F88C52BA4904F5267023F07DFF84F8E2
:10975000B052B84904F52D7023F076FFB64904F5F0
:10976000307023F071FFB54904F5337023F06CFFBE
:10977000B34904F5367023F067FFB24904F5397038
:1097800023F062FFB04904F53C7023F05DFFAF4960
:1097900004F53F7023F058FFAD4904F5427023F003
:1097A00053FFAC4904F5457023F04EFFAA4904F578
:1097B000487023F049FFA14904F54B7023F044FFA2
:1097C000A54904F54E7023F03FFFA44904F55170FC
:1097D00023F03AFFA14904F5547023F035FFA04966
:1097E00004F5577023F030FF9E4904F55A7023F0BA
:1097F0002BFF9D4904F55D7023F026FF964904F583
:10980000607023F021FF994904F5637023F01CFF79
:10981000974904F5667023F017FF8E4904F56970C7
:1098200023F012FF8C4904F56C7023F00DFF914971
:1098300004F56F7023F008FF8F4904F5727023F070
:1098400003FF8E4904F5757023F0FEFE824904F58E
:10985000787023F0F9FE8A4904F57B7023F0F4FE5A
:10986000884904F57E7023F0EFFE874904F2044036
:1098700023F0EAFE854904F5826023F0E5FE844981
:1098800004F21C4023F0E0FE824904F5856023F0D9
:10989000DBFE814904F2344023F0D6FE7F4904F513
:1098A000886023F0D1FE6C4904F24C4023F0CCFEDA
:1098B0007B4904F58B6023F0C7FE7A4904F26440CB
:1098C00023F0C2FE784904F58E6023F0BDFE6249A4
:1098D00004F27C4023F0B8FE744904F5916023F053
:1098E000B3FE654904F2944023F0AEFE634904F5EB
:1098F000946023F0A9FE584904F2AC4023F0A4FE82
:109900005C4904F5976023F09FFE5B4904F2C44074
:1099100023F09AFE594904F59A6023F095FE4E49CA
:1099200004F2DC4023F090FE614904F59D6023F0D1
:109930008BFE604904F2F44023F086FE464904F5AC
:10994000A06023F081FE3A4904F20C5023F07CFE23
:10995000594904F5A36023F077FE474904F22450E7
:1099600023F072FE454904F5A66023F06DFE3A49E6
:1099700004F23C5023F068FE504904F5A96023F03E
:1099800063FE3D4904F2545023F05EFE3B4904F56A
:10999000AC6023F059FE304904F26C5023F054FEC1
:1099A000474904F5AF6023F04FFE464904F2845066
:1099B00023F04AFE274904F5B26023F045FE26490C
:1099C00004F29C5023F040FE3F4904F5B56023F0BB
:1099D0003BFE3E4904F2B45023F036FE1D4904F527
:1099E000B86023F031FE1C4904F2CC5023F02CFE69
:1099F000374904F5BB6023F027FE364904F2E450F2
:109A000023F022FE134904F5BE6023F01DFE124927
:109A100004F2FC5023F018FE2D4904F5C16023F038
:109A200013FE59E0801A0600A08601009C8B0020DE
:109A3000BC0A060034E2050040E205004CE20500E5
:109A40005CE2050064E2050074E205007CE20500CA
:109A500084E2050090E2050098E2050024EA050092
:109A6000A4E20500B0E20500BCE2050084E10500C7
:109A7000C8E20500D0E20500D8E20500E4E20500F6
:109A8000F0E20500F8E205000CE305001CE3050028
:109A900028E305003CE305004CE305005CE305001A
:109AA00064E305006CE3050070E3050078E305005E
:109AB00084E3050094E30500A4E30500ACE305009E
:109AC000B4E30500BCE30500C8E30500D4E30500EA
:109AD000E0E30500E8E30500314904F2146023F0F7
:109AE000B3FD304904F5C46023F0AEFD2E4904F205
:109AF0002C6023F0A9FD2D4904F5C76023F0A4FDD7
:109B00002B4904F2446023F09FFD2A4904F5CA6002
:109B100023F09AFD244904F25C6023F095FD264968
:109B200004F5CD6023F090FD244904F2746023F025
:109B30008BFD234904F5D06023F086FD214904F212
:109B40008C6023F081FD04200223032205250921D6
:109B5000C4F8A4062046C4F8DC66C4F89856C4F8D5
:109B60009C36C4F8A036C4F8B036C4F8C836C4F879
:109B7000CC36C4F8D036C4F8D436C4F8D836C4F8D5
:109B8000A826C4F8B426C4F8B826C4F8BC26C4F87D
:109B9000C026C4F8C426C4F8AC1604B070BD00BF1B
:109BA000E8E3050090E2050098E205005CE30500AB
:109BB000F0E30500F8E30500FCE3050008E4050018
:109BC000B4E305004CE305002DE9F04F051D044604
:109BD0008BB02846002722F087FF4FF0010B284664
:109BE00084F87472022107AE21F016FF67612846DF
:109BF000C4F818B0022121F00FFF3349DFF8D0A0DC
:109C0000304623F021FD0DF11A090DF118080DF170
:109C1000160705AB284631460093CDE90289019726
:109C20000C23402221F0FEFEBDF8183023FA0BF37E
:109C3000C3F140030C22A382E2823146284623F07E
:109C4000D1F8304623F0A6FD5946284621F0E4FE1F
:109C500028465146CDE90296CDE9007820234022DE
:109C600021F0E0FEBDF81A3023FA0BF3C3F14003F4
:109C70002022A382E2825146284623F0B3F81349FA
:109C8000304623F0E1FC05AB009328463146CDE990
:109C9000028901973623402221F0C4FEBDF8183016
:109CA00023FA0BF3C3F140033622A382E28231464A
:109CB000284623F097F8304623F06CFD284622F022
:109CC00023FF0BB0BDE8F08F44E3050014E405006A
:109CD000486B002030B5044683B004300025019065
:109CE00022F002FF019884F87452022121F094FEC0
:109CF00001236561A36103B030BD00BFF8B5044620
:109D0000051D28460221D4F8A072002621F084FE09
:109D10000123A361E67723F067FFD4F87832C01AF5
:109D2000632800D8F8BD23F05FFFD4F84C321949FE
:109D3000C4F878021B01E382A682284623F076F855
:109D4000D4F84C32D4F87C22A2821B01E38204F5C1
:109D50002671284623F046F8D4F84C320E49A682E4
:109D60001B01E382284623F061F8284622F0CCFE4E
:109D70000A4BD4F87C221968A7EB8703521AB2EB7E
:109D8000830FB8BFB4F91030C4F87C22B8BFC4F850
:109D90007C32F8BD2CE4050050E40500EC630020A3
:109DA0002DE9F843D0F88422D0F84432DFF8B480AB
:109DB0002B4FDFF8B4901344032BA8BF0323061DD9
:109DC0000446C0F84C320221304621F025FE002521
:109DD0000123A3616561D4F84C32AB422CD0D4F896
:109DE0008432AB4239463046DCBF4146304623F030
:109DF000E1F80135042DEED1304622F085FED4F88D
:109E00004412D4F88432D4F894220B4403EB430177
:109E1000C4F8483202EB810104F5267023F0C2FC3D
:109E2000D4F88032D4F8A022013B934209D3002316
:109E300084F87432BDE8F8834946304623F0BAF816
:109E4000D7E70C23012284F87422C4F87C32C8209E
:109E500023F0D6FE2046BDE8F843FFF74FBF00BF12
:109E6000BC0A060024EA050050E40500F8B50546E2
:109E7000061D3046002422F037FE304685F8744235
:109E8000022121F0C9FD324F6C610123AB61D5F88D
:109E90008432A3423946304604EB44021CDC22F0F3
:109EA000C5FFD5F88832D5F89412234403EB430359
:109EB00001EB8301304623F037F80134042CE6D15E
:109EC000D5F83832032B0ED0304622F01DFE28463E
:109ED000BDE8F840FFF764BFD5F8941201EB8201AA
:109EE00023F022F8E9E7D5F850324FF48032012B05
:109EF000AA6116D0022B0CD0304622F005FE0123B9
:109F00003046AB6122F000FE2846BDE8F840FFF77E
:109F100047BF104B6B6105F55D71304622F062FF63
:109F2000EAE7D5F85832012B09D0022BE4D10A4BCD
:109F30006B6105F55A71304622F054FFDCE70C23C3
:109F40006B6105F55771304622F04CFFD4E700BF36
:109F500024EA05000C0020000C00100010B5044697
:109F600000F52D7100F2746023F01CFCD4F8D806C3
:109F70000623C4F8383204F5CD6100230222C4E977
:109F8000A401C4F88422C4F84432C4F888322046BC
:109F9000BDE81040FFF76ABF38B5044623F024FE41
:109FA00094F87432C4F8AC0233BBD4F84432D4F819
:109FB000902201339342C4F8443213DAD4F8842255
:109FC0001344032B09DDD4F888320133C4F88832F6
:109FD0002046BDE83840FFF749BF2046BDE838407D
:109FE000FFF7DEBE0023C4F84432C4F888322046AE
:109FF000BDE83840FFF73ABFD4F848320A491B01A0
:10A000000022251DE382A282284622F00FFFD4F809
:10A0100048320C221B012846E382A28204F52671F5
:10A0200022F0E0FEC1E700BF2CE40500F0B589B0E6
:10A0300016B20DF11E0207AF0DF11A05039206AA22
:10A04000CDE9015704463346043000924022059082
:10A050000F4621F0E7FCBDF81C500598E6826B081E
:10A06000C3F140033946A38222F0BCFE09B0F0BD23
:10A070002DE9F04F051D04468BB04FF0000B28462C
:10A0800022F032FD01272846022184F874B221F023
:10A09000C3FC28460221C4F814B0A76121F0BCFC1F
:10A0A00005AE0DF11A0A0DF118090DF116088349D4
:10A0B00007A823F0C9FA4022CDE9006828465B468C
:10A0C00007A9CDE9029A21F0ADFCBDF81830A4F83B
:10A0D00016B0FB40C3F14003A38207A9284622F033
:10A0E00081FE07A823F056FB754907A823F0ACFAB8
:10A0F000CDE90068284607A910234022CDE9029A3D
:10A1000021F090FCBDF81830FB40C3F14003102251
:10A11000A382E28207A9284622F064FE07A823F062
:10A1200039FB3946284621F077FC664907A823F019
:10A130008BFACDE90068284607A928234022CDE9FB
:10A14000029A21F06FFCBDF81830FB40C3F14003C8
:10A150002822A382E28207A9284622F043FE07A80C
:10A1600023F018FB2846022121F056FC2846022144
:10A1700021F052FCD4F85062022E75D0032E05D087
:10A18000BE425ED05049284622F014FF284622F0F5
:10A19000BBFC236F092B25DCA66F002E32D0D4F830
:10A1A000A430002B79D0D4F8D030002B77D0D4F85D
:10A1B000FC30002B75D0D4F82831002B73D0D4F8A4
:10A1C0005431002B71D0D4F88031D3B1D4F8AC31F4
:10A1D000002B6CD0D4F8D831002B6AD0D4F80432DC
:10A1E000002B68D039493A4822F0E4FE4FF0FF36A0
:10A1F000C4F82C6223F0F8FCC4F8AC020BB0BDE844
:10A20000F08F06262C2505FB0645324942F21073D5
:10A210000122C5F884300023C5E91E1385F880307B
:10A22000C5F88C30C5F8943085F89830C5F888208A
:10A2300085F8902023F0D8FC6867236F01332367EB
:10A24000D6E7D4F85832BB4225D0022B9ED1224902
:10A2500007A823F0F9F92046302207A9FFF7E6FE08
:10A2600007A823F097FA91E71C4B63611C49284625
:10A2700022F0DCFD3946284621F0CEFB194928465C
:10A2800022F0D4FD3146284621F0C6FB1649284667
:10A2900022F0CCFD7AE71549DAE70126B2E702267B
:10A2A000B0E70326AEE70426ACE70526AAE70726B3
:10A2B000A8E70826A6E70926A4E700BF54E405009E
:10A2C00060E4050064E4050090E4050048E1050051
:10A2D000148D00204577020078E40500010030006D
:10A2E00084E4050024EA050088E405006CE4050028
:10A2F000D0F8A426032370B50446C0F8383200F520
:10A3000057760023C0E9A426C0F88432C0F844324E
:10A31000C0F88832FFF7AAFDD4F850324FF48032EB
:10A32000012BA2610FD0022B13D11B4B6361251DA2
:10A3300004F55D71284622F055FD284622F0E4FB25
:10A340000123A36170BDD4F85832012B16D0022B23
:10A3500006D0251D284622F0D7FB0123A36170BD3E
:10A360000E4B6361251D04F55A71284622F03AFD13
:10A37000284622F0C9FB0123A36170BD0C23251DD3
:10A3800063613146284622F02DFD284622F0BCFBB1
:10A390000123A36170BD00BF0C0020000C00100061
:10A3A0002DE9F041061D04460027304622F09CFBB3
:10A3B0004FF001083046022184F8747221F02CFB22
:10A3C0003C4967613046C4F8188022F0F3FD3A49F1
:10A3D0003A4D304622F0EEFD3949304622F0EAFD92
:10A3E0003849304622F0E6FD304622F08DFB2B68DE
:10A3F000354A84F80080092B177023DCAE68002EE4
:10A400002BD06B6B002B45D02B6E002B44D0D5F896
:10A410008C30002B42D0D5F8B830002B40D0D5F886
:10A42000E430002B3ED0D5F81031ABB1D5F83C313B
:10A43000002B39D0D5F86831002B37D0D5F89431BE
:10A44000002B35D02149224822F0B4FD214B4FF09A
:10A45000FF361E60BDE8F08106262C2404FB06545E
:10A460001D494FF47A73012263610023C4E902138A
:10A47000E361636284F828302274A26184F82020AA
:10A4800023F0B2FB2B68606001332B60114B1E6020
:10A49000BDE8F0814646E0E70226DEE70326DCE77A
:10A4A0000426DAE70526D8E70726D6E70826D4E704
:10A4B0000926D2E798E40500A0E40500887400208E
:10A4C000ACE40500B8E405000860002048E10500A0
:10A4D000148D002044760020C9BA0200F8B5054664
:10A4E000002605F8046B0446284622F0FDFA1D49B3
:10A4F0006661284622F05EFD1B49284622F05AFD7F
:10A500001A49284622F056FD284622F0FDFA4FF45B
:10A51000FA6023F075FB94F8347297B1D4F898265A
:10A52000C4F8386204F53073C4E9A423C4F8846223
:10A53000C4F84462C4F888622046BDE8F840FFF7DA
:10A5400095BC284622F0D0FA284684F8747202217D
:10A5500021F062FA012367612846A361BDE8F84053
:10A5600022F0D2BA98E405001CF10500C4E405000D
:10A570002DE9F041041D05460027204622F0B4FADB
:10A580004FF00108204685F87472022121F044FA48
:10A590003B496F61C5F81880204622F00BFD394910
:10A5A000394D204622F006FD3849204622F002FDB2
:10A5B000204622F0A9FA3648FEF71CFC2B68354AE3
:10A5C000092B177023DCAE68002E2BD06B6B002B91
:10A5D00045D02B6E002B44D0D5F88C30002B42D0C8
:10A5E000D5F8B830002B40D0D5F8E430002B3ED061
:10A5F000D5F81031ABB1D5F83C31002B39D0D5F8B6
:10A600006831002B37D0D5F89431002B35D0224952
:10A61000224822F0CFFC224B4FF0FF361E60BDE8EF
:10A62000F08106262C2404FB06541E494FF47A734D
:10A63000012263610023C4E90213E361636284F8C9
:10A6400028302274A26184F8202023F0CDFA2B68F0
:10A65000606001332B60124B1E60BDE8F0814646FE
:10A66000E0E70226DEE70326DCE70426DAE7052634
:10A67000D8E70726D6E70826D4E70926D2E700BFA1
:10A68000D0E40500D8E4050088740020E4E4050067
:10A690005C7B00200860002048E10500148D00204C
:10A6A0004476002069E40200F8B50446051D2846FA
:10A6B00000270E4622F018FA0221284684F8747208
:10A6C00021F0AAF90123711E6761A36109292CD821
:10A6D000DFE801F04556677C91052B2B2B30544960
:10A6E000284622F067FC5349284622F063FC28469E
:10A6F00022F00AFA40F2DC5023F082FA94F8343265
:10A70000002B00F08D80D4F89816002304F53072E9
:10A71000C4E9A412C4F83832C4F88432C4F844320C
:10A72000C4F888322046FFF7A1FB2846BDE8F84070
:10A7300022F0EAB94049284622F03CFC3F4928462D
:10A7400022F038FC3E49284622F034FC28463D4998
:10A7500022F030FC2846BDE8F84022F0D5B93A494D
:10A76000284622F027FC3949284622F023FC2846B7
:10A77000374922F01FFC2846BDE8F84022F0C4B952
:10A780003149284622F016FC3049284622F012FCB6
:10A790002846304922F00EFC2846BDE8F84022F059
:10A7A000B3B92949284622F005FC2849284622F059
:10A7B00001FC2949284622F0FDFB2846274922F0C2
:10A7C000F9FB2846BDE8F84022F09EB91E4928460C
:10A7D00022F0F0FB1D49284622F0ECFB1E492846DA
:10A7E00022F0E8FB28461E4922F0E4FB2846BDE89B
:10A7F000F84022F089B91B49284622F0DBFB1A49B0
:10A80000284622F0D7FB1949284622F0D3FB2846D8
:10A810000E4922F0CFFB2846BDE8F84022F074B97B
:10A820002046FFF757FA284622F06EF97DE700BF71
:10A8300028E5050034E5050040E505004CE5050088
:10A8400058E5050064E50500ECE40500B8E4050002
:10A85000F4E4050000E505000CE5050004E505004D
:10A86000F8E4050014E5050020E50500B0E4050066
:10A87000D0F87032332210B50446C0F83822E3B164
:10A88000134900F2644022F0D5FF124904F58E60AE
:10A8900022F0D0FFD4F8B036C4F8903204F58B61C2
:10A8A00002220023C4F89412C4F88422C4F844326B
:10A8B0002046BDE81040FFF7D9BA074900F26440CE
:10A8C00022F0B8FF054904F58E6022F0B3FFE1E7FE
:10A8D000A0EA050070E505007CE5050080E50500BF
:10A8E00070B50446051D0026284622F0FDF82846CE
:10A8F00084F87462022121F08FF80123A3611749C3
:10A900006661284622F056FB1549284622F052FB84
:10A910001449284622F04EFB1349284622F04AFBF0
:10A92000284622F0F1F840F6B83023F069F9D4F85F
:10A93000D416C4F8446240F2272004F5C162022311
:10A94000C4F83802C4E9A412C4F88862C4F8843296
:10A950002046BDE87040FFF789BA00BF88E50500D2
:10A9600094E50500A0E50500ACE5050070B50446DA
:10A97000051D0026284622F0B7F8284684F87462A0
:10A98000022121F049F80123A36116496661284696
:10A9900022F010FB1449284622F00CFB13492846EC
:10A9A00022F008FB1249284622F004FB284622F038
:10A9B000ABF84FF4FA6023F023F9D4F8D016C4F8BA
:10A9C000446240F23B2004F5BB620223C4F8380223
:10A9D000C4E9A412C4F884322046BDE87040FFF7F1
:10A9E00045BA00BFB4E50500C0E50500CCE50500AB
:10A9F000D4E5050010B584B004461B4901A822F037
:10AA000023FE1A4901A822F0E9FF014604F244603E
:10AA100022F0C8FE01A822F0BDFE154901A822F0CF
:10AA200013FE144901A822F0D9FF014604F5CA60BB
:10AA300022F0B8FE01A822F0ADFED4F8DC063A23DD
:10AA4000C4F8383204F5C76100230322C4E9A40125
:10AA5000C4F88422C4F84432C4F888322046FFF790
:10AA600005FA04B010BD00BFE0E50500486B00200A
:10AA7000E4E50500FC76002070B5041D05460026BF
:10AA8000204622F031F8204685F87462022120F039
:10AA9000C3FF0123AB610B496E61204622F08AFAA5
:10AAA0000949204622F086FA0849204622F082FA17
:10AAB0002046074922F07EFA2046BDE8704022F089
:10AAC00023B800BFE8E50500F0E50500FCE505005A
:10AAD00008E605002DE9F041051D0446002728463B
:10AAE00022F002F84FF001082846022184F874721F
:10AAF00020F092FF3B4967612846C4F8188022F095
:10AB000059FA3949284622F055FA3649284622F0A2
:10AB100051FA284621F0F8FF236F092B24DCA66F99
:10AB20006EB3D4F8A430002B4BD0D4F8D030002B27
:10AB300049D0D4F8FC30002B47D0D4F82831002B72
:10AB400045D0D4F85431002B43D0D4F88031ABB188
:10AB5000D4F8AC31002B3ED0D4F8D831002B3CD007
:10AB6000D4F80432002B3AD0204921484FF0FF3668
:10AB700022F020FAC4F82C62BDE8F08106262C25CC
:10AB800005FB06451B4940F6B8330122C5F8843061
:10AB90000023C5E91E1385F88030C5F88C30C5F850
:10ABA000943085F89830C5F8882085F8902023F0F7
:10ABB0001BF86867236FC4F82C6201332367BDE874
:10ABC000F0814646DBE70226D9E70326D7E70426CD
:10ABD000D5E70526D3E70726D1E70826CFE70926DC
:10ABE000CDE700BFBC0A060010E6050048E10500FD
:10ABF000148D0020457702002DE9F041051D044623
:10AC00000027284621F070FF4FF001082846022156
:10AC100084F8747220F000FF3B4967612846C4F84D
:10AC2000188022F0C7F93949284622F0C3F938497B
:10AC3000284622F0BFF9284621F066FF236F092B32
:10AC400024DCA66F6EB3D4F8A430002B4BD0D4F81C
:10AC5000D030002B49D0D4F8FC30002B47D0D4F8AA
:10AC60002831002B45D0D4F85431002B43D0D4F8F0
:10AC70008031ABB1D4F8AC31002B3ED0D4F8D83110
:10AC8000002B3CD0D4F80432002B3AD02149224882
:10AC90004FF0FF3622F08EF9C4F82C62BDE8F08147
:10ACA00006262C2505FB06451C4940F6B833012233
:10ACB000C5F884300023C5E91E1385F88030C5F837
:10ACC0008C30C5F8943085F89830C5F8882085F820
:10ACD000902022F089FF6867236FC4F82C6201334B
:10ACE0002367BDE8F0814646DBE70226D9E7032665
:10ACF000D7E70426D5E70526D3E70726D1E70826B8
:10AD0000CFE70926CDE700BF20E6050028E60500CD
:10AD1000BC0A060048E10500148D002045770200BA
:10AD20006F4B1B7870B5002B58D06E4D6E4C2B7846
:10AD300033BB23786D4E002B30D06D4B6D4A012113
:10AD40000320186011700A204FF4FA724FF4C47196
:10AD500022F0EAFB4FF4FA7022F052FF4FF4FA723D
:10AD60004FF483710A2022F0DFFB2B78002B00F0D8
:10AD7000A2802378002B00F09980337843B170BD16
:10AD800023785A4E002BD8D03378002BF7D1D4E754
:10AD9000BDE870405849594822F00CB93378002B6F
:10ADA000CBD14FF4FA724FF4C4710A2022F0BCFBED
:10ADB0004FF4FA7022F024FF4FF4FA724FF48371CB
:10ADC0000A2022F0B1FB4E494C4822F0F3F84949E1
:10ADD000474B0120032208701A6070BD4FF4FA72CD
:10ADE0004FF4C4710A2022F09FFB4FF4FA7022F056
:10ADF00007FF444D4FF4FA724FF483710A2022F09A
:10AE000093FB41493D4822F0D5F82B68092B22DC01
:10AE1000AE6846B36B6B002B54D02B6E002B53D017
:10AE2000D5F88C30002B51D0D5F8B830002B4FD04E
:10AE3000D5F8E430002B4DD0D5F8103193B1D5F8CA
:10AE40003C31002B48D0D5F86831002B38D0D5F8EC
:10AE50009431002B42D02D49284822F0ABF84FF016
:10AE6000FF361AE006262C2404FB0654284AA2606A
:10AE70004FF4FA730122636107210023E360237416
:10AE8000E3616362A16184F8202084F8282022F025
:10AE9000ABFE2B68606001332B601E4A1549144BD2
:10AEA00016610120032208701A603EE71A49134810
:10AEB00022F080F861E71949104822F07BF858E742
:10AEC0000826D0E70126CEE70226CCE70326CAE70C
:10AED0000426C8E70526C6E70726C4E70926C2E711
:10AEE00008770020107700201C770020F0760020E3
:10AEF0002877002025770020E8E60500148D002043
:10AF000050E605003C7C002034E6050048E10500E1
:10AF100029860200F87D0020B8E6050090E60500CD
:10AF200038B5114C2368012B05D0022B12D00F4BE2
:10AF300000221A6038BD0E4B1B68012BF7D10D4D56
:10AF4000281D10F075F850B12B7843B9AB7833B9A0
:10AF50002368EAE7084810F06BF80028E7D1034BB4
:10AF600001221A6038BD00BF207700200C77002036
:10AF7000F47600207C8B00204877002070B50920F3
:10AF800026F042F90446032026F03EF90646322018
:10AF900022F036FE092026F037F90546032026F078
:10AFA00033F944EA060343EA050454EA000309D1ED
:10AFB0000C4B0D4902221A600C4B01200322087031
:10AFC0001A6070BD0A4B1B7843B1064A064901233B
:10AFD00013600B70054B03221A60F2E7024A1370EC
:10AFE00070BD00BF28770020257700202077002043
:10AFF0003D77002038B5344C2368012B2BD0022B31
:10B0000038D0324D00232B60314C227812B3314AB4
:10B010001278FAB1304A1278E2B9002B33D12F4BB3
:10B020001A7892B15B6883B14FF4FA7240F2BA2198
:10B030000A2022F079FA4FF4FA7022F0E1FDFA22A8
:10B0400040F217410A2022F06FFA2548FFF710F866
:10B050000023237038BD234B1B68012BD1D1224D17
:10B06000281D0FF0E5FF50B12B7843B9AB7833B909
:10B070002368C4E71D480FF0DBFF0028C1D1134D42
:10B0800001232B60C0E74FF4FA724FF4C4710A2019
:10B0900022F04AFA4FF4FA7022F0B2FD0A204FF47F
:10B0A000FA724FF4837122F03FFAFFF739FF0C4830
:10B0B00090F83432002BCDD12B68012BCAD1BDE8DA
:10B0C0003840FFF7D9BC00BF207700200C77002064
:10B0D00099630020247700202577002080740020C9
:10B0E000C4820020F47600207C8B0020487700206A
:10B0F00038B50546101E2DED028B08EE101A58DBF0
:10B100002DF00AFE32A3D3E900232DF06FFE324B5F
:10B1100000222DF0B5FC2EF019F9044607EE905AE6
:10B1200007EE104AF8EEE77AB8EEC77AB8EEC88AAA
:10B1300067EE877A87EE887AB5EEC07AF1EE10FA7C
:10B1400017EE100A2CDB2DF0F9FD244B00222DF018
:10B1500097FC2EF0FBF86342834202DC8442A8BFD6
:10B1600004461F49002C0B68B8BF6442C4F11004A8
:10B1700093FBF4F204FB12342CB1BDEC028B0133CF
:10B1800000200B6038BD002D08DB14BF4FF0FF30EE
:10B190000020BDEC028B01230B6038BD0120F8E7D5
:10B1A0002DF0CCFD0D4B00222DF068FC2EF0CEF8DA
:10B1B000D1E72DF0B1FD06A3D3E900232DF016FE53
:10B1C000064B00222DF05CFC2EF0C0F80446A5E7EB
:10B1D0009A9999999999F93F0000F83F0000E03F4A
:10B1E0003077002008B52C480FF02EF82A483D2172
:10B1F0000FF044F928480FF0A9F948BB274B01226A
:10B200001A7025485C210FF039F923480FF09EF998
:10B21000002839D1224B01221A701F485D210FF0FE
:10B220002DF91D480FF092F930BB1E4B01221A7008
:10B2300019485E210FF022F917480FF087F978B905
:10B24000194B154801221A70BDE808400FF076B876
:10B250001649174821F0AEFE104B00221A70D0E7B5
:10B260001449134821F0A6FE0F4B0B4800221A7018
:10B27000BDE808400FF062B80F490D4821F09AFE72
:10B28000084B00221A70D3E70C49094821F092FEBE
:10B29000034B00221A70C0E79C8B00200877002027
:10B2A000F07600201C7700201077002018E70500BA
:10B2B000148D002090E7050060E7050034E70500E5
:10B2C000F8B5314D31492A68C36809680069092A0F
:10B2D00025DCAE685B000133002E2AD06A6B002AA1
:10B2E00041D02A6E002A40D0D5F88C20002A3ED0CA
:10B2F000D5F8B820002A3CD0D5F8E420002A3AD06E
:10B30000D5F81021A2B1D5F83C21002A35D0D5F8C6
:10B310006821002A33D0D5F89421002A31D01C4965
:10B320001C4821F047FE1C4B4FF0FF369E60F8BDD5
:10B3300006262C2404FB06540122E160174FA3616A
:10B3400000216061A760227484F8202084F82820FE
:10B35000E161616222F048FC2B68606001332B6080
:10B360000D4B9E60F8BD0126E3E70226E1E70326C8
:10B37000DFE70426DDE70526DBE70726D9E7082611
:10B38000D7E70926D5E700BF3C7C0020387C0020A9
:10B3900048E10500148D0020F87D002029B402004A
:10B3A00070B51D4D00231A4628460521FDF786F885
:10B3B0001A4B1C68022C1FD0032C15D0012C00D076
:10B3C00070BD174B1B68012B1ED0022BF8D11548FE
:10B3D00016F0E6FE0028F3D02B682246284604210A
:10B3E000BDE87040FDF76AB805222B682846114673
:10B3F000BDE87040FDF762B82B6828460722BDE81B
:10B4000070400421FDF75AB82B6828460222BDE897
:10B4100070400421FDF752B8287C002020770020DE
:10B42000F47600207499002070B5134E134DB36864
:10B430002C2202FB03530446DB6913F0010F43691E
:10B440000FD081680E480022FDF738F8B268E36833
:10B450002C2101FB02525B00D2690133934206D0DA
:10B4600070BDD0E901210648FDF728F8EEE7BDE8F8
:10B470007040FFF795BF00BFF87D00203C7C0020A6
:10B48000287C002070B53A4816F08AFE394B1C68BB
:10B49000022C00D070BD384B0028197814BF01224F
:10B4A000002205D139B1BDE870401A70FFF778BFAE
:10B4B0009142F8D170BD314D2B68092B22DCAB686D
:10B4C000002B44D06B6B002B43D02B6E23B3D5F8ED
:10B4D0008C30002B3FD0D5F8B830002B3DD0D5F8BC
:10B4E000E430002B3BD0D5F81031A3B1D5F83C3176
:10B4F000002B36D0D5F86831002B34D0D5F89431F4
:10B50000002B32D01E491F4821F054FD4FF0FF346C
:10B510001D4BDC6070BD06242C2606FB04561B4A1E
:10B52000B2604FF4FA730122736103210023F360C8
:10B530003374F3617362B16186F8202086F82820A5
:10B5400022F052FB2B68706001332B60E0E71C4651
:10B55000E2E70124E0E70324DEE70424DCE7052436
:10B56000DAE70724D8E70824D6E70924D4E700BFA0
:10B5700074990020F4760020F17600203C7C0020B5
:10B5800048E10500148D0020F87D0020F1850200BF
:10B590002DE9F0410468022C05D0032C13D0012CB6
:10B5A00009D0BDE8F081D0E9012143693548BDE803
:10B5B000F041FCF783BF002381683248BDE8F041C9
:10B5C0001A46FCF77BBF304EC36832682F490069CA
:10B5D00009685B00092A03F1010320DCB268002A34
:10B5E00040D0726B002A3FD0326E002A3ED0D6F88F
:10B5F0008C20E2B1D6F8B820002A39D0D6F8E42061
:10B60000002A37D0D6F8102182B1D6F83C21002A82
:10B6100032D0D6F868218AB3D6F8942182B31C4977
:10B620001C4821F0C7FC4FF0FF3417E006242C25FE
:10B6300005FB04650122E960174FAB6100216861D9
:10B64000AF602A7485F8202085F82820E9616962B6
:10B6500022F0CAFA33686860013333600F4B9C6094
:10B66000BDE8F0811446E2E70124E0E70224DEE7CA
:10B670000424DCE70524DAE70724D8E70824D6E722
:10B680000924D4E7287C00203C7C0020387C002062
:10B6900048E10500148D002029B40200F87D002047
:10B6A00038B504460D4621F0E9FF05F10C0104F11F
:10B6B0000C0021F0E3FF05F1180104F1180021F05E
:10B6C000DDFF6B6A6362204638BD00BF5B4B1A8D9D
:10B6D000188C0132002112B270B582421965596589
:10B6E0009965D965196659669966D9661967596762
:10B6F000596A1A85AABF0022D2001A850A4400247A
:10B700001460546093F82A20998D1C6B9042C4BF3A
:10B71000013283F82A209A8E013212B28A429A8626
:10B72000ACBF0022D20004EB02054FF00000A8BF1E
:10B730009A86A050686093F836209142C4BF0132C7
:10B7400083F83620B3F84020198F013212B28A42B2
:10B75000A3F84020A4BF0022A3F84020DC6BB8BFB0
:10B76000D200A5180020A050686093F84220344D04
:10B770009142C4BF013283F842202B68314A002134
:10B78000092B117023DCAE68002E2AD06B6B002BC6
:10B7900043D02B6E002B42D0D5F88C30002B40D0FC
:10B7A000D5F8B830002B3ED0D5F8E430002B3CD093
:10B7B000D5F81031A3B1D5F83C31002B37D0D5F8EE
:10B7C0006831002B35D0D5F89431002B33D01E4989
:10B7D0001E4821F0EFFB1E4B4FF0FF361E6070BD80
:10B7E00006262C2404FB06541A494FF47A730122CE
:10B7F00063610023C4E90213E361636284F82830C3
:10B800002274A26184F8202022F0EEF92B68606097
:10B8100001332B600E4B1E6070BD0126E1E702264E
:10B82000DFE70326DDE70426DBE70526D9E7072661
:10B83000D7E70826D5E70926D3E700BF5C7B0020C1
:10B84000887400200860002048E10500148D002065
:10B850004476002069E4020038B59368012B00D0DB
:10B8600038BD044610460D4622F08EF90128F7D166
:10B8700029462046BDE83840FFF728BFF8B5069EA8
:10B880009DF81C50089F10B31C4632B301BB1849E9
:10B89000184821F0CBFA1849164821F0C7FA21467A
:10B8A0000A22144821F094FC1449124821F0BEFAEF
:10B8B0001048314621F096FAA5B110490D4821F003
:10B8C000B5FA39460B48BDE8F84021F02DBBF8BD6C
:10B8D0000B49084821F0AAFADDE70A49054821F09A
:10B8E000A5FAD8E7BDE8F8400749024821F062BB55
:10B8F000C8E70500148D0020D0E7050068E40500C6
:10B90000C0E70500DCE70500BC0A0600F0B52DED38
:10B91000028B3E4C9BB0054620460E46FDF71CFEB2
:10B92000B4F93400236BB4F94010E26B03EBC007A9
:10B9300003EBC00393ED007AB4F92800636A97ED36
:10B94000016A02EBC10402EBC102D2ED016AD4ED3F
:10B95000007A2F4903EBC003B8EEC66AF8EEE66A38
:10B96000B8EEC77AF8EEE77A93ED008A5B688DED62
:10B97000176A05A8CDED196A8DED167ACDED187A06
:10B9800015938DED148A21F05FFE224908A821F05D
:10B990005BFE08A90BA821F071FEB0EE480A0BA8C7
:10B9A00021F0EAFF15AC1AAF2C210DEB010021F0BC
:10B9B00095FFB4EC010A0BA821F0DEFFBC42F3D1E5
:10B9C0000EAC11AF05A9204621F058FE0BA9384650
:10B9D00021F054FE012231460192002328460297AD
:10B9E0000094FFF74BFF384621F0D4FE204621F0AB
:10B9F000D1FE0BA821F0CEFE08A821F0CBFE05A8B1
:10BA000021F0C8FE1BB0BDEC028BF0BD5C7B0020BA
:10BA1000E4E70500BC0A060038B59368012B00D0A6
:10BA200038BD044610460D4622F0AEF80028F7D186
:10BA300029462046BDE83840FFF768BF2DE9F041B0
:10BA40008AB007AC04AD06460F462046114698461C
:10BA500021F014FE109928460A2221F029FE3946C9
:10BA6000002301223046CDF8048002950094FFF7B0
:10BA700005FF284621F08EFE204621F08BFE0AB0FD
:10BA8000BDE8F0819368012B00D07047F0B5044603
:10BA900087B010460D4622F077F80128064601D0FF
:10BAA00007B0F0BD074903A8002721F0CDFD2046CF
:10BAB0003346294603AA0097FFF7C0FF03A821F0E9
:10BAC00069FEEDE7D4E70500F0B52DED028BB24C31
:10BAD000002393B02370002800F0C780AF4DB5F964
:10BAE0004C10B5F84460AA6C8BB2002903F1FF300A
:10BAF000B8BF991907B2B8BF09B280B2002FBCBF56
:10BB0000801907B202EBC70090ED006AD0ED016A20
:10BB100002EBC101981E91ED007AD1ED017A01B2DC
:10BB2000002980B2BCBF801901B202EBC101D81E4E
:10BB300037EE067A77EEA67A91ED006AD1ED016ACA
:10BB400001B2002980B2BCBF801901B202EBC10171
:10BB5000043B37EE067A77EEA67A91ED006AD1EDD6
:10BB6000016A8E4819B200299BB2BCBF9B1919B259
:10BB700002EBC102D2ED005A894E37EE067A77EE1B
:10BB8000A67A92ED016ADFED876A37EE257A77EEC5
:10BB9000867A27EE267A67EEA67A85ED147AC5EDC9
:10BBA000157AFDF781F995ED140A7F4995ED158A0F
:10BBB0008DED050A06A821F047FD7C4909A821F072
:10BBC00043FD9DED050A09A821F0D6FE784909A894
:10BBD00021F05AFE0FADB0EE480A09A821F0CCFEC4
:10BBE0000CAF06A9284621F049FD09A9384621F0E5
:10BBF00045FD0122CDE9005210461146002302976F
:10BC0000FFF73CFE384621F0C5FD284621F0C2FD75
:10BC100009A821F0BFFD06A821F0BCFD3568002D64
:10BC200000F03081B36853B12C220021301D2DF07B
:10BC30008DFF21F0D9FF33687060013B33605D4DAB
:10BC4000FFF7AEFB5C492A7801230B702370002AB2
:10BC500040F0DD8059480378002B40F0DF8000235E
:10BC60002B7013B0BDEC028BF0BD554B1B78002B35
:10BC700040F0D7804A4C2368092B2EDCA668002EA2
:10BC800000F0A980636B002B00F0DC80236E002B9A
:10BC900000F0DE80D4F88C30002B00F0DB80D4F88C
:10BCA000B830002B00F0DC80D4F8E430002B00F03A
:10BCB000D980D4F81031002B00F08C80D4F83C31BE
:10BCC000002B00F0D380D4F86831002B00F0D48032
:10BCD000D4F89431002B00F0D3803A493A4821F04F
:10BCE00069F923684FF0FF36384F092B7E602BDC53
:10BCF000A668002E34D0636B002B00F0A580236E65
:10BD0000002B00F0A380D4F88C30002B00F0A4802E
:10BD1000D4F8B830002B00F0A180D4F8E430002B28
:10BD200000F0A280D4F81031CBB1D4F83C31002B14
:10BD300000F09E80D4F86831002B00F09B80D4F88E
:10BD40009431002B00F09A801E491F484FF0FF36B7
:10BD500021F030F93E6013B0BDEC028BF0BD062639
:10BD60002C2505FB06451A4AAA6040F29E73002264
:10BD70006B610123EB602B74AB6185F82030EA61C5
:10BD80006A6285F8282021F02FFF2368686001335C
:10BD900023603E60DFE700BF247700205C7B00204B
:10BDA00088740020CDCC4C3EECE70500BC0A0600B0
:10BDB000BCE705005C60002008600020C482002011
:10BDC000347C002048E10500148D002044760020DA
:10BDD000C9BA020006262C2505FB064564232E4A17
:10BDE0006B61052340F2AA51AA60AB6100220123D6
:10BDF0002B7485F8203085F828306962EA60EA61A2
:10BE000021F0F2FE23686860013323606CE7FFF7DE
:10BE1000F1F822480378002B3FF421AFFEF75EFBD8
:10BE20001DE71F4A1F4B10681B6843610324012153
:10BE300096220523C0E90312C0E901330460FFF72D
:10BE40003FFA17E70126C6E7012689E7022687E7BA
:10BE50000226C0E70326BEE7032681E704267FE724
:10BE60000426B8E70526B6E7052679E70726B2E7F0
:10BE7000072675E7082673E70826ACE709266FE76B
:10BE80000926A8E70849094820F0D0FF29460A22D8
:10BE9000064821F045F9D2E661860200C4820020FE
:10BEA000387C0020287C0020F4E70500148D002059
:10BEB0002DE9F04396682DED028B012E93B004D04E
:10BEC00013B0BDEC028BBDE8F083054610460C466E
:10BED00021F05AFE07460028F2D1214890ED140ABD
:10BEE00090ED158A8DED050AFCF7DEFF1D4906A8C9
:10BEF00021F0AAFB1C4909A821F0A6FB9DED050A2B
:10BF000009A821F039FD194909A821F0BDFC0DF15E
:10BF10003C08B0EE480A09A821F02EFD0DF13009C9
:10BF200006A9404621F0AAFB09A9484621F0A6FB34
:10BF30003B46324621462846CDE90086CDF808909A
:10BF4000FFF79CFC484621F025FC404621F022FCEE
:10BF500009A821F01FFC06A821F01CFCB0E700BFD7
:10BF60005C7B0020B4E70500BC0A0600BCE70500C6
:10BF70002DE9F0438DB009AC06AD06460F462046CC
:10BF80001499059390469DF8549021F077FB1699EB
:10BF900028460A2221F08CFB059BCDF804904246EE
:10BFA0003946304602950094FFF768FC284621F098
:10BFB000F1FB204621F0EEFB0DB0BDE8F08300BFA1
:10BFC0002DE9F0433A2197B0074621F09FFD00226A
:10BFD00003460446394604A821F0A8FD2C2104A8F4
:10BFE00021F094FD04A905460346002207A821F08C
:10BFF0009DFDDFF89081069B6A1C04A90AA821F028
:10C0000095FD0026621CBB6839460DA821F08EFD07
:10C010004446354606E0272D04F1280406F128069B
:10C0200055D00135214607A821F034FD0028F2D073
:10C0300004F10C010AA821F02DFD0028EBD00DA978
:10C0400010A821F01BFB10A913A821F017FB159BCA
:10C05000002B5CD04FF000094C4605E0159B0134E5
:10C06000E4B29C42A14652D2494613A821F044FDB5
:10C0700030380928F2D9494613A821F03DFD03467E
:10C080002B2B494613A8E9D021F036FD03462E2B71
:10C09000494613A8E2D021F02FFD2D28DED013A8A9
:10C0A00021F078FB10A821F075FB394613A821F088
:10C0B000E5FA0022012113AB00930846CDE90122E5
:10C0C0000223FFF755FF13A821F064FB10E013AC27
:10C0D0003946204621F0D2FA012300221846CDE944
:10C0E000012200941946FFF743FF204621F052FB3E
:10C0F0000DA821F04FFB0AA821F04CFB07A821F066
:10C1000049FB04A821F046FB17B0BDE8F08313A853
:10C11000183621F03FFB464410A821F03BFB314686
:10C120000DA821F0B7FC88B105EB850508EBC50823
:10C130000DA913A8D8F8244021F0A0FA012108463F
:10C1400013AAA04713A821F025FBD1E70C493046DC
:10C1500021F0BCFC04460028E6D1394613A821F0A2
:10C160008DFA012113AB00930846CDE90144224624
:10C170000323FFF7FDFE13A821F00CFBB8E700BF77
:10C18000BC0A0600246D00202DE9F04192B006465D
:10C190000F4609A81C49CDED070ACDE904329DF8E8
:10C1A00064808DED060A21F04FFA9DED060A09A87C
:10C1B00021F0E2FB154909A821F066FB0CAC9DEDCE
:10C1C000070A09A821F0D8FB0FAD1899204621F0E5
:10C1D00055FA09A9284621F051FADDE90432394619
:10C1E0003046CDF8048002950094FFF747FB2846BF
:10C1F00021F0D0FA204621F0CDFA09A821F0CAFAA0
:10C2000012B0BDE8F08100BFBC0A0600BCE7050023
:10C2100010B557495748584C20F0CCFE574955485F
:10C2200020F0C8FE237813B16368002B76D14FF459
:10C230007A7021F0E5FC52494E4820F0BBFE23788D
:10C2400013B16368002B70D14FF47A7021F0D8FCE1
:10C250004C49484820F0AEFE4FF4FA724FF4C471D6
:10C260000A2021F061F94FF4FA7021F0C9FC4FF473
:10C27000FA724FF483710A2021F056F94FF47A7064
:10C2800021F0BEFC40493B4820F094FE237813B1D6
:10C290006368002B5BD14FF47A7021F0B1FC3B490D
:10C2A000344820F087FE237813B16368002B56D101
:10C2B0004FF47A7021F0A4FC35492E4820F07AFE24
:10C2C00023780BB163684BB94FF47A7021F098FC76
:10C2D000BDE810402F49274820F06CBE4FF4FA7299
:10C2E00040F217410A2021F01FF9FA2021F088FCC2
:10C2F0004FF4FA724FF444710A2021F015F9FA2034
:10C3000021F07EFC4FF4967240F20B210A2021F0BE
:10C310000BF94FF4FA7021F073FCD5E7C82240F214
:10C32000BA210A2021F000F981E74FF4FA7240F2B5
:10C33000BA210A2021F0F8F84FF4FA7021F060FCDD
:10C34000FA2240F217410A2021F0EEF87CE74FF480
:10C3500096724FF4DC710A2021F0E6F89BE74FF467
:10C36000FA724FF4DC610A2021F0DEF8A0E700BF8A
:10C3700014E80500148D0020807400202CE80500CE
:10C3800058E8050080E80500A8E80500DCE805009D
:10C3900010E905003CE90500F8B51C491C4820F0EF
:10C3A00009FE1C491A4820F005FE1B49184820F0D8
:10C3B0003DFD0A221E21164820F0B2FE21F014FC99
:10C3C000054621F011FC48F6B703441B9C4213D8E4
:10C3D000124F0F4E4FF47A7021F012FCA7FB04317C
:10C3E00089090A22304620F0C1FE21F0FDFB48F603
:10C3F000B703441B9C42EDD90949054820F0DAFDFA
:10C40000BDE8F8400749024820F0D4BD50E90500D6
:10C41000148D002068E90500A4E90500D34D6210E1
:10C42000D4E90500F4E905002DE9F843064606F5D0
:10C43000DC7721F0D9FB002533464FF6FE7C4FF028
:10C4400002084FF0010E1CE093F8282002B35A6A4C
:10C450005C68A0EB04094A4510D893F82090224468
:10C460005A60B9F1000F09D061459A6914BF0131D2
:10C470000121D961002A40D1C3F82CE02C33BB4202
:10C4800008D09A68DD62002AF8D0D9690029DBD08B
:10C490005A69DDE7DFF88880204F341D00250AE067
:10C4A000D4E901309847A36A022B0FD001350A2D39
:10C4B00004F12C041FD0A36A002BF7D0237B002BA0
:10C4C000EED163689847A36A022BEFD13368D3B1EA
:10C4D0006368002BEAD02C22002120462DF036FB89
:10C4E00021F082FB336820600135013B0A2D336067
:10C4F00004F12C04DFD1BDE8F88391422CBF424601
:10C500007246DA62BAE74146384620F08FFC0A22CA
:10C510002946384620F004FEC8E700BF148D0020ED
:10C52000F4E70500000000002DE9F047044686B05E
:10C530003C30FFF779FF23690025AB42256239DDE6
:10C54000DFF844924FF0000804F1140AE16851F852
:10C55000250024F059FEB0FA80F77F094AF8047BE1
:10C56000206A2CF0D9FB0246384616460F462CF0BE
:10C57000D3FB42464B462CF039FC0B46024639466B
:10C5800030462CF07DFA2CF0E1FE23690135064699
:10C59000AB42284626620EDD2CF0BEFB78A3D3E921
:10C5A00000232CF023FC41EC100B29F021FC59EC6A
:10C5B000108BCBE72E46B4F90830D4F804C003EB57
:10C5C00043070CEB870797E8070004F1300E8EE86D
:10C5D000070003ADB04285E80700626B014650D00A
:10C5E000002E43D0012A6AD00AB1022A04D10121C7
:10C5F0000022C4E90A12666204F1240207CA85E82F
:10C600000700268801331BB295E80700B342238157
:10C61000B9BF03EB43030CEB830C002323818CE8AD
:10C620000700A37AD4F8F8519E42C4BF0133A37225
:10C63000092D3ADC21F0D8FA2C2303FB0545002311
:10C640002864AB65656B75B9D4F8F861092E0ADC0E
:10C650002C2707FB064621F0C7FA326C4EF6602302
:10C66000801A984253D806B0BDE8F087002ABED0A1
:10C67000012A5BD0022ABFD10022C4E90922E2626A
:10C68000BAE7022A4ED0D4F8F881B8F1090F2CDDB0
:10C690000020C4E90962E06204F1240393E8070082
:10C6A00085E8070087E80700CCE73349334820F0E6
:10C6B000BDFB29460A22314820F032FDC2E7A26BB9
:10C6C000132A37D8D4F8F881B8F1090F37DD0020E4
:10C6D0000123C4E90A30666204F1240393E80700E9
:10C6E00085E8070087E80700ACE7019221F07CFAB3
:10C6F0002C2303FB0848B4F90830D8F840106768C9
:10C70000019A03EB4303401A07EB8307C1E7D4F810
:10C71000F861092E23DC21F067FA07FB0644A565C2
:10C720002064A0E7002E7FF462AFA5E7A26B132A76
:10C730007FF662AF0220C4E90A0261625CE721F081
:10C7400053FA2C2303FB0848B4F90830D8F84020EA
:10C75000676803EB4303801A07EB8307B8E70649D2
:10C76000064820F063FB054831460A2206B0BDE8C2
:10C77000F04720F0D5BC00BF0CEA0500148D002066
:10C78000EF39FAFE422EE63F0000F03F2DE9F0437C
:10C790002DED028B044685B0D430FFF745FEB4F989
:10C7A000A870B4F9B430D4F8B0C094EDAC7A07EB0B
:10C7B000470ED4F8A47003EB430607EB8E070CEB8F
:10C7C0008606D7ED027A96E80700B4EEE77A01AD67
:10C7D00004F52877F1EE10FA85E8070087E80700EE
:10C7E0006FD5D4F8A0120227B942C4F8B47279D038
:10C7F000D4F8A422002A40F08A800121C4E9A612BC
:10C80000C4F8947204F5257207CA85E80700B4F8E5
:10C81000AC6001331BB295E80700B342A4F8B43012
:10C82000B9BF03EB43030CEB830C0023A4F8B43033
:10C830008CE8070094F8B630D4F890529E42C4BFFA
:10C84000013384F8B630092D6CDC21F0CDF92C23AE
:10C8500003FB05450023C5F8D800C5F8F030D4F82F
:10C860009052092D28DC21F0BFF92C2303FB05454C
:10C870004EF66023D5F8D820801A98421CD99FED37
:10C88000458A05252046FCF75DF9013D38EE008A12
:10C89000F8D1DFED417AD4F8906228EE278A092E8C
:10C8A00084ED328A59DC21F09FF92C2303FB0644E6
:10C8B000C4F8D800C4F8F05005B0BDEC028BBDE858
:10C8C000F08394EDAB7AD4F8A012B1EE477AB4EECF
:10C8D000E77AF1EE10FACCBF01270027B942C4F87D
:10C8E000B47285D1D4F89082D4F8A492B8F1090F2B
:10C8F00022DD0020C4E9A579C4F89C0204F5257363
:10C9000093E8070085E8070086E80700A7E7012A03
:10C9100031D0022A7FF476AFAFBBC4E9A577C4F863
:10C920009C726FE71D491E4820F080FA29460A22B2
:10C930001B4820F0F5FB92E721F056F92C2303FB6E
:10C940000848B4F9B430D8F8D820D4F8B06003EB74
:10C950004303801A06EB8306CCE71049104820F009
:10C9600065FA0F4831460A2205B0BDEC028BBDE8DE
:10C97000F04320F0D5BBD4F8A802C4F894120222E8
:10C98000C4E9A6203EE701210022C4E9A612C4F8AA
:10C99000947237E700000000CDCC4C3E0CEA050055
:10C9A000148D0020F0B5944B2DED068B1D68012DE4
:10C9B00097B00ED0022D00F09C80032D00F019815D
:10C9C000042D00F0F080052D40F08F808B4B8C49BA
:10C9D000EBE08C4C2046FCF7BFFDB4F934C0206B73
:10C9E000B4F92870636AB4F94060E26B00EBCC01E3
:10C9F00003EBC70393ED000AD1ED009A93ED01AA72
:10CA00008DED050A00EBCC0002EBC601D1ED008AEA
:10CA100090ED019A7C4902EBC60207A892ED018ACB
:10CA200020F012FE79490AA820F00EFE0AA90DA8EE
:10CA300020F024FE9DED050A0DA820F09DFF74490D
:10CA40000DA820F021FFF8EEE99AB0EE4A0A0DA8F1
:10CA500020F092FF2C210DA820F040FFB8EEC99ADB
:10CA6000B0EE690A0DA820F087FF69490DA820F0F3
:10CA70000BFFF8EEE88AB0EE490A0DA820F07CFF23
:10CA80002C210DA820F02AFFB8EEC88AB0EE680A63
:10CA90000DA820F071FF5E490DA820F0F5FE10AC46
:10CAA000B0EE480A0DA820F067FF13AE07A9204694
:10CAB00020F0E4FD0DA9304620F0E0FD28468DE889
:10CAC000700000232A462946FEF7D8FE304620F0A3
:10CAD00061FE204620F05EFE0DA820F05BFE0AA855
:10CAE00020F058FE07A820F055FE17B0BDEC068BCD
:10CAF000F0BD484C2046FCF7F7F82046FFF746FE0D
:10CB0000B4F9A820D4F8A430434994ED328A02EB5A
:10CB1000420203EB820393ED000A93ED019AD3EDF9
:10CB2000028A8DED050A07A820F08EFD37490AA874
:10CB300020F08AFD0AA90DA820F0A0FD9DED050AB0
:10CB40000DA820F019FF2C210DA820F0C7FEB0EE93
:10CB5000490A0DA820F010FF2C210DA820F0BEFEE0
:10CB6000B0EE680A0DA820F007FF0DA82C2120F0D8
:10CB7000B5FEB0EE480A0DA810AC20F0FDFE13ADD6
:10CB800007A9204620F07AFD0DA9284620F076FD61
:10CB900001221046CDE90042029511460023FEF71E
:10CBA0006DFE284693E71D4B1D499C68D3E900653F
:10CBB00007A820F049FD15490AA820F045FD0AA95B
:10CBC0000DA820F05BFD31460DA820F0A9FE0DA8B0
:10CBD0002C2120F083FE29460DA820F0A1FE0DA8EF
:10CBE0002C2120F07BFE21460DA810AC20F098FEF1
:10CBF000C5E70C4B0C49D8E7F8760020B882002036
:10CC000048EA05005C7B002028EA0500BC0A060013
:10CC1000BCE70500F87F002030EA0500B08900205D
:10CC200040EA05007474002038EA0500F0B52DEDE7
:10CC3000028B314C97B0064620460F46FCF754F85D
:10CC40002046FFF7A3FDB4F9A820D4F8A4302B495F
:10CC500002EB420203EB820393ED000AD3ED018A5B
:10CC600093ED028A8DED050A07A820F0EDFC24491A
:10CC70000AA820F0E9FC0AA90DA820F0FFFC9DED10
:10CC8000050A0DA820F078FE2C210DA820F026FE24
:10CC9000B0EE680A0DA820F06FFE2C210DA820F040
:10CCA0001DFE10ACB0EE480A0DA820F065FE13ADD5
:10CCB00007A9204620F0E2FC0DA9284620F0DEFC62
:10CCC0000122CDE900423946002330460295FEF7A5
:10CCD000D5FD284620F05EFD204620F05BFD0DA826
:10CCE00020F058FD0AA820F055FD07A820F052FDBD
:10CCF00017B0BDEC028BF0BDF87F002050EA0500B4
:10CD0000BC0A060038B59368012B00D038BD044634
:10CD100010460D4620F038FF0028F7D1294620465E
:10CD2000BDE83840FFF782BF38B5174C04F17000FA
:10CD3000FFF77AFB94F8743273B920F055FFD4F8FA
:10CD4000AC22124B801A984205D994F8343213B1B0
:10CD500094F8353223B938BD2046FCF7CFFFECE715
:10CD600000250B4884F834521FF0BEFE084884F8B2
:10CD7000745202211EF050FE0123C4E905530448F9
:10CD8000BDE838401FF0C0BEC4820020E09304001C
:10CD9000C882002070B5064620F026FF06F5DE7535
:10CDA000331D044618462C2200212CF0CFFE0346EA
:10CDB00043F82C4BAB42F5D100233360304670BDB5
:10CDC0002DE9F843064606F5DC7720F00DFF002537
:10CDD00033464FF6FE7C4FF002084FF0010E1CE088
:10CDE00093F8282002B35A6A5C68A0EB04094A450C
:10CDF00010D893F8209022445A60B9F1000F09D05E
:10CE000061459A6914BF01310121D961002A40D1DD
:10CE1000C3F82CE02C33BB4208D09A68DD62002AAC
:10CE2000F8D0D9690029DBD05A69DDE7DFF88880BE
:10CE3000204F341D00250AE0D4E901309847A36A49
:10CE4000022B0FD001350A2D04F12C041FD0A36A48
:10CE5000002BF7D0237B002BEED163689847A36AA1
:10CE6000022BEFD13368D3B16368002BEAD02C22B8
:10CE7000002120462CF06AFE20F0B6FE33682060C8
:10CE80000135013B0A2D336004F12C04DFD1BDE8EC
:10CE9000F88391422CBF42467246DA62BAE74146B5
:10CEA00038461FF0C3FF0A222946384620F038F9D9
:10CEB000C8E700BF148D0020F4E705002DE9F0411C
:10CEC000B949BA48BA4E20F075F8BA49B74820F0C7
:10CED00071F800231A4605213046FBF7EFFA4FF4AC
:10CEE0007A7020F08DFEB449B04820F063F800233A
:10CEF0001A4605213046FBF7E1FA96230522012167
:10CF00003046FBF7DBFA4FF47A7020F079FEAB493C
:10CF1000A64820F04FF800231A4605213046FBF7BB
:10CF2000CDFA9623052202213046FBF7C7FA4FF4CB
:10CF30007A7020F065FEA2499C4820F03BF800235F
:10CF40001A4605213046FBF7B9FA9623052203213C
:10CF50003046FBF7B3FA4FF47A7020F051FE99494E
:10CF6000924820F027F800231A4605213046FBF7A7
:10CF7000A5FA95498D4820F01DF800231A46052191
:10CF80003046FBF79BFA9623012204213046FBF73B
:10CF900095FA4FF47A7020F033FE8C49834820F0E4
:10CFA00009F800231A4605213046FBF787FA962335
:10CFB000022204213046FBF781FA4FF47A7020F008
:10CFC0001FFE834979481FF0F5FF00231A4605210B
:10CFD0003046FBF773FA9623052204213046FBF70F
:10CFE0006DFA4FF47A7020F00BFE7A496F481FF00B
:10CFF000E1FF00231A4605213046FBF75FFA96232E
:10D00000062204213046FBF759FA4FF47A7020F0DB
:10D01000F7FD714965481FF0CDFF00231A46052131
:10D020003046FBF74BFA9623072204213046FBF7E4
:10D0300045FA4FF47A7020F0E3FD68495B481FF031
:10D04000B9FF00231A4605213046FBF737FA0024C2
:10D0500001253046234605220121FBF72FFAFF2C3C
:10D060004FF00A006CD020F0CBFD6419F1D54FF4DD
:10D070007A7020F0C5FD5A494C485A4D1FF09AFF6E
:10D0800000231A464A480521FBF718FA2B68092B9A
:10D0900024DCAC68002C5BD06B6B002B73D02B6E48
:10D0A000002B72D0D5F88C30002B70D0D5F8B8306A
:10D0B000002B6ED0D5F8E430002B6CD0D5F81031B1
:10D0C000002B44D0D5F83C31002B66D0D5F8683120
:10D0D000002B64D0D5F89431002B62D042493348FC
:10D0E0001FF068FF4FF0FF34404EDFF8F8803461E6
:10D0F0002C2707FB0454404694F8203083B1FFF7F7
:10D100005FFE0A2020F07CFD3469092CF1DD3849EE
:10D1100026481FF08BFE254821460A2220F000F801
:10D120004FF47A7020F06CFD324920481FF042FF26
:10D13000FEF736F9BDE8F0412F491C481FF03ABF11
:10D140000A2020F05DFDFE244FF0FF3581E7062424
:10D150002C2606FB0456294AB2604FF4FA730122CA
:10D16000736107210023F3603374F3617362B1616B
:10D1700086F8202086F8282020F036FD2B68706085
:10D1800001332B60B0E70124E2E70224E0E7032447
:10D19000DEE70424DCE70524DAE70724D8E70824DF
:10D1A000D6E70924D4E700BF58EA0500148D002013
:10D1B000287C00206CEA050088EA0500A4EA050046
:10D1C000C4EA0500E0EA0500FCEA05001CEB0500E6
:10D1D0003CEB05005CEB05007CEB05009CEB0500DF
:10D1E000C0EB05003C7C002048E10500F87D0020F4
:10D1F0000CEA0500D8EB0500F4EB050029860200D7
:10D200002DE9F04190B0144605460E4604A8334976
:10D2100020F01AFA631E022B314907A830D80DAF4F
:10D2200020F012FA0DF1280807A9384620F026FA56
:10D230000A222146404620F03BFA01223146019263
:10D2400000232846CDF808800097FEF717FB4046DC
:10D2500020F0A0FA384620F09DFA07A820F09AFAAC
:10D26000022C38D0032C33D1FFF796F81D491E4805
:10D270001FF0A0FE04A820F08DFA10B0BDE8F081E8
:10D280000AAF20F0E1F90DF1340807A9384620F083
:10D29000F5F9214640460A2220F00AFA01233146D8
:10D2A000002228460193CDF8088003230097FEF75B
:10D2B000E5FA404620F06EFA384620F06BFA07A8EF
:10D2C00020F068FA04A820F065FA10B0BDE8F081FB
:10D2D000FFF7F4FDCAE7FEF79BFFC7E724EC050064
:10D2E00028EC050014EC0500148D002010B582B068
:10D2F00004461046019120F047FC01990246204661
:10D3000002B0BDE81040FFF77BBF00BF2DE9F84336
:10D31000064606F5DC7720F067FC002533464FF61D
:10D32000FE7C4FF002084FF0010E1CE093F828201D
:10D3300002B35A6A5C68A0EB04094A4510D893F816
:10D34000209022445A60B9F1000F09D061459A69D2
:10D3500014BF01310121D961002A40D1C3F82CE06A
:10D360002C33BB4208D09A68DD62002AF8D0D96914
:10D370000029DBD05A69DDE7DFF88880204F341DB3
:10D3800000250AE0D4E901309847A36A022B0FD0A8
:10D3900001350A2D04F12C041FD0A36A002BF7D00D
:10D3A000237B002BEED163689847A36A022BEFD151
:10D3B0003368D3B16368002BEAD02C2200212046C9
:10D3C0002CF0C4FB20F010FC336820600135013BD9
:10D3D0000A2D336004F12C04DFD1BDE8F8839142BB
:10D3E0002CBF42467246DA62BAE7414638461FF021
:10D3F0001DFD0A22294638461FF092FEC8E700BFED
:10D40000148D0020F4E70500F8B5044600689DF887
:10D4100018C0089F092821DCA66846B3606B002865
:10D4200041D0206E002840D0D4F88C0000283ED097
:10D43000D4F8B80000283CD0D4F8E40000283AD052
:10D44000D4F8100190B1D4F83C01002835D0D4F8BC
:10D450006801002833D0D4F8940190B31B491C48CC
:10D460001FF0A8FD4FF0FF363046F8BD062657B333
:10D470002C2505FB06450020AF60099F6961EF6020
:10D480000121079F85F8283085F810C0AF616A62D6
:10D49000E86185F8201020F0A7FB6860236801335D
:10D4A00023603046F8BD0126E1E70226DFE70326C8
:10D4B000DDE70426DBE70526D9E70726D7E70826B8
:10D4C000D5E70926D3E74FF0FF36CDE748E1050061
:10D4D000148D00202DE9F0470446061D8AB0304621
:10D4E00000251FF001FBDFF8448284F874523046B7
:10D4F000022101271EF090FA7F4965613046A7613D
:10D500001FF058FD98F80030DFF82492002B40F00F
:10D51000C98099F80030DFF81CA2002B00F0998038
:10D52000764B226F76491960092A4FF00001596045
:10D530002CDCA76F97B3D4F8A430002B00F0CE807A
:10D54000D4F8D030002B00F0CB80D4F8FC30002B86
:10D5500000F0C880D4F82831002B00F0C580D4F842
:10D560005431002B00F0C280D4F88031ABB1D4F834
:10D57000AC31002B00F0BC80D4F8D831002B00F087
:10D58000B980D4F80432002B00F0A6805D495E48D3
:10D590001FF010FD4FF0FF371EE006272C2505FB7E
:10D5A00007455A4BAB6740F6B8320023C5F88420D4
:10D5B0000122C5F88C30C5F8943085F89830EC67B6
:10D5C00085F88020C5F8882085F8902020F00CFB95
:10D5D0006867236F0133236798F80030C4F82C7212
:10D5E000002B62D099F80030002B66D09AF80030FA
:10D5F000002B6AD098F80020002A4CD094F8B02272
:10D6000099F8001019B942F0020284F8B0221BB94F
:10D6100042F0040284F8B0223D4B1B781BB942F063
:10D62000080284F8B0223B4904A82DF02DF904A982
:10D6300007A820F009F807A904F52D7020F0D8F804
:10D6400007A820F0A7F830461FF05EFA0AB0BDE840
:10D65000F0879AF80050002D7FF462AF2E493046D3
:10D660001FF0A8FC2548294B0293CDE900772B4FEA
:10D6700003942B462A464560076040F6B83104F112
:10D680007000FFF7C1FE98F800209AF80030C4F847
:10D690002C02002AB2D194F8B02242F0010284F8A0
:10D6A000B022ADE7DFF88CA03AE71D4930461FF005
:10D6B00081FC99F80030002B98D11A4930461FF0B0
:10D6C00079FC9AF80030002B94D1174930461FF0AE
:10D6D00071FC9AF800308DE709275FE701275DE7C5
:10D6E00002275BE7032759E7042757E7052755E794
:10D6F000072753E7082751E730EC05000C6A0020A4
:10D700007977020048E10500148D0020DD720200E7
:10D710000877002064EC050038EC0500B1780200C1
:10D7200040EC05004CEC050058EC0500107700209B
:10D730001C770020F07600202DE9F0410446051DFD
:10D74000012784B028464FF0000884F834720E4652
:10D750001FF0CAF92846022184F874821EF05CF991
:10D760003A49A761C4F8148028461FF023FC022E12
:10D7700011D0032E4BD0BE422BD0354928461FF086
:10D7800019FC334928461FF015FC284604B0BDE8B3
:10D79000F0411FF0B9B92F492F4E28461FF00AFC5F
:10D7A0002E482F4B0293CDE9007703944346C0F8EF
:10D7B00004800660424640F6B83104F17000FFF77D
:10D7C00023FE2849C4F82C0204F52D7020F032F80D
:10D7D000D7E7254928461FF0EDFB2048204B029350
:10D7E000CDE900661C4E03944346C0F804800660F1
:10D7F000424640F6B83104F17000FFF705FE1B49C0
:10D80000C4F82C0204F52D7020F014F8B9E718497B
:10D81000184E28461FF0CEFB1048114B0293CDE95D
:10D82000007703944346C0F804800660424640F601
:10D83000B83104F17000FFF7E7FD0F49C4F82C027E
:10D8400004F52D701FF0F6FF9BE700BF70EC05009C
:10D85000BC0A06007CEC05005D9F02000C6A0020FB
:10D86000DD72020084EC0500DCEC050088EC0500AC
:10D8700004ED0500D5D4020090E4050038B52B4D29
:10D880002B68022B42D0032B3BD0012B34D02849EC
:10D8900028481FF08FFB284C284B2968032220467C
:10D8A0001A60FFF749FF002304F1700084F8353255
:10D8B000FEF7BAFD94F87432D3B920F095F9D4F894
:10D8C000AC221F4B801A984205D994F8343213B118
:10D8D00094F83532FBB91B4B002283F84C2083F8B7
:10D8E000202083F8FC2083F8D02083F8A42038BDC2
:10D8F0002046FCF703FAE0E713490E481FF05AFBF5
:10D90000C9E712490B481FF055FBC4E71049094805
:10D910001FF050FBBFE70023074884F83432FCF7C0
:10D92000D9F90C481FF0F0F8D5E700BF28770020A0
:10D9300010ED0500148D0020C48200202077002007
:10D94000E0930400147E0020C0EC0500E8EC050024
:10D9500094EC0500C8820020F8B5044600689DF8E4
:10D9600018C0089F092821DCA66846B3606B002810
:10D9700041D0206E002840D0D4F88C0000283ED042
:10D98000D4F8B80000283CD0D4F8E40000283AD0FD
:10D99000D4F8100190B1D4F83C01002835D0D4F867
:10D9A0006801002833D0D4F8940190B31B491C4877
:10D9B0001FF000FB4FF0FF363046F8BD062657B388
:10D9C0002C2505FB06450020AF60099F6961EF60CB
:10D9D0000121079F85F8283085F810C0AF616A6281
:10D9E000E86185F8201020F0FFF8686023680133B3
:10D9F00023603046F8BD0126E1E70226DFE7032673
:10DA0000DDE70426DBE70526D9E70726D7E7082662
:10DA1000D5E70926D3E74FF0FF36CDE748E105000B
:10DA2000148D00202DE9F0419B4D2B7884B0002B04
:10DA30006CD09A499A489B4C1FF0F8F920F0D4F822
:10DA40000A22014696481FF091FB284600F050FA42
:10DA500094F83452002D00F0A480934C934B20682E
:10DA6000984240F2C380924D2B68092B2ADCAE68A5
:10DA700086B36B6B002B00F0FE802B6E002B00F04A
:10DA8000FC80D5F88C30002B00F0F980D5F8B83048
:10DA9000002B00F0F680D5F8E430002B00F0F38086
:10DAA000D5F81031ABB1D5F83C31002B00F0ED804A
:10DAB000D5F86831002B00F0EA80D5F89431002BBE
:10DAC00000F0E7807B4976481FF074FA4FF0FF368C
:10DAD00017E006262C2404FB0654774960610023D6
:10DAE0000122C4E902132374E361636284F82830DD
:10DAF000A26184F8202020F077F82B686060013361
:10DB00002B606E4B1E6004B0BDE8F0816C4C237836
:10DB1000002B76D06B4962486B4FDFF8B0811FF065
:10DB200085F920F061F80A2201465D481FF01EFBCE
:10DB300004F108000DF06EFA20F056F83B682278E8
:10DB40000133002A41F2883506463B6018BFC825DC
:10DB500006E020F055F820F047F8831BAB4279D857
:10DB600040460CF0E7FF03460120002BF1D0574858
:10DB70000CF0E0FF10B1002323703B60544A48F2E0
:10DB8000800500216580D01D032361700DF054FADB
:10DB900020F02AF86060434C94F83452002D7FF452
:10DBA0005CAF201D1EF0A0FF201D022184F87452DE
:10DBB0001DF032FF0123A36146496561201D1FF05E
:10DBC000F9F94549201D1FF0F5F94449201D1FF0C2
:10DBD000F1F94349201D1FF0EDF9201D324C1EF0D4
:10DBE00093FF324B206898423FF63DAF2BF084F80C
:10DBF0003C4B4FF033322BF0F9F82BF0CFFB206089
:10DC000031E7394C2368012B19D0022B2DD0AB788A
:10DC10001BB3244890F8343223B3234A264B1168AF
:10DC2000029301200023039300931A460190204899
:10DC3000FFF792FE214B186004B0BDE8F0812B4B3A
:10DC40001B68012BE3D1281D0DF0F2F90028E0D06C
:10DC50002368DAE70123237089E704B0BDE8F041C7
:10DC6000FDF7C8B9FCF708FFD7E721480DF0E0F948
:10DC70000028CED0CBE701262CE702262AE7032690
:10DC800028E7042626E7052624E7072622E70826B4
:10DC900020E709261EE700BF7C8B00202CED050045
:10DCA000148D0020C482002060600020BFD40100D9
:10DCB000BC89002048E1050025DA0200788B0020AD
:10DCC0004077002044ED050038770020348D002097
:10DCD00041770020E8E50500F0E50500FCE50500DA
:10DCE00008E605003333F33F20770020F476002068
:10DCF000487700202DE9F04F87B004461F489DF972
:10DD000040A09DF944B00593884617460CF014FFD7
:10DD100078BB1FF069FF251D064641F28839284669
:10DD20000DF086F9034601207BB923786BB9A378FF
:10DD30005BB91FF065FF1FF057FF801B4845EED908
:10DD40000123A3706370FFF76DFE28460DF070F994
:10DD500060B1059B0093CDE901AB3B465FFA88F2C9
:10DD6000284602210DF09CF90023A37007B0BDE8FE
:10DD7000F08F02480CF0E2FECBE700BF348D0020AC
:10DD800070B5184C2368042B82B006D0164A0121C6
:10DD900000231170236002B070BD1448144DC27886
:10DDA0002B7842EA0301C907F0D522F001010E46A3
:10DDB000B24249B207D00023CDE900331A46C670FB
:10DDC000FFF798FF2B7803F0FE0133F0FE03DDD060
:10DDD0000023CDE900331A460648297014F024FBCD
:10DDE000D4E700BF107E0020086000207C8B00205C
:10DDF00068740020B473002008B52548FCF76AFE5B
:10DE0000244B1A780AB15B680BBB234CFFF7B8FFB1
:10DE100048F280030021621C638004F108000323A0
:10DE200061700DF009F940F6B8301FF0E9FE1848AE
:10DE3000FBF750FFBFF34F8F1849194BCA6802F424
:10DE4000E0621343CB60BFF34F8F00BFFDE74FF499
:10DE5000FA7240F217410A201FF066FBFA201FF009
:10DE6000CFFE4FF4FA724FF444710A201FF05CFBAE
:10DE7000FA201FF0C5FE4FF4967240F20B210A20E3
:10DE80001FF052FB4FF4FA701FF0BAFEBDE700BF5F
:10DE9000C4820020807400204077002000ED00E064
:10DEA0000400FA0500B587B004460D4603A80749EB
:10DEB0001FF0CAFB01232946204603AA0093FDF761
:10DEC000BDFD03A81FF066FCFFF796FF60ED05009F
:10DED00038B59368012B00D038BD044610460D4676
:10DEE0001FF052FE0128F7D129462046FFF7DAFF3E
:10DEF0002DE9F041074684B00023FB700430012176
:10DF0000DFF8988003900DF07FF892222149039862
:10DF1000214E0DF07BF803980DF07CF81FF064FEA5
:10DF20003A78D8F80030002A03F1010341F288342E
:10DF3000054618BFC824C8F8003006E01FF060FE90
:10DF40001FF052FE431BA3420DD830460CF0F2FDE9
:10DF500003460120002BF1D00F480CF0EBFD48B92F
:10DF600004B0BDE8F08101230B483B700CF0E2FDEA
:10DF70000028F5D000233B70CDE90033C8F800300D
:10DF800097F9031038461A46FFF7B4FE04B0BDE80F
:10DF9000F08100BFA4F40500348D00203877002004
:10DFA00030B51A4B1B68012B83B003D0022B17D05E
:10DFB00003B030BD164D00240421CDE900442846AD
:10DFC00023462246E970FFF795FECDE90044284636
:10DFD000234622462146EC70FFF78CFE03B030BD8D
:10DFE0000C4D0D4800240421CDE90044234622466F
:10DFF000297014F019FACDE900442346224621463F
:10E000002C70054814F010FA03B030BDF4760020EF
:10E010007C8B002068740020B4730020F0B52DEDD7
:10E02000028BB34B85B004AA02E903001A68012AE7
:10E03000DDE9023474D0022A03D005B0BDEC028BB6
:10E04000F0BD03F5806307EE903A9FEDAA6A9FED5D
:10E05000AA7ADFEDAA6AF8EEE77AA7EE867AF4EEFE
:10E06000E67AF1EE10FA17EE100AC0F2C9802AF033
:10E0700065FEA34B00222AF003FD2BF067F905464D
:10E0800004F5806407EE904A9FED9A6A9FED9A7AB4
:10E09000DFED9A6AF8EEE77AA7EE867AF4EEE67A92
:10E0A000F1EE10FA17EE100AC0F2EC802AF046FEEC
:10E0B000934B00222AF0E4FC2BF048F9914C803875
:10E0C000803DA570E07066681FF08EFD8642B4D07A
:10E0D0008D480CF031FD002840F0FC801FF084FDDD
:10E0E0008A4E054641F2883730460CF0A1FF0346C0
:10E0F000012043B9237833B91FF082FD1FF074FD6E
:10E10000431BBB42F0D9824A0323D01D00210CF0EF
:10E1100093FF1FF069FD606005B0BDEC028BF0BDA0
:10E120007C4A9FED7D7AD2F8BC2003F5806307EE30
:10E13000903A530008EE903A524206EE902AF8EEDA
:10E14000E88AF8EEE77AB8EEE68A67EEA87AF0EEAB
:10E15000486AE7EE876AF5EEC06AF1EE10FA16EE4D
:10E16000900A57DB2AF0EAFD654B00222AF088FC72
:10E170002BF0ECF8054604F5806307EE903AF8EED4
:10E18000E77A9FED657A67EEA87AA7EE878AB5EE03
:10E19000C08AF1EE10FA18EE100A45DB2AF0CEFD27
:10E1A000574B00222AF06CFC2BF0D0F85B4A126827
:10E1B000012A034645D0022A7FF43FAF584A12682D
:10E1C000052A73D1002C2046C0F288802AF0A4FDD5
:10E1D0004B4B00222AF054FC2BF0B8F8514B4FF473
:10E1E00080611A68FCF784FF4F4B024619784F484C
:10E1F000002352B2CDE900231A4614F015F91CE7AA
:10E200002AF09CFD3E4B00222AF038FC2BF09EF8B1
:10E21000054635E72AF092FD394B00222AF02EFC04
:10E220002BF094F80546A6E72AF088FD344B00222F
:10E230002AF024FC2BF08AF8384A1268012A034697
:10E24000B9D1374A1268052A25D1002C204638DB7F
:10E250002AF062FD2A4B00222AF012FC2BF076F8FD
:10E26000304B4FF480611A68FCF742FF024652B20D
:10E270002F480092002390F9031001931A46FFF7EC
:10E2800039FDDAE62AF05AFD1D4B00222AF0F6FB92
:10E290002BF05CF812E72648002490F903105BB2DB
:10E2A000CDE900446AB2FFF725FDC6E61E4A1F48C5
:10E2B00011780024CDE900445BB26AB214F0B4F8DE
:10E2C000BBE62AF029FD0E4B00222AF0D7FB2BF0EB
:10E2D0003DF8C5E70C480CF031FCFFE62AF01CFDC8
:10E2E000074B00222AF0CAFB2BF030F876E700BF7C
:10E2F000207700200000FE3D0000FEC200008044A8
:10E300000000E03F40770020348D00204877002057
:10E31000417700205C7B00200000003AF47600206A
:10E32000107E00202C77002068740020B473002039
:10E330007C8B002010B50C4C82B02046FBF70CF90A
:10E34000B4F94010E36B094A03EBC10393E80300FF
:10E3500012786B4683E803000AB902B010BD02B020
:10E36000BDE81040FFF75ABE5C7B002024770020F8
:10E3700030B51A4B1968012983B003D0022916D091
:10E3800003B030BD164D0024CDE900442846234695
:10E390002246E970FFF7AEFCCDE90044284623464B
:10E3A00022462146EC70FFF7A5FC03B030BD0D4DB1
:10E3B0000D4800240121CDE900442346224629705E
:10E3C00014F032F8CDE900442346224621462C7051
:10E3D000054814F029F803B030BD00BFF4760020E2
:10E3E0007C8B002068740020B473002030B51A4B79
:10E3F0001968012983B003D0022917D003B030BDBA
:10E40000164D00240221CDE9004428462346224629
:10E41000E970FFF76FFCCDE9004428462346224609
:10E420002146EC70FFF766FC03B030BD0C4D0D4883
:10E430002970002423462246CDE9004413F0F4FF5E
:10E44000CDE900442346224621462C70054813F0AE
:10E45000EBFF03B030BD00BFF47600207C8B0020C2
:10E4600068740020B47300202DE9F041DFF8A88221
:10E470009A4F002584B0044688F800503D7000286B
:10E4800000F0C88004282BDD05286DD0944A954BF8
:10E4900010681B684361032301269622036005234D
:10E4A000C0E901330261C660FCF70AFF8E48FAF743
:10E4B000FBFCFCF775FF8D4B8D4A8E4883F820607E
:10E4C000214683F8FC6083F8786083F84C6088F814
:10E4D00000601670FCF7E8F83D7004B0BDE8F0810C
:10E4E00001468448FCF7E0F8834B1A781AB15B6860
:10E4F000002B40F0D2807A4A7A4B10681B68436147
:10E500000125032196220523C0E901330160026140
:10E51000C560FCF7D5FE7448784B039404F10A01FA
:10E5200000EBC10000260A220293019200952B46BF
:10E530000660466040F29E72C8217148714EFFF736
:10E540000BFA714A0195074600232C44CDE90224B9
:10E5500000951A4641F2563177606948FFF7FCF999
:10E56000306004B0BDE8F08101466248FCF79CF8D9
:10E57000614B1A781AB15B68002B40F09680604DB1
:10E580005B4A2B680021092B117029DCAE68002E34
:10E5900069D06B6B002B00F090802B6E002B00F08D
:10E5A0008E80D5F88C30002B00F08B80D5F8B830F9
:10E5B000002B00F08880D5F8E430002B00F0858037
:10E5C000D5F81031002B4DD0D5F83C31002B7ED042
:10E5D000D5F86831002B7CD0D5F89431002B7AD057
:10E5E0004A494B481EF0E6FC4FF0FF36454C464B7F
:10E5F0000293062100230122CDE9002203911A464D
:10E6000041F2563126603E48FFF7A6F9206004B07B
:10E61000BDE8F081324B334A1868344B156883F8F3
:10E62000204083F8784083F84C400321962205234C
:10E6300045610125C0E9013301600261C560FCF755
:10E640003FFE314B0293CDE9005523460395224608
:10E6500040F29E712A48FFF77FF92A4B186004B0F8
:10E66000BDE8F08106262C2404FB065429494FF40A
:10E670007A73012263610023C4E90213E3616362D8
:10E6800084F828302274A26184F820201FF0ACFAAC
:10E690002B68606001332B60A8E74FF496724FF44B
:10E6A000DC710A201EF040FF25E74FF4FA724FF4A8
:10E6B000DC610A201EF038FF61E70126D3E702265D
:10E6C000D1E70326CFE70426CDE70526CBE70726CB
:10E6D000C9E70826C7E70926C5E700BFF27600208C
:10E6E000387C0020287C00205C7B0020147E0020E9
:10E6F00008600020C482002080740020DD9E03009A
:10E70000887400204476002069E4020048E1050096
:10E71000148D0020C9BA0200247700209368012BD1
:10E7200000D0704710B5104684B01FF02DFA0128B4
:10E7300001D004B010BD00230749084C019000909F
:10E7400003931A460291064823704FF47A71FFF73B
:10E7500003F9044B1860ECE7C9BA02000860002016
:10E7600088740020447600202DE9F04F85B004AC79
:10E7700004E90E00DDF80480B8F1000F47D00088EE
:10E780004FF6FF76B04242D00E9BD3F82C90C209D0
:10E7900009EBC20200F07F03506810EBC30036D0D3
:10E7A000029DB0F806B06F1E4FF0010A4744BAF15F
:10E7B000000F12D1B3452AD04FEADB1309EBC30394
:10E7C0000BF07F0B586810EBCB0020D08AF0010AC9
:10E7D000B0F806B0BAF1000FECD00379042B31D0B9
:10E7E000052B2BD0022B16D0002DE3D14FF6FF7353
:10E7F0009B450CD04FEADB1309EBC3090BF07F0BF1
:10E80000D9F8040000EBCB0005B0BDE8F08F002084
:10E8100005B0BDE8F08F04462CF095F8A842C9D1A8
:10E82000002DE3D0601E08F1FF3313F8011F10F82C
:10E83000012F9142BED19F42F7D1D7E70468E0880B
:10E840000834EBE704682046002CE7D02CF07BF876
:10E85000E4E700BF437EDBB1037E202B12D8DFE864
:10E8600003F02511111111111111111515111115A7
:10E870001111111111111111111111111111111188
:10E880001111150001230373002070470023437604
:10E89000D0E904329A4206D95A1C02611B780376E9
:10E8A00001224276D9E74FF480730383037B002B68
:10E8B00014BF0220012070472DE9F04F457E85B03E
:10E8C0000446002D00F01E81057EDFF88CB3002287
:10E8D000134662760092BBB1267E0022B542627674
:10E8E0001FD0002E00F004815C2E22D067685FB13B
:10E8F000A168FB88994200F0C8800F440131A160F3
:10E900003E72637E002BE7D160692369984240F232
:10E9100098815A1C22611E7826760022B5426276C2
:10E92000DFD16368002B14BF0020042005B0BDE8D0
:10E93000F08FD4E90430984240F2D7805E1C266103
:10E940001978217601276776002900F0D180752992
:10E9500010D0BF4A2F2304E012F8023F002B00F032
:10E96000C0809942F8D15678002E00F0BA8000237A
:10E970006376BBE7B042627640F2B78003F1020CE7
:10E98000C4F810C05A7822766776002A00F0B0806A
:10E99000402A40F2B18022F02002A2F13701CEB22B
:10E9A0000F2E00F29E8000228445627680F09D80CA
:10E9B000DF1C27619978217601226276002900F018
:10E9C0009780402940F29B8021F02002373AD2B252
:10E9D0000F2A00F286804FF0000CB84242EA06117E
:10E9E00084F819C040F281801E1D2661DA782276F3
:10E9F00001276776002A7BD0402A86BF22F02002BA
:10EA0000373A303AD2B20F2A6BD842EA0112B042FA
:10EA10004FF0000112B2617667D9591D21611B794F
:10EA2000237601216176002B62D0402B86BF23F034
:10EA30002003373B303BDBB20F2B52D843EA0213A3
:10EA40009AB202F5205189B24FF0000CB1F5806FF7
:10EA50001EB284F819C0C0F0CB8002F510539BB2EF
:10EA6000B3F5806F5BD37F2A00F2AD806768002F1B
:10EA70003FF44BAFA368FA88934200F0F7801F443D
:10EA80000133A3603E72637E25E7D4F800A04900FD
:10EA9000DAF8009001F10108B8F5803FD9F80030AC
:10EAA00012D29B686B4A934201F10A0140F0B28096
:10EAB00038462BF0D1FE28B1A0F80680A16860602E
:10EAC00007461AE7D9F800305B685B4523D1384622
:10EAD0001FF0CCF801238AF804300022637E6260C4
:10EAE000F9E6032005B0BDE8F08F4FF4807323836F
:10EAF000022005B0BDE8F08F303AD6B250E7303989
:10EB0000CAB265E7D0E904329A4202D95A1C0261BE
:10EB10001D782576D9E6394648469847DAE7C2F3A4
:10EB20000903009A8DF808C043EA822303F5803276
:10EB3000C2F30531C2F3874242F0F00703F03F020F
:10EB4000C3F3851361F07F0162F07F0263F07F03FE
:10EB50008DF80B108DF80C708DF809208DF80A30A7
:10EB60000DF10D0808F1FF3808E01E440133A360E1
:10EB7000377218F8017D002F3FF4C3AE6668002E8F
:10EB8000F7D0A368F2889342EFD15A00D4F800A0DE
:10EB900002F10109B9F5803FDAF800302CD219688A
:10EBA000886802F10A012B4A9042844656D13046C9
:10EBB00001932BF051FE019BF0B1A0F80690A368E1
:10EBC00060600646D1E706F03F0363F07F03B2F5CD
:10EBD000006F8DF809308DF808C04FEA92131ED2ED
:10EBE00063F03F03DFB28DF80A700DF10B08B9E74F
:10EBF000C2F30903009388E61A6852685A451CD18B
:10EC000030461FF033F800234FF001028AF8042049
:10EC10006360AEE70A464846394698474BE703F03B
:10EC20003F029B1162F07F0243F0E0078DF80A205B
:10EC30008DF80B700DF10C0894E73146184690479B
:10EC4000E1E700232383002D7FF452AF69E600BF84
:10EC500068ED050081730200717302000A461846D0
:10EC60000193314663469847019BA5E7D4F800908D
:10EC70005A00D9F8008002F1010ABAF5803FD8F8AD
:10EC8000003012D29B6813498B4202F10A0219D15B
:10EC9000114638462BF0E0FD28B1A0F806A0A36885
:10ECA00060600746EBE6D8F800305B685B450DD145
:10ECB00038461EF0DBFF012389F804300022637E12
:10ECC000626008E6394640469847E5E739464046DF
:10ECD0009847F0E7817302002DE9F04F57EC106B75
:10ECE00089B00446894610EE100A002200233946F6
:10ECF0002AF0E4FA002837D132463B460546394629
:10ED0000304629F0BDFE02460B46304639462AF011
:10ED1000D5FA8046002800F0B581626A531C1F2B8B
:10ED200000F2078322446E21636211715A1C1F2A6C
:10ED300000F2ED822344752162621971551C1F2D6A
:10ED400000F2D78222446C21656211716A1C1F2A6D
:10ED500000F2C28263196C2162621971A36A0433E2
:10ED6000A36209B0BDE8F08F4B46B9F1000F00F087
:10ED70000F83012505EB8505013B4FEA4505F9D1D8
:10ED80000FF22043D3E90023304639462AF0B4FA83
:10ED9000002800F0FD800FF21443D3E90023304631
:10EDA00039462AF0A9FA002840F01B8382460FF268
:10EDB0000443D3E90023304639462AF09DFA00285F
:10EDC00040F02983FDA3D3E90023304639462AF0D9
:10EDD00093FA002840F01183FAA3D3E900233046C8
:10EDE00039462AF089FA002840F04D83F7A3D3E989
:10EDF0000023304639462AF07FFA002840F0358358
:10EE0000F4A3D3E90023304639462AF075FA0028E6
:10EE100040F01D83F1A3D3E90023304639462AF0A0
:10EE20006BFA002840F00583D94B00223046394662
:10EE30002AF062FA002840F0C682D64B0022304603
:10EE400039462AF059FA002840F0AF823046394658
:10EE50002AF0A4FA0928804610D9CF490346A1FB1D
:10EE600005251A4609F1FF39A1FB0303632A4FEA7E
:10EE7000D5054FFA89F94FEAD303F0D8404629F077
:10EE80003BFF02460B463046394629F0F7FD064661
:10EE900028460F4629F030FF02460B4630463946D9
:10EEA00029F0A4FF06460F462AF078FA834629F097
:10EEB00023FF02460B463046394629F0DFFD024665
:10EEC0000B4629F0DDFD2AF069FA0BEB0006AE4295
:10EED000C0F0E58108F10108BAF1000F40F0F181BE
:10EEE0000026B9F1000F13DDAB4BAC4802E0002A5D
:10EEF00000F0E181A3FB0626F60803FB06F109F109
:10EF0000FF39B0EB710F5FFA89F24FFA89F9EED24F
:10EF10000DF11E0BA0495D46A1FB0832D20802EBA1
:10EF20008203A8EB43034046303309282F4690461E
:10EF300005F8013DF0D8BBEB050800F0C780013DA6
:10EF400005EB0803211D606A0093023F01960D4600
:10EF500009E004EB000C626210468CF80460009B30
:10EF6000BB4200F0B280421C1F2A17F8016FF0D993
:10EF700020444FF000030371206829461EF084FCF2
:10EF8000002840F09F80606A0028E8D10122E0E775
:10EF900000220023304639462AF0B8F9002800F054
:10EFA0008F8069A3D3E90023304639462AF09AF9C5
:10EFB000002800F0858066A3D3E900233046394657
:10EFC0002AF086F9002840F09082824662A3D3E9B5
:10EFD0000023304639462AF07BF9002840F0DB82D6
:10EFE0005FA3D3E90023304639462AF071F900289F
:10EFF00040F0C3825CA3D3E90023304639462AF0AF
:10F0000067F9002840F0FF8259A3D3E90023304676
:10F0100039462AF05DF9002840F0E78256A3D3E98B
:10F020000023304639462AF053F9002840F0CF82B9
:10F0300053A3D3E90023304639462AF049F9002882
:10F0400040F0B78250A3D3E90023304639462AF076
:10F050003FF9002840F08482514B00223046394667
:10F060002AF036F900283FF4F1AE30463946494BD4
:10F07000002229F0BBFE0AF1FF3A06460F460FFABE
:10F080008AFAE3E600220023304639462AF020F9C6
:10F0900078B1636A5A1C1F2A00F2038223442D218F
:10F0A000626219710122A36A07F1004113440F46FD
:10F0B000A3624B46B9F1000F7FF45BAE01255FE61A
:10F0C0008246C3E60122002043E7019EA26A08EBC4
:10F0D0000203A362B9F1000F40F09F80BAF1000F64
:10F0E0003FF43FAE656A691C1F2900F23381621943
:10F0F0006520616201331071BAF1000FA362C0F2A2
:10F100003B811FFA8AFA244E5946A6FB0A32D208DE
:10F1100002EB8203AAEB43035046303309280D4625
:10F120001FFA82FA01F8013DEFD8BBEB010B00F0AA
:10F1300036810139636A01EB0B06023D002704F1B9
:10F14000040957E0AFF30080F168E388B5F8E43EC6
:10F15000148BD77DB207FE0AC2DEB78145549125D4
:10F160000CD13196FC53DA3280688965D639803902
:10F170001656E79EAF03D23C48AFBC9AF2D77A3E10
:10F18000FCA9F1D24D62503F9A9999999999B93F4A
:10F190000000594000002440CDCCCCCC999999195D
:10F1A0000000F03F00000000D01263413CBF737FBD
:10F1B000DD4F1575321D30F94877825AF5F93FE970
:10F1C000034F384D176E05B5B5B893460080E0374C
:10F1D00079C341430000000084D79741000000003C
:10F1E0000088C340E0186262134680F80480B5428C
:10F1F00000F0D5805A1C1F2A15F8018FF2D923443C
:10F2000049461F7120681EF03FFB002840F0C48073
:10F21000636A002BEBD10122E4E709F1FF395FFAC1
:10F2200089F908ABA3EB090106AFCB4D09393A4682
:10F23000A5FB0603DB0803EB8300A6EB4006303694
:10F2400002F8016D8A421E46F2D108ABA3EB090217
:10F25000A7EB09072E21033F09F1020902F80A1C56
:10F26000636A07EB09050026211D06E0E0186262CB
:10F27000134680F80480BD421FD05A1C1F2A17F87D
:10F28000018FF3D9234400911E7120681EF0FCFA0F
:10F29000009968B9636A002BEDD10122E6E7AE4B15
:10F2A000AE4A03FB06F3B2EB730FBFF41AAE2FE6C0
:10F2B00001220023DAE791462AE6A36A4B44A362BF
:10F2C0000CE7B8F1090F7FF60BAE0AF1010A0FFA4D
:10F2D0008AFA4FF0010803E66319214600251D71E3
:10F2E00051F8040B1EF0D0FA002800F0F180012242
:10F2F00030E5224400252146157151F8040B1EF01B
:10F30000C3FA002800F0DF802A4601251AE52344CD
:10F31000002521461D7151F8040B1EF0B5FA002896
:10F3200040F0CE80626A002A7FF408AD13460122C5
:10F3300000E522442146157151F8040B1EF0A4FA91
:10F34000002840F0BA80636A002B7FF4EFAC1A46C5
:10F350000123E7E4621921460025157151F8040BD9
:10F360001EF092FA002840F0B880D4E90953002D2D
:10F370007FF4C2AE0121BAE62D212046F8F7FCFC4D
:10F38000A36ACAF1000A18441FFA8AFAA062BAE610
:10F390000125CA46C84671E50122002322E7A36A77
:10F3A0005B44A36209B0BDE8F08F3046394656A3EE
:10F3B000D3E9002329F01AFD0AF1010A06460F4697
:10F3C0000FFA8AFA42E53046394651A3D3E90023C1
:10F3D00029F00CFD0AF1020A06460F460FFA8AFAD6
:10F3E0002BE5304639464CA3D3E9002329F0FEFC37
:10F3F0004FF4807A06460F46D9E43046394648A392
:10F40000D3E9002329F0F2FC0AF1400A06460F4630
:10F410000FFA8AFAE0E43046394643A3D3E90023E1
:10F4200029F0E4FC0AF1800A06460F460FFA8AFA30
:10F43000C8E4304639463EA3D3E9002329F0D6FC80
:10F440000AF1040A06460F460FFA8AFAECE430463F
:10F45000394639A3D3E9002329F0C8FC0AF1080A88
:10F4600006460F460FFA8AFAD4E43046394634A3EA
:10F47000D3E9002329F0BAFC0AF1100A06460F4628
:10F480000FFA8AFABCE4304639462FA3D3E90023A9
:10F4900029F0ACFC0AF1200A06460F460FFA8AFA58
:10F4A000A4E42344214683F8048051F8040B1EF0A1
:10F4B000EBF9A8B143460122F0E52A46012331E4E5
:10F4C0002B46012236E4656A002D7FF43FAC1BE732
:10F4D000656A002D7FF442AC09E7A36A012106E6C4
:10F4E000636A002BE7D00246DDE53046394618A3B3
:10F4F000D3E9002329F07AFC6FF0FF0A06460F4695
:10F5000064E500BFAFF300809A9999999999B93F42
:10F510007B14AE47E17A843F436FAC642806C80A87
:10F520003DA7F444FD0FA5329D978CCF08BA5B250B
:10F530002D431CEBE2361A3F3A8C30E28E79453E81
:10F54000BC89D897B2D29C3C33A7A8D523F64939B9
:10F550003CBF737FDD4F1575CDCCCCCC99999919F3
:10F56000304639463C4B002229F040FCAAF1020A01
:10F5700006460F460FFA8AFA6EE5304639462AA348
:10F58000D3E9002329F032FCAAF1400A06460F46CF
:10F590000FFA8AFA2EE53046394625A3D3E900232F
:10F5A00029F024FCAAF1800A06460F460FFA8AFACF
:10F5B00016E53046394620A3D3E9002329F016FC8E
:10F5C000AAF1040A06460F460FFA8AFA3AE53046CF
:10F5D00039461BA3D3E9002329F008FCAAF1080A45
:10F5E00006460F460FFA8AFA22E53046394616A338
:10F5F000D3E9002329F0FAFBAAF1100A06460F46C8
:10F600000FFA8AFA0AE53046394611A3D3E90023F6
:10F6100029F0ECFBAAF1200A06460F460FFA8AFAF7
:10F62000F2E400BFAFF30080F5F93FE9034F384D36
:10F63000321D30F94877825A000000000088C3402C
:10F640000000000084D797410080E03779C3414330
:10F65000176E05B5B5B89346000059402DE9F04F37
:10F6600003790C4613F0100187B0054652D001888B
:10F670004FF6FF70814200F07F83D26AC80902EB27
:10F68000C00201F07F01526802EBC102023B3E2B37
:10F6900042D8DFE813F06800AB00D4002401660113
:10F6A00041004100410097014100DF014100730228
:10F6B0004100410041004100410041004100410042
:10F6C000410041004100FD02410029024100F502D4
:10F6D00041007E02410041004100410041004100E3
:10F6E0004100410041004100410041004100410012
:10F6F0004100410041004100410041004100410002
:10F7000041004100410041004100410041004100F1
:10F710004100B7020A46B9E7626A551C1F2D00F284
:10F72000A88322446E21656211716A1C1F2A00F2AF
:10F730005F836319752162621971551C1F2D00F2D8
:10F74000478322446C21656211716A1C1F2A00F2F2
:10F75000818363196C2162621971A06A0430A0620E
:10F7600007B0BDE8F08F28462BF0EDF8666A731CF1
:10F770001F2B0746A84600F25C83B11CA219222069
:10F78000636210710120A26A0244A262002F00F09D
:10F790009D803D444FF0000904F1040A18F8017BF4
:10F7A000C34A222603E01679002E00F076835179B1
:10F7B000B94202F10202F6D15F1C1F2F00F2D3857D
:10F7C0001A46023322445C21676201201171A26A49
:10F7D0001F2B0244A26200F28585591C27446362F4
:10F7E00001323E71A262A845D8D16FE02E68F5883B
:10F7F000002D00F090820736636A06EB05094FF092
:10F80000000804F1040A06E0E0186262134607717A
:10F810004E4500F080825A1C1F2A16F8017FF3D94A
:10F820002344514683F8048020681EF02DF80028F8
:10F8300040F09182636A002BEAD10122E4E72F684D
:10F84000002F00F0268338462BF07DF8064600F1A5
:10F85000FF38656A6B1C1F2B00F23286A91C6219E7
:10F860002220636210710120A26A0244A2626EB378
:10F8700008F10108B8444FF0000904F1040A17F830
:10F88000016B8B4A222503E01579002D00F02583BA
:10F890005179B14202F10202F6D15E1C1F2E00F234
:10F8A00073851A46023322445C216662012011717D
:10F8B000A26A1F2B0244A26200F23485591C26441E
:10F8C000636201323571A2624745D8D11F2900F227
:10F8D000B08323442222616201201A71CAE1626A64
:10F8E0002F68531C1F2BFE8807F1080A00F2908234
:10F8F000911C22442220636210710120A26A0244FA
:10F90000A262002EE2D0083637444FF0000804F11E
:10F9100004091AF8016B664A222503E01579002DC7
:10F9200000F0CA825079B04202F10202F6D15E1CA8
:10F930001F2E00F207851A46023322445C216662BC
:10F9400001201171A26A1F2B0244A26200F2DA8424
:10F95000591C2644636201323571A262BA45D8D17E
:10F96000B4E72D78002D40F01182636A5A1C1F2ADB
:10F9700000F21A862344662162621971551C1F2DFC
:10F9800000F2018622446121656211716A1C1F2AFE
:10F9900000F2E88563196C2162621971551C1F2DF4
:10F9A00000F2CF8522447321656211716A1C1F2AFF
:10F9B00000F2B7856319652162621971A06A05308A
:10F9C000A062CDE6D5F800B00DF116052F46002651
:10F9D000584631460A22002329F05EFE02F1300C1F
:10F9E000584631460A220023BA4607F801CD29F0CD
:10F9F00053FEB146D846B9F1000F08BFB8F10A0F5F
:10FA000083460E46E4D2ED1B00F08581013F636A18
:10FA10002F44AAF1020A002604F1040907E0E018C5
:10FA20006262134680F80480574500F074815A1CC6
:10FA30001F2A1AF8018FF2D9234449461E71206803
:10FA40001DF022FF002840F07D81636A002BEBD17E
:10FA50000122E4E72E68002EC0F24085F7170DF171
:10FA60001605A846304639460A22002329F014FE1E
:10FA70003032002330463946C14608F8012D0A22AB
:10FA800029F00AFE3B463246002B08BF0A2A0646EA
:10FA90000F46E7D2B5EB080500F03D8108F1FF38CD
:10FAA000636AA844A9F10209002604F1040A08E0E7
:10FAB00068ED0500E018626213460771C84500F062
:10FAC0002A815A1C1F2A19F8017FF3D92344514671
:10FAD0001E7120681DF0D8FE002840F03681636A50
:10FAE000002BEBD10122E5E7D2E90067002E77F188
:10FAF0000003C0F200850DF11605A84630463946D0
:10FB00000A22002329F0C8FD30320023304639464E
:10FB1000C14608F8012D0A2229F0BEFD3B463246B7
:10FB2000002B08BF0A2A06460F46E7D2B5EB0805A8
:10FB300000F0F18008F1FF38636AA844A9F10209D6
:10FB4000002604F1040A06E0E01862621346077119
:10FB5000C84500F0E0805A1C1F2A19F8017FF3D92C
:10FB6000234451461E7120681DF08EFE002840F08F
:10FB7000EF80636A002BEBD10122E5E7286829F0CA
:10FB8000DDF841EC100B20460621FFF7A5F8A06A2E
:10FB9000E6E57B212046F8F7EFF8A36A2D884FF6BB
:10FBA000FF771844BD42A06200F0BB8001264FF0F1
:10FBB0000008E26AD36AE90903EBC10305F07F0597
:10FBC0005B6803EBC50528462146FFF747FDED8836
:10FBD000BD4200F0A680636A002E03F1010214BF4B
:10FBE0004FF03A094FF02C091F2A00F29C80234461
:10FBF0006262012083F80490A36A034486F0010640
:10FC0000A362D6E75B212046F8F7B6F82E88A36AF0
:10FC10004FF6FF771844BE42A0624FF02C084FEA1F
:10FC2000D61506F07F00214620D0E26AD36A03EBA6
:10FC3000C5035D6805EBC0052846FFF70FFDEE889C
:10FC4000BE4213D0656A6A1C1F2A00F28A806319BB
:10FC50006262012083F80480A36ABE420344A36267
:10FC60004FEAD61506F07F002146DED15D21204601
:10FC7000F8F782F8A36A1844A06207B0BDE8F08FD5
:10FC8000204692ED000B0921FFF726F8A06A67E5F0
:10FC9000D2E9006B0DF116052F46304659460A226F
:10FCA000002329F0F9FC02F1300C304659460A22B3
:10FCB0000023BA4607F801CD29F0EEFCD946B0463C
:10FCC000B9F1000F08BFB8F10A0F06468B46E4D21F
:10FCD000ED1B20D0013F636A2F44AAF1020A0026DF
:10FCE00004F1040906E0E0186262134680F804801B
:10FCF000574510D05A1C1F2A1AF8018FF3D92344F4
:10FD000049461E7120681DF0BFFD38BB636A002B99
:10FD1000EED10122E7E7A06A2844A06207B0BDE85F
:10FD2000F08F7D21A3E72344214683F8048051F816
:10FD3000040B1DF0A9FD08BB636A002B7FF45CAFC8
:10FD4000012254E70122002369E601220023B1E6E3
:10FD500001220023F8E60122002355E501220023B9
:10FD6000C1E76319214600251D7151F8040B1DF0F0
:10FD70008BFD30B101226AE7002287E401220023D3
:10FD800035E7656A002D7FF467AFF3E7626A551CBB
:10FD90001F2D00F2408422447421656211716A1C97
:10FDA0001F2A00F227846319722162621971551C9F
:10FDB0001F2D00F2418422447521656211716A1C75
:10FDC0001F2A00F202846319652162621971C4E47A
:10FDD000224400252146157151F8040B1DF054FDF5
:10FDE00018B9656A002D7FF4B0AC2A460125A8E455
:10FDF0006319214600251D7151F8040B1DF044FDC7
:10FE000020B9626A002A7FF498AC1546012290E47A
:10FE1000224400252146157151F8040B1DF034FDD4
:10FE2000002840F0E283636A002B00F04484591CF0
:10FE300064E5A21921460026167151F8040B1DF045
:10FE400023FD002840F06483636A002B00F05F8389
:10FE5000591C98E46319214600251D7151F8040BC3
:10FE60001DF012FD18B9656A002D7FF476AC0122F1
:10FE70006FE4224400252146157151F8040B1DF052
:10FE800003FD18B9656A002D7FF44FAC2A460125A1
:10FE900047E44FF0FF383E46DBE477B35A1C1F2A95
:10FEA00000F25581991C1E46134626446362377141
:10FEB0000126A26A324495E4002E00F088805A1C84
:10FEC0001F2A00F2D680991C1D4613462544636202
:10FED0002E710125A26A2A443FE5002E42D05A1C09
:10FEE0001F2A00F2B780991C1D4613462544636201
:10FEF0002E710125A26A2A44E5E45A1C1F2A00F249
:10FF0000E481E1185C206262023308711F2B00F269
:10FF1000BC8122447521636211715A1C1F2A00F2B0
:10FF2000C4812344302162621971531C1F2B00F2DB
:10FF30006D8122443021636211715A1C1F2A00F224
:10FF400085812344302162621971531C1F2B00F2FA
:10FF50002D81591C2244302063621071A26A06323E
:10FF6000A26240E45A1C1F2A00F28081E1185C2042
:10FF70006262023308711F2B00F2588122447521FE
:10FF8000636211715A1C1F2A00F230812344302110
:10FF900062621971531C1F2B00F218812244302118
:10FFA000636211715A1C1F2A00F2F0802344302131
:10FFB00062621971531C1F2B00F2D880591C224415
:10FFC000302063621071A26A0632A2627CE45A1C7D
:10FFD0001F2A00F2AD80E1185C20626202330871D2
:10FFE0001F2B00F2858022447521636211715A1C17
:10FFF0001F2A00F28D802344302162621971531C44
:020000023000CC
:100000001F2B65D822443021636211715A1C1F2AAC
:100010004ED82344302162621971531C1F2B37D8EC
:10002000591C2244302063621071A26A0632A26217
:1000300094E42344002521461D7151F8040B1DF062
:1000400023FC002840F00782636A002B7FF412AE85
:1000500001213EE4234451461D7120681DF014FC2B
:10006000002840F0AC81636A002B00F0A781591C86
:1000700040E7234449461D7120681DF005FC002817
:1000800040F0A181636A002B00F09C81591C21E79C
:100090002244494682F8048020681DF0F5FB0028C0
:1000A00040F0DF81636A002B00F0DF82591CBCE75F
:1000B0002344494683F8048020681DF0E5FB0028AE
:1000C00040F08481626A002A00F08081531CA5E719
:1000D0002244494682F8048020681DF0D5FB0028A0
:1000E00040F07E81636A002B00F07A815A1C8EE713
:1000F0002244494682F8048020681DF0C5FB002890
:1001000040F06981636A002B00F065815A1C6FE73B
:100110002344494683F8048020681DF0B5FB00287D
:1001200040F06381626A002A00F05F81531C67E738
:10013000234449461E7120681DF0A6FB002840F0AC
:100140005981626A002A00F05581531C48E7234414
:1001500051461E7120681DF097FB002840F0788101
:10016000636A002B00F07381591CA2E622445146B9
:1001700082F8049020681DF087FB002840F06D8114
:10018000636A002B00F06D82591C1CE72344514622
:1001900083F8049020681DF077FB002840F043812D
:1001A000626A002A00F03F81531C04E72244514652
:1001B00082F8049020681DF067FB002840F055810C
:1001C000636A002B00F04982591CC7E6224451465D
:1001D00082F8049020681DF057FB002840F0E4806E
:1001E000636A002B00F0E0805A1CDCE62344514691
:1001F00083F8049020681DF047FB002840F0FF8042
:10020000626A002A00F0FB80531CC4E62244514677
:1002100082F8049020681DF037FB002840F00D8123
:10022000636A002B00F009815A1C87E6224451467C
:1002300082F8049020681DF027FB002840F0F88029
:10024000636A002B00F0F4805A1C9CE6234451465C
:1002500083F8049020681DF017FB002840F0F2801E
:10026000626A002A00F0EE80531C6FE62344514678
:100270001E7120681DF008FB002840F0CA80626AE9
:10028000002A00F0C680531C75E62244514682F8CD
:10029000049020681DF0F8FA002840F0B580636AE9
:1002A000002B00F0B1805A1C38E62344514683F8F5
:1002B000049020681DF0E8FA002840F0AF80626AE0
:1002C000002A00F0AB80531C30E6234451461F71D6
:1002D00020681DF0D9FA00286BD1626A002A68D024
:1002E000531C13E62744514687F8049020681DF0FC
:1002F000CBFA002800F0BD80A26A0221012300276A
:10030000FFF76CBA2644494686F8048020681DF041
:10031000BBFA002800F0CC80A26A0221012300264B
:10032000FFF717BB2644514686F8049020681DF05D
:10033000ABFA002800F0A580A26A02210123002662
:10034000FFF7BDBA2344494683F8048020681DF0B6
:100350009BFA002840F0A280666A002E00F0898196
:10036000731CFFF7EFBA2344514683F804902068CA
:100370001DF08AFA002840F09680676A002F00F08E
:100380007D817B1CFFF723BA2344514683F80490F8
:1003900020681DF079FA00287BD1666A002E00F0F3
:1003A0007281731CFFF784BA302323710222012368
:1003B000FCE55C23237101220223AAE51D460221EC
:1003C000012393E51D46022101237FE5302323719C
:1003D0000122022324E675232371022201230AE667
:1003E000302323710222012313E6302323710122DB
:1003F000022307E65C23237101220223F3E5302365
:10040000237101220223C9E57523237102220123EE
:1004100087E55C23237101220223AFE5302323719A
:100420000122022385E53023237101220223C5E541
:100430007523237102220123A8E5302323710222B0
:1004400001237EE5302323710122022381E51E462C
:100450000221012329E52B46FAE50221012300228E
:10046000ADE5022101230022DBE502210123002268
:1004700070E5D4E90932002B00F01481591CFFF714
:10048000B1B9D4E90932002B00F00281591CFFF701
:100490001ABA022301260022FFF705BA0223012619
:1004A0000022FFF74ABA022301270022FFF78AB988
:1004B000D4E90932002B00F0F080591CFFF74DBA47
:1004C000621921460025157151F8040B1DF0DCF965
:1004D00018BB636A03B3591CFFF7C6B92D21204628
:1004E000F7F74AFCA36AF71718447642A06267EB55
:1004F0004707FFF7B4BA2D212046F7F73DFCA36A62
:100500007642184467EB4707A062FFF7F4BA1E462D
:1005100002210123FFF732B91D4602210123FFF713
:100520009EB96319214600251D7151F8040B1DF079
:10053000ABF918B9656A002D7FF440AA0122FFF7D4
:1005400039BA224400252146157151F8040B1DF0DB
:100550009BF918B9656A002D7FF428AA2A4601255F
:10056000FFF720BA6319214600251D7151F8040BCD
:100570001DF08AF920B9626A002A7FF40FAA154695
:100580000122FFF707BA224400252146157151F8D0
:10059000040B1DF079F918B9656A002D7FF4F6A9EE
:1005A0002A460125FFF7EEB9234421461D7151F873
:1005B000040B1DF069F9002879D1626A002A7FF4E2
:1005C000DDA913460122FFF7D5B96319214600259D
:1005D0001D7151F8040B1DF057F918B9656A002D0B
:1005E0007FF4BBA80122FFF7EEBB2A4602210123BC
:1005F000FFF77FB96319214600251D7151F8040BDF
:100600001DF042F920B9626A002A7FF4D0AB15468A
:100610000122FFF7C8BB224400252146157151F87D
:10062000040B1DF031F918B9656A002D7FF4B7ABE2
:100630002A460125FFF7AFBB22440025214615714C
:1006400051F8040B1DF020F918B9656A002D7FF4EC
:10065000B6AB2A460125FFF7AEBB1A46022101239D
:1006600078E41A4602210123A9E41A460221012353
:10067000D7E4324602230126FFF75FB93A46022348
:100680000127FFF79FB8324602230126FFF70BB977
:100690001E4602210123FFF712B91E460221012343
:1006A000FFF757B91F4602210123FFF797B82B46E2
:1006B0000122FFF75FB91A4602210123FFF719B99A
:1006C0002DE9F041A4B002AB144683E803000FCC3F
:1006D00004AD0FC50FCC0FC594E8030085E80300F7
:1006E00004AE0FCE0EAC0FC4DDE902780FCE0FC4FE
:1006F00095E8030084E803000EAE0FCE18AD0FC5D9
:100700000FCE0FC594E8030085E80300179B0E98F1
:1007100024AA134400240FA903F8544C22941DF07A
:10072000B3F80D9B0498CDF88C8024AA134405A936
:1007300003F87C4C1DF0A8F89FB118A94246384632
:10074000FEF78CFF219B044619A924AA134400221A
:10075000189803F82C2C1DF097F8204624B0BDE81B
:10076000F081219B5C1C1F2C25D819A924AA1344B5
:100770006E20219403F82C0C631C1F2B48D824AA4C
:1007800022447520219302F82C0C5C1C1F2C31D8BC
:1007900024AA13446C20219403F82C0C631C1F2BF7
:1007A0001BD824AA22446C20219302F82C0C229CF2
:1007B00004342294C9E724AA134419A9189803F809
:1007C0002C7C01911DF060F8019900283AD1219C00
:1007D000002CD1D123460124C8E724AB1A190024E8
:1007E000189802F82C4C01911DF04EF8019920B395
:1007F0000123D6E724AA13440024189803F82C4CAC
:1008000001911DF041F8019998B123460124BFE7F9
:1008100024AB1A190024189802F82C4C01911DF0F1
:1008200033F8019918B9219B002BAED11C46012346
:10083000A5E7219C002CB1D1E7E7219C2346002CA1
:10084000B5D1D5E73B46012490E700BFD0E900329F
:100850009A4283BF5A1C02601A7800220123027256
:10086000437270472DE9F04F427E8DB004460D462D
:10087000002A7CD0027E202A12D8DFE802F08611FE
:100880001111111111111176761111761111111129
:1008900011111111111111111111111111117600F4
:1008A00001217B2A217304F1100900F284815A2A64
:1008B00046D9A2F15B01202900F27D81DFE811F029
:1008C000D6007B017B017B017B017B017B017B01EE
:1008D0007B017B017B0136017B017B017B017B017D
:1008E0007B017B017B0121007B017B017B017B0183
:1008F0007B0159017B017B017B017B017B017B013A
:100900007600CD4913460020012511E011F8012F92
:100910006076002A00F0AD81D4E904369E4203F1EE
:1009200001073AD927611B7823766576002B37D0EB
:100930009342EBD04FF0030840460DB0BDE8F08F76
:10094000222A02D0272A40F0368163680022A26062
:10095000002B00F067822046FDF7AEFF8046C0B94D
:1009600029462046F7F724FA13E000226276D4E9FC
:100970000421914206D9511C21611278227601216D
:10098000617678E74FF480732383237B43B94FF07C
:10099000010840460DB0BDE8F08F4FF4807323830B
:1009A0004FF0020840460DB0BDE8F08FDEB22022C5
:1009B0004FF0FF332A712B60002E00F0608100237E
:1009C000606963761A4601272369984203F10101A1
:1009D000E3D921611B7823766776202B00F298817A
:1009E00001A151F823F000BFA1090300110D03007C
:1009F000110D0300110D0300110D0300110D030073
:100A0000110D0300110D0300110D0300910E0300E1
:100A1000910E0300110D0300110D0300910E030050
:100A2000110D0300110D0300110D0300110D030042
:100A3000110D0300110D0300110D0300110D030032
:100A4000110D0300110D0300110D0300110D030022
:100A5000110D0300110D0300110D0300110D030012
:100A6000110D0300110D0300910E030040214FF002
:100A7000FF32DBB229712A60002B00F000810022D6
:100A800066696276114601272269964202F10100E9
:100A900083D92061127822766776202A00F2F280CC
:100AA00001A050F822F000BFA1090300850C03004B
:100AB000850C0300850C0300850C0300850C0300E6
:100AC000850C0300850C0300850C0300950E0300C4
:100AD000950E0300850C0300850C0300950E0300A2
:100AE000850C0300850C0300850C0300850C0300B6
:100AF000850C0300850C0300850C0300850C0300A6
:100B0000850C0300850C0300850C0300850C030095
:100B1000850C0300850C0300850C0300850C030085
:100B2000850C0300850C0300950E030000232B7039
:100B3000637E06212971002B00F0BC81237E3F4992
:100B4000002B3FF42DAF9A427FF4F4AE11F8012F41
:100B500000236376002A00F08C80D4E904309842A8
:100B60007FF61BAF581C20611B782376012060762E
:100B7000E6E701232B70637E06212971002B00F02C
:100B80009781237E2E49002B3FF40AAF9A427FF4CF
:100B9000D1AE11F8012F00236376002A69D0D4E981
:100BA000043098427FF6F9AE581C20611B782376FA
:100BB00001206076E7E700239E4604F11F004FF016
:100BC000010C1AE0392A03D902F0DF0145291CD1B2
:100BD0003F2B1AD084F819E000F8012FD4E9042142
:100BE000914282BF511C2161127884F819C003F12F
:100BF000010398BF0022DBB222762F2AE2D82B2AEB
:100C0000E6D0A2F12D010129E2D92344002283F884
:100C1000202004F1200108A8F7F71CFA9DF8208095
:100C200008F1FF33032B3FF685AEDFE813F00C012C
:100C3000200113010B0000BF8CED050084ED0500C1
:100C40007CED0500DDE90A673946304628F0C6FB31
:100C5000824628F073F802460B463046394628F0A3
:100C60002DFB8146002800F09A810E23C5F800A0D4
:100C70002B714FF0000840460DB0BDE8F08F4FF0EB
:100C8000050886E601215D2A217300F005815E1EBC
:100C90004FF6FF774FF0000AD4F81C8008A84146B1
:100CA000F6F7A8FE0899002900F04A816B88BDF884
:100CB0002420BB4200F00381D8F82C004FEAD31C5B
:100CC00000EBCC0003F07F03406800EBC303DA8045
:100CD0006A8033464FF000022046FFF7C3FD80468E
:100CE00000287FF456AE2046FDF7B4FD804600286C
:100CF0007FF44FAE637E002B00F0E880237E5D2BF7
:100D000000F0CA802C2B7FF415AE84F819A0C3E73D
:100D100001227D2B227300F0BF80DFF8F8A3DFF8FB
:100D2000F8B300276368A760002B00F0F080637EB3
:100D3000002B00F0DA80217E272900F0B1802229E3
:100D400000F0AE80637E002B00F08B812F2900F233
:100D50003A81A1F14103192B3FF6ECAD67762046AD
:100D6000F7F7BEF8637E002B00F03781217E2F2934
:100D7000A1F1410300F2C180192BEFD96368002B68
:100D800000F0DE802046FDF765FD804600287FF4F8
:100D900000AE637E002B00F0AC80237E3A2B7FF404
:100DA000C9ADD4E90132134467761F72D4E9013228
:100DB000D4F81C808DF8287008330893099208AB8A
:100DC000CDF800800ECB2846FDF7CEFC002800F0C1
:100DD000188141460390F7F7CDF8039B19464FF071
:100DE0000002731E2046FFF73DFD804600287FF479
:100DF000D0AD2046FDF72EFD804600287FF4C9AD1A
:100E0000637E002B00F0ED80237E7D2B44D02C2BC5
:100E10007FF490AD67762046FDF71CFD80460028E4
:100E200080D0B6E52668BB4A306803681B689342E9
:100E300040F0C68028201CF0FFFE00283CD0B64BB6
:100E40004360606087E50A9A2A600E232B714FF099
:100E500000089EE5DDE90A67012F08BF002E80F03B
:100E60008D800A232E602B714FF0000891E5DDE99B
:100E70000A9A19F100464AF10007012F08BF002E17
:100E800061D20C23C5F800902B714FF0000880E56B
:100E9000627699E56176F7E500206076804678E530
:100EA0002046FDF709FD804600283FF46BAF70E552
:100EB0009A4974E69A4950E601233371C1E7002349
:100EC00062F30F0362F31F432B6002E74846FFF70C
:100ED000BDFC237E5D2BDFD0627E002A7FF412AF43
:100EE0004846FFF7B3FC237E0CE74846FFF7AEFC0D
:100EF00021E74846FFF7AAFC4FE739297FF62EAFD6
:100F00005E297FF639AF7A297FF628AF36E7D4F825
:100F10000080D8F8000003681B68534540F0F78054
:100F200028201CF089FE002800F0ED80C0F804B0F5
:100F30006060FCE6B3F5007F40F00D810123237172
:100F40004FF0040825E5E469A28E4FF6FF739A423C
:100F500000F08C80E36AD10903EBC10302F07F014A
:100F60005B6833F83100A08603EBC1031C212A80A3
:100F700029714FF00008C3E9009A0AE5E16906A863
:100F8000F6F71CFE069B002BDAD0BDF81C202A8049
:100F90001A2129714FF00008C3E90067F9E4E169FB
:100FA00006A8F6F70BFE069B002B3FF4F2ACBDF84B
:100FB0001C202A801E212971C846C3E90067E8E485
:100FC0002821984739E739297FF6C8AE5E297FF690
:100FD000C0AE7A297FF6C2AEACE44846FFF736FCD5
:100FE000C4E64846FFF732FC237E7D2B3FF454AF26
:100FF000627E002A7FF40BAF4846FFF727FC237E72
:1010000005E7414604A8F6F7F5FC049A002A97D0B4
:10101000414606A80392F6F7EDFC069B002B8FD005
:10102000039ABDF81C00D0806988BDF814C04FF643
:10103000FF7E71457ED0D8F82CE04FEAD1180EEB38
:10104000C80E01F07F01DEF804E00EEBC101A1F84B
:1010500006C06880114620460393F6F7A9FE039B5D
:10106000BCE64846FFF7F2FB217E6FE6218E27683B
:10107000002957D0E66A4A1E92B206EBC20CDCF891
:1010800004302BB1BCF8020036F832E0864555D862
:10109000638E99423FF44EAF4B1C9BB2B3F5007F79
:1010A00006EBC106238614BF4FF080084FF07F087F
:1010B0003B68184A1B6893424FEAC80147D108466B
:1010C0001CF0BAFD228EE16A7060013A92B201EB27
:1010D000C20700287B6808BF4FF000080020A6F870
:1010E00000807080002B3FF429AF31F832007988FE
:1010F00088427FF623AF01EBC212481C92B203EB89
:10110000C103788032E7012388F8043010E72821F2
:10111000984708E77973020001001F007CED050085
:1011200084ED0500638EABB10123E66A23864FF0A0
:101130008008BDE7A5F800C068808BE700EBC2120D
:10114000411C92B203EBC003ACF802100EE7384624
:101150009847B7E7E66A04F10C025B0096421FFA73
:1011600083F83B680ED09B6831464FEAC802384688
:10117000984700283FF4E2AE218EE062A4F8328066
:10118000064689E71B684FEAC80138469847002899
:101190003FF4D4AE31687268B368D6F80CC0C0F8BA
:1011A0000CC001604260836031697269B369D6F82E
:1011B0001CC0C0F81CC0016142618361DCE700BF54
:1011C0002DE9F04F9DB004460746008EADF804307F
:1011D00002AB83E8060057F80CBB04F1380808B3EB
:1011E0000026E36ADFF884A1B1460BE01CF03EFD67
:1011F000E36AC5F80090218EC5F804900136B2B2BA
:10120000914210D9B5B203EBC505696808460029BB
:10121000EFD0DBF800305B685345E7D0584698477D
:10122000E36AE6E7E36A00214FF6FF729F422186F8
:10123000A2860CD0DBF800204C4D5268AA4240F048
:10124000888018461CF012FD0423E7626386A168BB
:1012500026680023237161B1444D33680A685B68D6
:10126000A260AB42084662D11CF000FDA1680029D3
:10127000F3D1DDE90205002208909DF8053084F8DD
:101280003C20414604A80995CDE9052204940B941D
:101290008DF81C208DF82920FFF7E4FA054618B9CF
:1012A0009DF82850002D48D1059840B1049B2F4946
:1012B0001A6813685B688B424FD11CF0D7FC268EEE
:1012C000D4F80080DEB1D4F82CA0D8F80030284A39
:1012D0009B6806F10056013E0AEBC6099342B9F835
:1012E0000210D9F804004FEAC1012DD129F0B4FA57
:1012F00028B1B9F80230C9F804002AF83630E06A9B
:10130000874210D0218E638E8B420CD0D8F80030EB
:10131000174A9B6893424FEAC10122D129F09CFAF7
:10132000238EE062638628461DB0BDE8F08F30460C
:101330009847A168002990D19BE794F83C5015F09C
:10134000080518BF0325AFE70A46014640469847FF
:10135000CEE719465846904776E70146104698472B
:10136000ADE70A46014640469847D9E77173020047
:1013700081730200F0B51768ADF5077D0026314690
:101380004FF4FE72044607A8069628F0DFFB3946A4
:101390003246204814F06CF806AD01201CF030FCF9
:1013A00029464FF400721B4814F0A6F807460120A6
:1013B0001CF026FC294603A8EE551CF045F90A2529
:1013C0000399059A8DF801500A441348009BCDE912
:1013D0000112FFF7F5FEC5B203A81CF0DBF96DB9E9
:1013E0000D4B636093F83C20202A03F1380320461C
:1013F00018BF002323600DF5077DF0BD074908489D
:101400001BF014FD074B064853F825101BF03CFD5C
:10141000E6E700BF8C7600204C76002094ED0500B6
:10142000148D002028F205002DE9F0472DED028BE8
:101430008AB0054603A814461CF020F903AA2946E1
:1014400001A8FFF797FF019B002B6CD01A79202A87
:1014500069D1D4F80090B9F1000F64D018884FF624
:10146000FF77B8425FD0029BD3F82C80C20908EB0B
:10147000C20200F07F03506810EBC30053D04FF05E
:10148000010AA668C588BAF1000F10D1BD424AD042
:10149000EB0908EBC30305F07F05586810EBC500A6
:1014A00041D08AF0010AC588BAF1000FEED0037965
:1014B000042B5DD0052B57D0022B40D0002EE5D158
:1014C0004FF6FF7085422ED0EB0908EBC30305F001
:1014D0007F055C6814EBC50125D00B7913F0100271
:1014E0000DD034F83520824200F0A080D00908EBFE
:1014F000C00802F07F00D8F8042002EBC002023BD3
:101500001C2B10D8DFE803F03D0F3B61650F0F0F78
:101510006C0F730F7A0F0F0F0F0F0F0F0F0F0F0FAF
:101520007D0F840F8B009FED428A03A81CF032F9D7
:10153000B0EE480A0AB0BDEC028BBDE8F087044665
:1015400029F001FA8642A1D1002EB9D009F1FF336A
:10155000601E9A1901E09A42B2D013F8014F10F8B8
:10156000011F8C42F7D091E70468E0880834E9E76E
:101570000468002CA2D0204629F0E5F9E2E754F8EF
:10158000351006A8F6F766FD9DF81830013B032BD1
:10159000C9D8DFE803F017100902DDE9080127F0D8
:1015A0001DFF08EE100AC0E7DDE9080128F02EF85B
:1015B00008EE100AB9E7DDE9080128F02FF808EE77
:1015C000100AB2E79DED088AAFE754F835100831EC
:1015D000D7E714F8353008EE103AB8EE488AA4E799
:1015E00004EBC50393ED008AB8EE488A9DE704EB4F
:1015F000C50393ED008AB8EEC88A96E791ED008A9C
:1016000093E7D2E9000128F001F808EE100A8CE710
:10161000D2E9000128F002F808EE100A85E7D2E9C5
:10162000000127F0DBFE08EE100A7EE7002266E7E5
:10163000000000002DE9F04F8FB004460AA81746BD
:101640001CF01CF80AAA214606A8FFF793FEDDE964
:1016500006A30AA802931CF09DF8D7F80090BE6874
:10166000BAF1000F00F0AE819AF80430202B40F060
:101670009D80B9F1000F00F09980BAF800804FF614
:10168000FF70804500F09280029AD26A4FEAD8112A
:1016900002EBC10108F07F04496811EBC40400F0BB
:1016A0008580E58800974FF0010B2F46CDF8048028
:1016B000039015469846BBF1000F11D1039B9F4242
:1016C00073D0F90905EBC10107F07F024C6814EBF8
:1016D000C2046AD08BF0010BE788BBF1000FEDD09C
:1016E0002179042900F00B81052900F03C810229B1
:1016F00000F00981002EE1D12A464FF6FF7C3D46DD
:1017000065454346009FDDF804804FD0E90902EBB0
:10171000C10105F07F05496811EBC50046D000798D
:10172000402843D131F8354064453FD0E10902EB10
:10173000C10104F07F044D6815EBC40136D008796F
:1017400010F0100E00F03C8135F834E0E64500F072
:10175000E6814FEADE1C02EBCC020EF07F0E5268EF
:1017600002EBCE0202381C2800F2DB81DFE810F029
:101770000D01D9010B013C014001D901D901D90169
:101780004701D9014E01D9015501D901D901D9012A
:10179000D901D901D901D901D901D901D901D90179
:1017A0005801D9016101D90133014346DFEDBB7A0C
:1017B000CDED087A202B40F09B80B9F1000F00F0AE
:1017C0009780BAF800804FF6FF75A84500F090802A
:1017D000029BDF6A4FEAD81307EBC30308F07F08C8
:1017E000586810EBC80000F083804FF0010AB0F891
:1017F0000680BAF1000F12D1A84579D04FEAD8136C
:1018000007EBC30308F07F08586810EBC8006FD0DF
:101810008AF0010AB0F80680BAF1000FECD0037923
:10182000042B00F0A880052B00F0A180022B00F013
:101830008280002EE0D14FF6FF75A84558D04FEAC0
:10184000D81307EBC30308F07F085B6813EBC802EB
:101850004ED01279402A4BD133F83830AB4247D0C2
:10186000DA0907EBC20203F07F03526812EBC303ED
:101870003ED0DA88AA423BD0D30907EBC30302F07B
:101880007F005C6814EBC00132D00B7913F01002BA
:101890000CD034F83020AA4200F03F81D50907EB84
:1018A000C50702F07F057A6802EBC502023B1C2BDC
:1018B0001ED8DFE813F079001D0077002E0101012A
:1018C0001D001D001D0008011D000F011D00160157
:1018D0001D001D001D001D001D001D001D001D0020
:1018E0001D001D001D0019011D0020011D00270104
:1018F000DFED6A0A9DED080A0FB0BDE8F08F24689D
:10190000002C3FF4F7AE204629F01DF886427FF404
:10191000D5AE002E3FF4F0AE09F1FF31013C88193D
:1019200002E088423FF4E8AE11F8012F14F8013FBD
:101930009A42F6D0C2E6044629F005F8B0427FF498
:101940005BAF002E3FF477AF09F1FF33601E9A19A9
:1019500002E09A423FF46FAF13F8014F10F8011FF5
:101960008C42F6D048E72468E0880834CEE7046863
:10197000E0880834E2E70468002C3FF45AAF2046C0
:1019800028F0E1FFDAE755F834100AA8F6F762FB11
:101990009DF82830013B032B00F2C680DFE803F0FE
:1019A0006C655E5254F830100AA8F6F753FB9DF8A8
:1019B0002830013B032B9BD8DFE803F07B74686180
:1019C0007246CFE6DFED350ACDED080A9DED080A37
:1019D0000FB0BDE8F08FD2E90001009327F0FEFCC4
:1019E000009B07EE900AE3E655F834100831CCE787
:1019F00015F8342007EE902AF8EE677AD8E605EB62
:101A0000C402D2ED007AF8EE677AD1E605EBC402A3
:101A1000D2ED007AF8EEE77ACAE6D1ED007AC7E6B1
:101A2000D2E90001009327F0F1FD009B07EE900A38
:101A3000BEE6D2E90001009327F0F0FD009B07EE1F
:101A4000900AB5E6DDE90C0127F0C8FC07EE900A24
:101A5000D7F80090BE689AF80430A9E6DDE90C01D9
:101A600027F0D4FD07EE900AF2E7DDE90C0127F03C
:101A7000D5FD07EE900AEBE7DDED0C7AE8E7DDE94E
:101A80000C0127F0ABFC00EE900A33E7DDE90C0116
:101A900027F0BCFD00EE900A2CE700BF000000001C
:101AA00000000000DDE90C0127F0B8FD00EE900A0F
:101AB00020E7DDED0C0A1DE714F8303000EE903A17
:101AC000F8EE600A16E704EBC003D3ED000AF8EE67
:101AD000600A0FE704EBC003D3ED000AF8EEE00A5A
:101AE00008E7D1ED000A05E7D2E9000127F08EFDF5
:101AF00000EE900AFEE6D2E9000127F08FFD00EE2D
:101B0000900AF7E6D2E9000127F068FC00EE900A9F
:101B1000F0E654F83010083146E70022C6E600220D
:101B200020E6002308934EE65FED237A90E700BF9E
:101B30002DE9F04F2DED028B5A4EDFF878B1DFF82A
:101B400078A1DFF87891A3B00746884606A85649E1
:101B50001BF07AFDD6ED148A96ED158ACDED188A24
:101B600018AC8DED198A23460125594615A8059311
:101B70001BF06AFD0A22294612A81BF099FD12A942
:101B800015A81BF02BFF014606A81BF00BFE12A8A0
:101B90001BF000FE15A81BF0FDFD514612A81BF01E
:101BA00053FD06A915A81BF069FD12A915AA484600
:101BB000FFF740FD22AB03EBC50215A802ED0A0AB0
:101BC00042ED090A1BF0E6FD12A81BF0E3FD059BA0
:101BD0000135D96853F8082FF165052DB26506F176
:101BE0000806C2D12F48314EF7F75EF9304909A8EF
:101BF0001BF02AFD2C490CA81BF026FD0CA90FA8F0
:101C00001BF03CFDB0EE680A0FA81BF0B5FE314694
:101C10000FA81BF039FEB0EE480A0FA81BF0ACFE6F
:101C200004F120052C210FA81BF058FE94ED020AA8
:101C30000FA81BF0A1FE31460FA81BF025FE0834AB
:101C400094ED010A0FA81BF097FEA542EAD109A95D
:101C500012A81BF013FD0FA915A81BF00FFD15AB63
:101C60000122029312AB41460192009338460023B1
:101C7000F9F704FE15A81BF08DFD12A81BF08AFDD4
:101C80000FA81BF087FD0CA81BF084FD09A81BF012
:101C900081FD06A81BF07EFD23B0BDEC028BBDE8E4
:101CA000F08F00BF5C7B0020BC0A0600BCE705008B
:101CB000CCED0500B8ED0500BCED05000C7E002064
:101CC00038B59368012B00D038BD044610460D4648
:101CD0001BF05AFF0028F7D129462046BDE83840BE
:101CE000FFF726BF2DE9F04F9FB00E46054611467F
:101CF00007A81C461BF0C2FC07AA314603A8FFF741
:101D000039FBDDE903320092002B00F089801A795B
:101D1000202A40F08580D4F800B0BBF1000F7FD0BE
:101D20001A884FF6FF77BA427AD0009BD3F82C90EE
:101D3000D00909EBC00002F07F03426812EBC30236
:101D40006ED0A668D38806F1FF384FF0010AD84458
:101D5000BAF1000F10D1BB4262D0D80909EBC00024
:101D600003F07F03426812EBC30259D08AF0010AE4
:101D7000D388BAF1000FEED01079042870D005286E
:101D80006AD0022852D0002EE5D14FF6FF7293425E
:101D900046D0DA0909EBC20103F07F074E683C49DF
:101DA00006EBC70428461BF04FFC002C3CD02179E1
:101DB00004295DD0052967D0022961D00027009B46
:101DC0000594394628460AAE06930A9513971BF0E8
:101DD00031FD0FCE14AC0FC40FCE0FC496E8030034
:101DE00014AA84E80300DDE90501FEF769FC1D9BE8
:101DF00014981EAA134415A903F8247C1BF044FD73
:101E0000139B0A981EAA13440BA903F84C7C1BF0E1
:101E10003BFD07A81BF0BEFC28461FB0BDE8F08FB5
:101E20001B4928461BF010FC0024C7E7104601930D
:101E3000144628F088FD019B86428CD1002EA4D048
:101E4000621E0BF1FF3010F801CF12F8014FA445CC
:101E500081D18045F7D198E71468E0880834EBE732
:101E600014687CB12046019328F06DFD019BE3E7E7
:101E700056F837100029A1D028461BF0DBFCC8E734
:101E80002146F9E72046D7E756F837100831F3E73F
:101E9000BC0A0600000000002DE9F04F03468FB099
:101EA000884607A819461BF0E9FB9F4907AA05A821
:101EB000FFF760FA059C002C78D02379202B74D191
:101EC000D8F800A0BAF1000F6FD024884FF6FF7940
:101ED0004C456AD0069BD3F82CB0E3090BEBC30347
:101EE00004F07F055C6814EBC5045ED00126D8F8C9
:101EF0000870E5887EB94D4557D0EB090BEBC3035D
:101F000005F07F055C6814EBC5044ED086F0010631
:101F1000E588002EEFD02379042B4ED0052B64D01A
:101F2000022B4DD0002FE6D14FF6FF74A5423CD0D6
:101F3000EB090BEBC30305F07F05596811EBC500F6
:101F400068D0037913F010020DD031F83520A24289
:101F500000F0E480D4090BEBC40B02F07F04DBF843
:101F6000042002EBC402023B1C2B1ED8DFE803F066
:101F70006D1DB0B3B71D1D1DBA1DBF1DC21D1D1D9A
:101F80001D1D1D1D1D1D1D1DCD1D0F1D5400D2E944
:101F9000004314F1004243F1000300920193DDE994
:101FA0000023012B08BF002A00D3002407A81BF040
:101FB000F1FB20460FB0BDE8F08F2468002CB1D0B3
:101FC000204628F0C0FC874295D1002FACD00AF102
:101FD000FF33013CDA1901E09342A5D013F8010F59
:101FE00014F8011F8842F7D085E72468E088083498
:101FF000E9E7DDE90C674D4B00223046394627F012
:102000007BF938B146A3D3E900233046394627F09F
:1020100069F9A0B90446C9E7D2E90067434B002239
:102020003046394627F068F90028BED03CA3D3E9F2
:1020300000233046394627F055F90028B5D0304600
:10204000394627F083F90446B0E701460AA8F6F7B7
:1020500001F89DF82830013B032BA6D801A252F8C5
:1020600023F000BFA3200300852003007520030098
:10207000F31F0300DDE90C45002D08BFB4F1004F4C
:1020800094D392E7DDE90C4314F1004243F10003DD
:1020900002920393DDE90223012B08BF002A85D3B6
:1020A00083E7DDED0C7A9FED227AF4EEC77AF1EE4C
:1020B00010FAFFF67AAF9FED1F7AF4EEC77AF1EED1
:1020C00010FA3FF672AFFDEEE77A17EE904A6DE731
:1020D00051F83510BAE751F835100831B6E711F864
:1020E000354063E751F8354024EAE4745EE751F87F
:1020F00035405BE7D0ED007A9FED0D7AF4EEC77ABC
:10210000F1EE10FAFFF651AFD5E7D2E90045002D08
:1021100008BFB4F1004FFFF449AF46E7002222E7C1
:102120000000C0FFFFFFDF410C7E00200000E0C187
:10213000000000CFFFFFFF4E2DE9F0438DB00A22D3
:10214000042103A81BF0B4FA03A968461BF096FA11
:10215000C549C64CC64F68461BF06CFC0A220546B2
:10216000012106A81BF0A4FA06A928461BF036FC9C
:10217000BD491BF05FFC0A220546012109A81BF09E
:1021800097FA09A928461BF029FC0146B9481BF01B
:1021900075FA09A81BF0FEFA06A81BF0FBFA6846C0
:1021A0001BF0F8FA03A81BF0F5FAB34AB349B1489B
:1021B00023F082FD2046002500F8045BB0491BF0A7
:1021C00043FA0123FF262377C4E90455A561AD49ED
:1021D00004F120004FF002091BF036FAC4E90B5558
:1021E0006663A94984F8389004F13C001BF02CFA8E
:1021F0004FF00308AA23C4E91356A364A34984F843
:10220000548004F158001BF01FFA0423C4E9196537
:10221000E66684F870309E4904F174001BF014FAED
:1022200005227F23C4E92133C4F8806084F88C2020
:10223000984904F190001BF007FAE6220623C4E94E
:102240002855C4F89C2084F8A830934904F1AC00C8
:102250001BF0FAF961220723FE21C4F8BC20C4F860
:10226000C050C4F8B81084F8C4308C4904F1C800D8
:102270001BF0EAF90823C4E93566C4F8DC5084F899
:10228000E030874904F1E4001BF0DEF90923C4E9DA
:102290003C56C4F8F85084F8FC30824904F580704C
:1022A0001BF0D2F90A2384F81831C4E94356C4F864
:1022B00014617D4904F58E701BF0C6F9C4E94A66C5
:1022C0006D4A7A49C4F83061284623F0F5FC784815
:1022D000784E0FF0F1FF684A7749754823F0ECFC1F
:1022E000764810F08FF8644A7549744823F0E4FC8E
:1022F0007448614A7449057100F10C034FF480245D
:10230000C3624FF6FF738386C387856080F83C50B5
:102310000660046323F0D0FC6C496D4812F0FAFFAC
:102320006C496D481BF090F9534A54496A4823F0B0
:10233000C3FC18201DF0ECFF684B694902461A6087
:1023400068484A46F6F762FA4B4A6749654823F0FF
:10235000B3FC664966484246F6F758FA464A62496F
:10236000634823F0A9FC6348FAF714FD6248FAF7C2
:1023700011FD1BF039FC3C46054607F5DC76201DB7
:102380002C22002127F0E2FB2C3444F8285CB442D4
:10239000F5D100233B601BF027FC584D06462C4628
:1023A00005F5DC77201D2C22002127F0CFFB2C34F3
:1023B00044F8286CBC42F5D100242C605048514DA3
:1023C000FAF7E8FC5048F6F7E9FC2B4A4F494E482B
:1023D00023F072FC4E48F6F7CBFA274A4D494C4899
:1023E00023F06AFC4C48F7F76BF94C49224A4A48FB
:1023F00023F062FC4A4B4B4A1C8001269C70181D3E
:10240000167008F0F3FD284600F8084B08F0EEFDC2
:10241000314605F1080008F0F7FD2D2205F108000E
:10242000414908F0F3FD414941481BF00DF941498C
:1024300041481BF009F93F4940481BF005F90E4A95
:102440003F493B4823F038FC3E493F481BF0FCF82D
:1024500038493E481BF0F8F836493D481BF0F4F87F
:10246000054A374976E000BF1CE60500146A0020E3
:10247000147E0020486B00200060002095D70400E7
:10248000D8ED0500E0ED0500E8ED0500F0ED0500F4
:10249000F8ED050000EE050004EE05000CEE050069
:1024A00014EE05001CEE050024EE05005573020035
:1024B0006C7300200460002011310300B47300200D
:1024C000E93003004C7600209176020014A200202F
:1024D0008C760020BC0A0600FC760020387C0020A8
:1024E0008463002064770020057302008C63002061
:1024F00060790020606B0020887400203C7C002004
:10250000BC890020407700205C7B0020E974020039
:10251000F87F002015730200C48200208973020036
:102520007C8B00208074002038F505002CEE05001F
:10253000446200200CFC0500506200205C62002018
:102540003973020030EE05005C63002068630020F0
:1025500074630020A54823F0AFFBA549A5481BF0F4
:1025600073F8A549A5481BF06FF8A349A4481BF0D0
:102570006BF8A44AA4499F4823F09EFBA349A448B2
:102580001BF062F89C49A3481BF05EF89A49A248E8
:102590001BF05AF89B4A9C499D4823F08DFB9B49B0
:1025A0009E481BF051F89E499E481BF04DF89E49ED
:1025B0009E481BF049F8934A9349984823F07CFBC6
:1025C0009B499C481BF040F88B499B481BF03CF80A
:1025D00089499A481BF038F88A4A8B49954823F074
:1025E0006BFB934996481BF02FF88D4995481BF0DB
:1025F0002BF88D4994481BF027F8824A824990486D
:1026000023F05AFB914992481BF01EF87A499148F1
:102610001BF01AF8784990481BF016F8794A7A4965
:102620008B4823F049FB89498C481BF00DF87C4905
:102630008B481BF009F87A498A481BF005F8714A63
:102640007149864823F038FB874988481AF0FCFF17
:10265000694987481AF0F8FF674986481AF0F4FF7D
:10266000684A6949814823F027FB7F4982481AF06C
:10267000EBFF6B4981481AF0E7FF694980481AF07F
:10268000E3FF604A60497C4823F016FB7D497E48A1
:102690001AF0DAFF58497D481AF0D6FF56497C48AF
:1026A0001AF0D2FF574A5849774823F005FB75497D
:1026B00078481AF0C9FF5A4977481AF0C5FF5A49B5
:1026C00076481AF0C1FF4F4A4F49724823F0F4FA96
:1026D000734974481AF0B8FF474973481AF0B4FFB9
:1026E000454972481AF0B0FF464A47496D4823F001
:1026F000E3FA6B496E481AF0A7FF49496D481AF092
:10270000A3FF49496C481AF09FFF3E4A3E4968487A
:1027100023F0D2FA69496A481AF096FF36496948A7
:102720001AF092FF344968481AF08EFF354A36494C
:10273000634823F0C1FA614964481AF085FF3849BB
:1027400063481AF081FF2C4962481AF07DFF2D4A38
:102750002D495E4823F0B0FA5F4960481AF074FFD3
:1027600025495F481AF070FF23495E481AF06CFF54
:10277000244A2549594823F09FFA57495A481AF0E4
:1027800063FF274959481AF05FFF274958481AF054
:102790005BFF1C4A1C49544823F08EFA55495648A1
:1027A0001AF052FF144955481AF04EFF1249544886
:1027B0001AF04AFF134A14494F4823F07DFA4D4955
:1027C00050481AF041FF16494F481AF03DFF16498C
:1027D0004E481AF039FF0B4A0B494A4823F06CFA6D
:1027E0004B494C481AF030FF034995E05C630020E8
:1027F000F8E30500DC6000200CFC0500E860002028
:10280000F46000200060002039730200D4ED050060
:102810006C620020786200208462002080650020C5
:1028200034EE05008C650020BC0A06009865002087
:1028300038EE050064600020706000207C6000209D
:10284000F0630020FC630020086400203CEE0500DB
:1028500054610020606100206C610020B864002099
:10286000C4640020D0640020B8ED05002C61002075
:102870003861002044610020906400209C640020A6
:10288000A864002040EE05007C61002088610020E3
:1028900094610020E0640020EC640020F8640020D3
:1028A00044EE0500A4610020B0610020BC6100205E
:1028B00008650020146500202065002048EE050012
:1028C00004610020106100201C6100206864002069
:1028D00074640020806400204CEE05008C600020B1
:1028E00098600020A4600020186400202464002068
:1028F0003064002050EE0500E4620020F062002009
:10290000FC620020D0650020DC650020E865002026
:1029100054EE050094620020A5481AF095FEA549E2
:10292000A5481AF091FEA54AA549A64823F0C4F986
:10293000A549A6481AF088FE9E49A5481AF084FECB
:102940009C49A4481AF080FE9C4A9D499F4823F068
:10295000B3F99D49A0481AF077FEA049A0481AF0A3
:1029600073FEA049A0481AF06FFE944A94499A4811
:1029700023F0A2F99D499E481AF066FE8D499D48B4
:102980001AF062FE8B499C481AF05EFE8B4A8C4915
:10299000974823F091F9954998481AF055FE8F49C8
:1029A00097481AF051FE8F4996481AF04DFE834A17
:1029B0008349924823F080F9934994481AF044FEE1
:1029C0007C4993481AF040FE7A4992481AF03CFE3E
:1029D0007A4A7B498D4823F06FF98B498E481AF06B
:1029E00033FE7E498D481AF02FFE7E498C481AF03E
:1029F0002BFE724A7249884823F05EF989498A4859
:102A00001AF022FE6B4989481AF01EFE694988486F
:102A10001AF01AFE694A6A49834823F04DF9814940
:102A200084481AF011FE6D4983481AF00DFE6D4975
:102A300082481AF009FE614A61497E4823F03CF958
:102A40007F4980481AF000FE5A497F481AF0FCFD81
:102A500058497E481AF0F8FD584A5949794823F0F8
:102A60002BF977497A481AF0EFFD5C4979481AF05A
:102A7000EBFD5C4978481AF0E7FD504A504974482C
:102A800023F01AF9754976481AF0DEFD5349754866
:102A90001AF0DAFD534974481AF0D6FD474A4849FE
:102AA0006F4823F009F9714971481AF0CDFD414989
:102AB00070481AF0C9FD3F496F481AF0C5FD3F4AFA
:102AC0003F496B4823F0F8F868496C481AF0BCFDA0
:102AD00042496B481AF0B8FD42496A481AF0B4FD01
:102AE000364A3749654823F0E7F8674967481AF0DE
:102AF000ABFD304966481AF0A7FD2E4965481AF02B
:102B0000A3FD2E4A2E49614823F0D6F86249634856
:102B10001AF09AFD314962481AF096FD3149614830
:102B20001AF092FD254A26495C4823F0C5F85E4913
:102B30005E481AF089FD29495D481AF085FD27494C
:102B40005C481AF081FD1D4A1D49584823F0B4F82D
:102B500059495A481AF078FD204959481AF074FD2D
:102B60001E4958481AF070FD144A1549534823F07D
:102B7000A3F8554955481AF067FD184954481AF00A
:102B800063FD164953481AF05FFD0C4A0C494F4843
:102B900023F092F850495148F8F782FD50495148C6
:102BA000F8F77EFD50495148F8F77AFD5049A1E009
:102BB000A06200200CFC0500AC6200200060002038
:102BC000397302009462002058EE05000C63002067
:102BD0001863002024630020F865002034EE05000F
:102BE00004660020BC0A0600106600205CEE0500AA
:102BF000BC620020C8620020D4620020A8650020CA
:102C0000B4650020C065002060EE0500346300203C
:102C1000406300204C630020206600202C660020CA
:102C20003866002064EE05001C6200202862002047
:102C30003462002058650020646500207065002023
:102C400068EE0500F4610020006200200C620020A4
:102C5000306500203C650020486500206CEE0500D2
:102C60000C600020186000202460002070EE050039
:102C7000B4600020C0600020CC60002040640020D0
:102C80004C6400205864002074EE0500CC610020E4
:102C9000D8610020E461002024EC0500C46300201A
:102CA000D0630020DC63002078EE05004866002039
:102CB00054660020606600207CEE05009C630020C6
:102CC000A8630020B463002080EE0500346000207B
:102CD000406000204C60002044620020246D0020F1
:102CE0005C6300204C6D0020DC600020746D0020CF
:102CF0006C6200204D48F8F7D3FC4D494D48F8F779
:102D0000CFFC4D494D48F8F7CBFC4D494D48F8F7FD
:102D1000C7FC4D494D48F8F7C3FC4D494D48F8F7FD
:102D2000BFFC4D494D48F8F7BBFC4D494D48F8F7FD
:102D3000B7FC4D494D48F8F7B3FC4D494D48F8F7FD
:102D4000AFFC4D494D48F8F7ABFC4D494D48F8F7FD
:102D5000A7FC4D494D48F8F7A3FC4D494D48F8F7FD
:102D60009FFC4D494D48F8F79BFC4D494D48F8F7FD
:102D700097FC4D494D48F8F793FC4D494D48F8F7FD
:102D80008FFC4D494D48F8F78BFC4D494D48F8F7FD
:102D900087FC4D494D48F8F783FC4D494D48F8F7FD
:102DA0007FFC4D494D48F8F77BFC4D494D48F8F7FD
:102DB00077FC4D494D48F8F773FC4D494D48F8F7FD
:102DC0006FFC4D494D48F8F76BFC4D494D48F8F7FD
:102DD00067FC4D494D48F8F763FC4D494D48F8F7FD
:102DE0005FFC4D494D48F8F75BFC4D494D48F8F7FD
:102DF00057FC4D494D48F8F753FC4D494D48F8F7FD
:102E00004FFC4D494D48F8F74BFC4D494D48F8F7FC
:102E100047FC4D494D48F8F743FC4D4A4D49204683
:102E200022F04AFF0DB0BDE8F08300BF9C6D00208A
:102E300080650020C46D002064600020EC6D0020DF
:102E4000F0630020146E0020546100203C6E0020CE
:102E5000B8640020646E00202C6100208C6E00207D
:102E600090640020B46E00207C610020DC6E0020A5
:102E7000E0640020046F0020A46100202C6F00207B
:102E800008650020546F00208C6000207C6F0020BB
:102E900018640020A46F0020E4620020CC6F0020A2
:102EA000D0650020F46F0020CC6100201C70002051
:102EB00094620020447000200C6300206C7000209D
:102EC000F865002094700020BC620020BC700020D7
:102ED000A8650020E4700020046100200C7100202F
:102EE0006864002034710020346300205C7100208D
:102EF00020660020847100201C620020AC7100203C
:102F000058650020D4710020F4610020FC7100207D
:102F100030650020247200200C6000204C720020DC
:102F2000B460002074720020406400209C72002075
:102F3000C4630020C472002048660020EC720020A8
:102F40009C63002014730020346000203C73002038
:102F5000006000207575020010B58AB0454904462E
:102F600004A81AF071FB444807F072FC002805DC45
:102F700004A81AF00FFC20460AB010BD3E4907A86D
:102F80001AF08CF907A904A81AF032FC07A81AF065
:102F900001FC002C48D0394904A81AF097FD0028FC
:102FA00058D104A907A81AF069FB099B9A1F032AA4
:102FB0001FD90B2B1DD007A81AF0ECFB04A907A8FA
:102FC0001AF05CFB0024012107AB00930846CDE911
:102FD000014423462246F8F7CBFF07A81AF0DAFB94
:102FE000254807F071FC04A81AF0D4FB20460AB06B
:102FF00010BD022107A81AF07FFD2C28DBD1042187
:1030000007A81AF079FD3A28D5D107A81AF0C2FB13
:1030100004A907A81AF032FB07A8F8F7D1FF07A800
:103020001AF0B8FB0024DBE7154904A81AF04EFD9E
:103030000028C3D004A907A81AF020FB01212346C9
:103040000846009407AAF8F7F9FC07A81AF0A2FBB3
:103050000124C5E704A907A81AF010FB00240121E8
:1030600008460094234607AAF8F7E8FC07A81AF0D8
:1030700091FBB5E7BC0A0600148D002090EE050018
:1030800084EE050010B51048F9F79AFE0F48FAF7DC
:103090003DF90F4B1B7863B90E4B1B68022B0FD009
:1030A0000D4C0E48F9F7C0F92078FFF755FF207056
:1030B00010BD0B48FAF72AF9064B1B68022BEFD11B
:1030C0000848FAF723F9EBE73C7C0020BC89002094
:1030D0001077002020770020A4890020147E002093
:1030E00088740020606B002010B5074B044640F840
:1030F000543B0CF0B1FB2046044B40F8083B0EF06B
:1031000049FB204610BD00BFD0F8050044F705007C
:1031100010B5044B044640F8083B0EF03BFB20463C
:1031200010BD00BF44F7050030B5ADF5037D09685B
:10313000214801911446002212F09AF91E4812F01B
:103140007DFA0199E0B1002529464FF4FE7203A8EB
:10315000029526F0FBFC02A94FF40072164812F00B
:10316000CBF9044605201AF04BFD02AB12481D5561
:1031700012F038FA05201AF043FD0DF5037D30BD3D
:103180000D48012212F074F90028F6D0216801914F
:10319000084627F0D8FB01990246074811F0C6FF00
:1031A00001201AF02DFD044812F01CFA01201AF03B
:1031B00027FD0DF5037D30BD8C76002000B50E484F
:1031C00087B011F0F1FE01201AF01AFD0B49684694
:1031D0001AF03AFA0A4903A81AF036FA03AA69461D
:1031E0000848FFF7A1FF03A81AF0D4FA68461AF0BE
:1031F000D1FA07B05DF804FB14A20020BCED050075
:1032000098EE05000C7E002082B02DE9F0419AB0C6
:1032100003AE0A4630462C49D2F8008021931AF0BA
:1032200013FADDE9213200273946304606ADCDE9F3
:10323000013206960F971AF0FDFA0FCD10AC0FC4AD
:103240000FCD0FC495E8030010AA84E80300DDE960
:103250000101FDF735FA199B10981C4C1AAA13446A
:1032600011A903F8247C1AF00FFB0F9B06981AAAE9
:10327000134407A903F84C7C1AF006FB4146144896
:10328000039D11F039FF01201AF0BAFC41460122DA
:10329000204612F0EDF801201AF0B2FC284627F083
:1032A00052FB29460246204611F040FF01201AF049
:1032B000A7FC204612F096F930461AF06BFA1AB0C5
:1032C000BDE8F04102B07047BC0A06008C760020D1
:1032D00014A200202DE9F04F2DED028B91B007468E
:1032E0000DA80393904608EE101A1AF0C7F90DAA1C
:1032F000394608A8FEF73EF80DA81AF04BFA4146E9
:103300000DA81AF0BBF9DDF820900D9B0293B9F1DE
:10331000000F5ED0002B5CD099F804200F9E099B13
:10332000002A75D0202A54D1B9F800404FF6FF7A10
:10333000544576D0D96AE20901EBC20204F07F0459
:10334000556815EBC4046CD0029AE58806F1FF3B82
:103350005A4404924FF0010B2A464D4689461146C5
:10336000BBF1000F10D151455AD0C80909EBC0007C
:1033700001F07F01446814EBC10451D08BF0010BC4
:10338000E188BBF1000FEED02079042800F02A81FB
:10339000052800F04481022800F02681002EE2D1A9
:1033A0000A464946A94615464FF6FF72954238D05F
:1033B000EA0901EBC20105F07F054A6812EBC50579
:1033C0002FD019462846F4F7D5FD039A2A600C231E
:1033D0002B710DA81AF0DEF918EE101A0AA81AF0CF
:1033E0004DF941460DA81AF049F9099B00930AA925
:1033F000089B0DAA3846FFF707FF0DA81AF0CAF977
:103400000AA81AF0C7F911B0BDEC028BBDE8F08F25
:1034100020214FF0FF3289F80410C9F8002083E71B
:10342000A946B3F834B04FF6FF7203F10C0193458F
:10343000059100F0FA80DA6A4FEADB1102EBC10273
:103440000BF07F05516831F835209A8601EBC502F3
:10345000049210464FF6FF72C280B3F834A00021E8
:103460009245017100F02481DA6A4FEADA1102EB29
:10347000C1020AF07F00556835F830209A8605EBC6
:10348000C0054FF6FF720021032EEA80297100F279
:10349000BB815FFA86FC002E00F09881029A0CF145
:1034A000FF3452FA84F4013A12F8010F002808BFE1
:1034B00041F00101A242F7D1002900F0B7819868DC
:1034C0001A68059228B3029A06F1FF3E96445246C6
:1034D000AA461D461346C28896420FD1002E00F020
:1034E0007D81029AC11D013A02E0964500F0768185
:1034F00012F801CF11F8014FA445F6D0006800285A
:10350000E9D11A462B4655469246B6F5803F80F0E3
:103510007081059ABB4C12681268A24206F109003C
:1035200040F0EA8105931AF087FB059B002800F024
:1035300060810122C680828000F1080E86B3029964
:103540000A4600F10C040432964538BFA14206F148
:10355000FF3CC0F0D781BCF1070F40F2D38126F0C9
:10356000030C0CF1080C8444724651F8044B42F8E9
:10357000044B6245F9D1B10726F0030210D0029C3A
:10358000A15C0EF80210511C8E4209D90232645C13
:103590000EF80140964203D9029CA15C0EF802107D
:1035A0000644002232729A680260986004990522EB
:1035B0000A7108600A46A2F806A0B9F802204FF680
:1035C000FF718A4200F01881D96AD00901EBC0016D
:1035D00002F07F02496801EBC202A2F806B0A9F826
:1035E00002A0EEE62468F4B12046CDE9053127F0CB
:1035F000AAF9DDE9053186427FF4B5AE002E3FF42D
:10360000CFAE029A013C501E10F801CF14F8012FE2
:1036100094457FF4A8AE049A8242F5D1C0E62468AE
:10362000E0880834E7E72046E5E71C8ED3F800A0E1
:10363000002C7CD15A8E002A00F01C8101221A86AF
:10364000DC6A704A06924FF480604FF0800BDAF823
:1036500000200699126804938A4240F001811AF012
:10366000EBFA049B1A8EDD6A6060013A92B205EBB8
:10367000C2010028486808BF4FF0000B4FF0000C53
:10368000A4F800B0A4F802C0002800F0B28035F819
:1036900032404D88AC4240F2AC8005EBC2126C1C4B
:1036A0001FFA82FB00EBC50204924C801046D1E663
:1036B0001C8E1A680792002C60D15A8E002A00F0E6
:1036C000FA8001221A86DC6A4E4A06924FF4806024
:1036D0004FF0800A079A06991268059312688A4289
:1036E00040F0C3801AF0A8FA059B1A8EDD6A60606C
:1036F000013A92B205EBC2010028486808BF4FF0BA
:10370000000A4FF0000CA4F800A0A4F802C00028A2
:103710006FD035F832404D88AC426AD905EBC21201
:103720006C1C1FFA82FA00EBC5054C80A9E6DD6A25
:10373000621E92B205EBC200AE46D0F804C0BCF1E6
:10374000000F04D0418835F832B08B4563D85A8ECB
:10375000944200F00F812B4A0692621C92B2B2F59D
:10376000007F0EEBC4041A8615BF4FF480604FF43F
:103770007E704FF0800B4FF07F0B68E7DD6A04F13D
:10378000FF3A1FFA8AFA05EBCA02AC46D2F804E007
:10379000BEF1000F04D0508835F83A10814256D857
:1037A0005A8E944222D0174A0692621C92B2B2F507
:1037B000007F0CEBC4041A8615BF4FF480604FF4F1
:1037C0007E704FF0800A4FF07F0A83E7049902224F
:1037D0000A71049900228A550A46ECE61A462B46DD
:1037E00055469246828801328280DFE6B2F5007F3C
:1037F00062D101221A71ECE5A9F800B0A9F802A083
:10380000DFE500BF7973020098681A680592002806
:103810007FF459AE79E601EBC2124C1C1FFA82FB11
:103820000CEBC10244800492104613E60499029CFA
:1038300002220A7122780A70BCF1010FC9D06278A5
:103840004A70BCF1020FC4D0A2788A70C1E700EBC5
:10385000CA1A411C1FFA8AFA0EEBC005518010E605
:10386000014650469047049BFCE601460798904766
:10387000059B3AE7DD6A52001FFA82FB059AAA42CD
:103880004CD0DAF800105F4A8C68049394424FEAF7
:10389000CB0140F09F80284626F0DEFF049B864641
:1038A000BEF1000FA5D0584A06921C8EC3F82CE03A
:1038B000A3F832B051E7DD6A52001FFA82FA059A86
:1038C000AA42079A5BD011684E4A8C6805939442CD
:1038D0004FEACA0140F08580284626F0BDFF059BCF
:1038E0008446BCF1000F84D0474A06921C8EC3F870
:1038F0002CC0A3F832A058E70693014605989047DC
:10390000069B13E6029A11466144013AC41D12F85F
:1039100001CF04F801CF9142F9D141E6DAF8002055
:1039200039481268069082424FEACB0104935FD176
:1039300008461AF081F9049B8646BEF1000F3FF459
:1039400058AF29686C68AA68E868CEF80C00CEF811
:103950000010CEF80440CEF8082029696C69AA69E5
:10396000E869CEF81C00CEF81010CEF81440CEF85E
:1039700018209AE7B2F5007F3FF43BAF7BE712686F
:1039800021481268069082424FEACA01059334D159
:1039900008461AF051F9059B8446BCF1000F3FF42C
:1039A00028AF29686A68AC68E868CCF80C00CCF8E5
:1039B0000010CCF80420CCF8084029696A69AC6989
:1039C000E869CCF81C00CCF81010CCF81420CCF826
:1039D00018408BE70A4650462946A047049B864676
:1039E0005EE70A4607982946A047059B844678E784
:1039F00050469047049B86469FE707989047059B53
:103A00008446CAE781730200797302002DE9F04110
:103A100090B00AAD06460F4604A8304919F014FECE
:103A20000DAC2F49284619F00FFE04A9204619F0C5
:103A300025FE21462846FEF72FFA8046204619F03B
:103A4000A9FE284619F0A6FEB8F1010F21D025499C
:103A5000204619F0F9FD0021012322460846009175
:103A6000F7F7ECFF204619F095FE1D49284619F09E
:103A7000EBFD04A9204619F001FE1B480123224654
:103A80002946FFF727FC204619F084FE284619F046
:103A900081FE164907A819F0D7FD07A9204619F09D
:103AA000EDFD0A220121284619F002FE01223946C5
:103AB00001920023304602950094F7F7DFFE284676
:103AC00019F068FE204619F065FE07A819F062FE9D
:103AD00004A819F05FFE10B0BDE8F0812CEE0500DF
:103AE000BCED0500D4E705000C7E002084EF050046
:103AF00038B59368012B00D038BD044610460D46FA
:103B00001AF042F80028F7D129462046BDE838408F
:103B1000FFF77CBF2DE9F04796B010AC06460F4684
:103B200004A8704913AD19F08FFD6F49204619F0B4
:103B30008BFD6E49284619F087FD29462046FEF781
:103B4000ABF98046284619F025FE204619F022FEE2
:103B50006549204619F078FD6549284619F074FD3D
:103B600029462046FEF798F98146284619F012FEAC
:103B7000204619F00FFE5C49204619F065FD5D49AD
:103B8000284619F061FD29462046FEF785F9824650
:103B9000284619F0FFFD204619F0FCFDB8F1040F8E
:103BA0000FD1B9F1010F20D1BAF1010F45D04E4923
:103BB000204619F049FD4F49284619F045FD4B466E
:103BC00030E04949204619F03FFD4849284619F0A0
:103BD0003BFD494804232A462146FFF77BFB284644
:103BE00019F0D8FD204619F0D5FD3F49204619F0BF
:103BF0002BFD3F49284619F027FD01232A4621467F
:103C00003D48FFF767FB284619F0C4FD204619F030
:103C1000C1FD3549204619F017FD3649284619F0EF
:103C200013FD012334482A462146FFF753FB28465B
:103C300019F0B0FD204619F0ADFD0A220AA80421B2
:103C400019F036FD0AA90DA819F018FD2B490DA889
:103C500019F0F0FE0A2280460121204619F028FDC5
:103C60002146404619F0BAFE244919F0E3FE0A2223
:103C700080460121284619F01BFD2946404619F0CF
:103C8000ADFE014607A819F0F9FC284619F082FD9F
:103C9000204619F07FFD0DA819F07CFD0AA819F047
:103CA00079FD1749204619F0CFFC07A9284619F0DD
:103CB000E5FC01223946019200233046029500942A
:103CC000F7F7DCFD284619F065FD204619F062FD86
:103CD00007A819F05FFD04A819F05CFD16B0BDE857
:103CE000F08700BF30EE0500BCED05008CEF05004D
:103CF00090EF050094EF05000C7E00201CE6050007
:103D000098EF050038B59368012B00D038BD044604
:103D100010460D4619F038FF0028F7D129462046F5
:103D2000BDE83840FFF7F6BE2DE9F04190B00AAD8E
:103D30000746884604A82A4919F086FC0DAC294993
:103D4000284619F081FC04A9204619F097FC214669
:103D50002846FEF7A1F80646204619F01BFD284626
:103D600019F018FD032E25D81F4907A819F06CFC7F
:103D700007A9204619F082FC31460A22284619F08C
:103D800097FC012241460192002338460295009497
:103D9000F7F774FD284619F0FDFC204619F0FAFCEF
:103DA00007A819F0F7FC04A819F0F4FC304610B08D
:103DB000BDE8F0810B49284619F046FC04A92046CD
:103DC00019F05CFC0123224629460848FFF782FAD5
:103DD000204619F0DFFC284619F0DCFC0126C3E779
:103DE000D4ED0500BCED0500A0EF05000C7E002021
:103DF00038B59368012B00D038BD044610460D46F7
:103E000019F0C2FE0028F7D129462046BDE8384007
:103E1000FFF78ABFF0B58FB0144606460D4605A8D9
:103E2000254919F011FC032C2ED8244B1B68022BBA
:103E300001D1022C28D0224908A819F005FC05A9B7
:103E40000BA819F01BFC23460BAA08A91D48FFF775
:103E500041FA0BA819F09EFC08A819F09BFC1A491E
:103E60000BA819F0F1FB29460BAA30460123009458
:103E7000F7F7E4FD0BA819F08DFC144B05A81C60A6
:103E800019F088FC0FB0F0BD0BAF0F49384619F0A0
:103E9000DBFB0123294600223046019300970323D0
:103EA0000294F8F765F8384619F074FC05A819F083
:103EB00071FC0FB0F0BD00BFD4ED0500F47600201A
:103EC000BCED05000C7E0020A8EF05002077002047
:103ED00010B582B004461046019119F055FE0199C3
:103EE0000246204602B0BDE81040FFF793BF00BF76
:103EF0002DE9F04F91B00AAE07468A4604A846491C
:103F000019F0A2FB0DAD4549304619F09DFB04A9FF
:103F1000284619F0B3FB29463046FDF7BDFF04469D
:103F2000284619F037FC304619F034FC631E092B83
:103F300055D8DFF8F4B0DBF8C830012B2CD0022BB9
:103F400004BF7F23CBF8BC303549CBF8B84007A875
:103F500019F07AFB07A9284619F090FB21460A229E
:103F6000304619F0A5FB0122514601920023384644
:103F700002960095F7F782FC304619F00BFC2846B4
:103F800019F008FC07A819F005FC04A819F002FCB8
:103F9000204611B0BDE8F08F04FB04F024F0BCFE15
:103FA00000224FF07F5324F021FF804620468946AF
:103FB00024F0B2FE16A3D3E9002324F017FF002259
:103FC0004FF0804324F05CFD02460B4640464946D4
:103FD00024F056FD25F0BAF9CBF8BC00B4E70F4940
:103FE000304619F031FB04A9284619F047FB052398
:103FF0002A4631460B48FFF76DF9284619F0CAFBEF
:10400000304619F0C7FB052493E700BFAFF30080EB
:10401000333333333333D33F4CEE0500BCED05006F
:10402000B0EF05000C7E00205C7B002030B504233F
:1040300087B00446C0F8383200210120FFF758FF4E
:104040001749C4F8600203A819F0FEFA0A22D4F84E
:104050006012684619F02CFB694603A819F0BEFCF3
:1040600004F56F750146284619F09CFB684619F067
:1040700091FB03A819F08EFB0023D4F8A816C4F80E
:1040800094520122C4F89012C4F88422C4F8443235
:10409000C4F888322046F5F7E9FE07B030BD00BF0E
:1040A000D0E2050038B59368012B00D038BD044636
:1040B00010460D4619F068FD0028F7D12946204624
:1040C000BDE83840FFF714BF2DE9F0472DED028B16
:1040D00092B014460746884606A8514919F0B4FA2A
:1040E000631E0CAD092B4F4928460FAE52D819F06C
:1040F000ABFA06A9304619F0C1FA234632462946E2
:104100004948DFF83091FFF7E5F8304619F042FBF7
:10411000284619F03FFB454B1868F7F739FAD9F8EC
:10412000C830012B4FF0010A51D0022B04BF7F236E
:10413000C9F8BC30BAF1000F14BF002303233C4977
:10414000059309A8C9F8B84019F07EFA09A92846CC
:1041500019F094FA21460A223046012419F0A8FAEF
:10416000059B029652464146384600950194F7F762
:1041700085FB304619F00EFB284619F00BFB09A809
:1041800019F008FB06A819F005FB12B0BDEC028B74
:10419000BDE8F08719F058FA06A9304619F06EFA12
:1041A00031462846FDF778FE0446304619F0F2FA0B
:1041B000284619F0EFFA1D4BDFF878901868F7F7EA
:1041C000E7F9D9F8C830012B4FF0000AADD12046ED
:1041D00024F0A2FD10A3D3E9002324F007FE00225F
:1041E0004FF0804324F04CFC02460B4604FB04F0E5
:1041F00043EC182B24F090FD00224FF07F5324F065
:10420000F5FD02460B4651EC180B24F039FC25F065
:104210009DF8C9F8BC008DE7333333333333D33FD4
:104220004CEE0500BCED05000C7E0020387C002023
:10423000B8EF05005C7B002010B582B00446104644
:10424000019119F0A1FC01990246204602B0BDE897
:104250001040FFF739BF00BF114BD3F8B820114B06
:1042600030B4114C1B6824685C6101320A2A0BDCF3
:10427000052501245D60DC60962503241D611C601A
:104280009C6030BCFFF720BF052432255C6003240E
:10429000C3E902441D611C6030BCFFF715BF00BFBD
:1042A0005C7B0020387C0020287C0020114BD3F858
:1042B000B820114B30B4114C1B6824685C61013A82
:1042C000002A0BDD032505241D605C609625012472
:1042D000C3E902441D6130BCFFF7F6BE0525012489
:1042E0005D609C60322503241D611C60DC6030BC75
:1042F000FFF7EABE5C7B0020387C0020287C002091
:104300002DE9F04190B00AAD0746884604A82B4934
:1043100019F09AF90DAC2A49284619F095F904A923
:10432000204619F0ABF921462846FDF7B5FD0646B3
:10433000204619F02FFA284619F02CFA731E092B83
:1043400025D8204907A819F07FF907A9204619F0B8
:1043500095F931460A22284619F0AAF90122414668
:1043600001920023384602950094F7F787FA284611
:1043700019F010FA204619F00DFA07A819F00AFAF8
:1043800004A819F007FA304610B0BDE8F0810C49D6
:10439000284619F059F904A9204619F06FF90523A8
:1043A000224629460848FEF795FF204619F0F2F903
:1043B000284619F0EFF90526C3E700BF50EE0500C7
:1043C000BCED0500C0EF05000C7E002030B53523A4
:1043D00087B00446C0F8383200210120FFF790FF73
:1043E0001649C4F8640203A819F02EF90A22D4F879
:1043F0006412684619F05CF9694603A819F0EEFAF0
:1044000004F597650146284619F0CCF9684619F07D
:10441000C1F903A819F0BEF9D4F8B816C4F894523B
:1044200001220023C4F89012C4F88422C4F8443254
:104430002046F5F71BFD07B030BD00BFD0E20500F8
:1044400038B59368012B00D038BD044610460D46A0
:1044500019F09AFB0028F7D129462046BDE83840DC
:10446000FFF74EBF2DE9F04393B014460746884648
:1044700006A8324919F0E8F8631E0CAD092B304943
:1044800028460FAE41D819F0DFF806A9304619F0DA
:10449000F5F82346324629462A48FEF71BFF3046E8
:1044A00019F078F9284619F075F9274B1868F7F7CD
:1044B0006FF8264B4FF001091C6000232449059337
:1044C00009A819F0C1F809A9284619F0D7F821461A
:1044D0000A223046012419F0EBF8059B02964A4661
:1044E0004146384600950194F7F7C8F9304619F06F
:1044F00051F9284619F04EF909A819F04BF906A808
:1045000019F048F913B0BDE8F08319F09DF806A939
:10451000304619F0B3F831462846FDF7BDFC044695
:10452000304619F037F9284619F034F9064B186867
:10453000F7F72EF84FF000090323BFE750EE050010
:10454000BCED05000C7E0020387C00202C7700207C
:10455000C8EF050010B582B004461046019119F06D
:1045600013FB01990246204602B0BDE81040FFF758
:1045700079BF00BF2DE9F04190B00AAD07468846EB
:1045800004A82B4919F060F80DAC2A49284619F007
:104590005BF804A9204619F071F821462846FDF77A
:1045A0007BFC0646204619F0F5F8284619F0F2F88B
:1045B00006F10A03142B25D81F4907A819F044F85F
:1045C00007A9204619F05AF831460A22284619F060
:1045D0006FF801224146019200233846029500946B
:1045E000F7F74CF9284619F0D5F8204619F0D2F81B
:1045F00007A819F0CFF804A819F0CCF8304610B08D
:10460000BDE8F0810B49284619F01EF804A92046A0
:1046100019F034F80023224629460848FEF75AFECE
:10462000204619F0B7F8284619F0B4F80026C3E779
:1046300048EE0500BCED0500D0EF05000C7E002023
:1046400038B59368012B00D038BD044610460D469E
:1046500019F09AFA0028F7D129462046BDE83840DB
:10466000FFF788BF2DE9F04393B01646074688460A
:1046700006A82E4918F0E8FF06F10A030CAC142B2B
:104680002B4920460FAD3BD818F0DEFF06A928467F
:1046900018F0F4FF33462A4621462648FEF71AFE54
:1046A000284619F077F8204619F074F84FF0010900
:1046B00000232149059309A818F0C6FF09A920463F
:1046C00018F0DCFF31460A222846012618F0F0FFD8
:1046D000059B02954A464146384600940196F7F7F5
:1046E000CDF8284619F056F8204619F053F809A8D5
:1046F00019F050F806A819F04DF813B0BDE8F08392
:1047000018F0A2FF06A9284618F0B8FF294620464F
:10471000FDF7C2FB0646284619F03CF8204619F082
:1047200039F84FF000090323C3E700BF48EE050046
:10473000BCED05000C7E0020D8EF050010B582B05E
:1047400004461046019119F01FFA019902462046CD
:1047500002B0BDE81040FFF785BF00BF2DE9F04172
:1047600090B00AAD0746884604A82A4918F06CFFA5
:104770000DAC2949284618F067FF04A9204618F017
:104780007DFF21462846FDF787FB0646204619F0A7
:1047900001F8284618F0FEFF022E25D81F4907A869
:1047A00018F052FF07A9204618F068FF31460A2288
:1047B000284618F07DFF0122414601920023384629
:1047C00002950094F7F75AF8284618F0E3FF2046C0
:1047D00018F0E0FF07A818F0DDFF04A818F0DAFFD2
:1047E000304610B0BDE8F0810B49284618F02CFF88
:1047F00004A9204618F042FF012322462946084812
:10480000FEF768FD204618F0C5FF284618F0C2FFE5
:104810000126C3E738EE0500BCED0500E0EF05001A
:104820000C7E00202DE9F04100218CB00846FFF7F6
:1048300095FF514D5149286006A818F005FF5049D1
:10484000504C09A818F000FF09A906A8FDF724FBA1
:10485000034609A8236018F09DFF06A818F09AFFE8
:104860002368022B06D0032B6ED0012B3FD00CB057
:10487000BDE8F081444EDFF83881444F06F108006E
:1048800006F0C8FB19F0B0F9D8F8003032780133DF
:10489000002A41F28834054618BFC824C8F8003001
:1048A00006E019F0ADF919F09FF9431BA34256D861
:1048B000384606F03FF903460120002BF1D033487B
:1048C00006F038F918B100233370C8F80030304AC8
:1048D0000021D01D032348F280047170748006F01B
:1048E000ABFB19F081F970600CB0BDE8F0812B686A
:1048F000012B30D0022BBAD12649274C06A818F03C
:10490000A3FE06A903A818F0B9FE244909A818F0C7
:10491000B5FE09A903A819F061F80146684618F028
:10492000ADFE09A818F036FF03A818F033FF06A85B
:1049300018F030FF1A4A2378009800251570B3B993
:10494000684618F027FF92E71649174818F06EFAE4
:104950000CB0BDE8F0811548F9F7CAFA87E70123E2
:104960000A48337006F0E6F80028B0D0ABE7F3F75A
:10497000EFFE2570E4E700BFF4760020BCED0500F3
:10498000D4ED05002077002040770020348D0020F2
:1049900041770020E4E5050098630020FC760020C4
:1049A00068740020E8EF0500148D00207C8B002047
:1049B0003877002038B59368012B00D038BD044605
:1049C00010460D4619F0E0F80028F7D12946204698
:1049D000BDE83840FFF7C2BE2DE9F0478EB015465E
:1049E00007460E4605A88D4918F02EFE022D00F24E
:1049F000978040F08C808A4B1C68022C00F0E3808A
:104A0000DFF85892C9F80050A5F10202B2FA82F21A
:104A10005209844B844C1B688448216800685A60A2
:104A20004FF47A7258614FF0020A03201A61092983
:104A30004FF00102C3E902A218602DDCA168002931
:104A400000F0D680616B002900F0D480226E002A2D
:104A500000F08C80D4F88C20002A00F0CD80D4F8AF
:104A6000B820002A00F0CA80D4F8E420002A00F020
:104A7000C880D4F81021002A76D0D4F83C21002A2E
:104A800000F0C280D4F86821002A00F0C080D4F879
:104A90009421002A00F0BE806549664818F08AFA21
:104AA0004FF0FF3A644BC3F808A0F6F779FC63496E
:104AB00008A818F0C9FD05A90BA818F0DFFD2B46C2
:104AC0000BAA08A95E48FEF705FC0BA818F062FEC9
:104AD00008A818F05FFE5B490BA818F0B5FD384632
:104AE000009531460BAA0123F6F7A8FF0BA818F092
:104AF00051FEF9F745F9D9F80030012B5AD0022BB5
:104B000026D005A818F046FE0EB0BDE8F087DFF805
:104B10004C91012DC9F800507FF476AF0A2278E756
:104B20000BAC4849204618F08FFD01233146002286
:104B300038460193009403230295F7F719FA2046AB
:104B400018F028FE05A818F025FE0EB0BDE8F08785
:104B50003D4C3E4A237800251570002BD1D03C48AF
:104B6000F3F7F6FD2570CCE74FF0060A4FF02C085E
:104B700008FB0A484FF47A72C8F80C30C8F81420C1
:104B8000344BC8F8083003220123C8F8182000224B
:104B900088F8103088F8203088F82830C8F81C20B1
:104BA000C8F8242019F020F82368C8F8040001335D
:104BB000236077E72848F9F79BF905A818F0EAFD84
:104BC0000EB0BDE8F0870BAD1E49DFF89090284687
:104BD00018F03AFD012338460193009502943146BE
:104BE00003230022F7F7C4F9284618F0D3FD80E725
:104BF0008A46BBE79246B9E78246B7E74FF0040A18
:104C0000B4E74FF0050AB1E74FF0070AAEE74FF0FF
:104C1000080AABE74FF0090AA8E700BF38EE050025
:104C200020770020387C00203C7C0020287C00205D
:104C300048E10500148D0020F87D0020BCED050042
:104C40000C7E00200CF005009863002068740020A2
:104C500044E3050029B402007C8B0020F476002098
:104C600008B5051D0446F5F735F81649284618F02D
:104C7000A1F91549284618F09DF91449284618F05D
:104C800099F91349284618F095F9284617F03CFF82
:104C90004FF4FA6018F0B4FFD4E99632934205D08D
:104CA0000021C4F858220846FFF796FED4E9943252
:104CB000934205D00021C4F850220846FFF7AAF815
:104CC000F9F79AF814F0050020F0050028F0050027
:104CD00030F0050010B582B004461046019118F07E
:104CE00053FF01990246204602B0BDE81040FFF78D
:104CF00073BE00BF2DE9F04190B00AAD074688466B
:104D000004A82A4918F0A0FC0DAC2949284618F03F
:104D10009BFC04A9204618F0B1FC21462846FDF76B
:104D2000BBF80646204618F035FD284618F032FD3F
:104D3000022E25D81F4907A818F086FC07A920468F
:104D400018F09CFC31460A22284618F0B1FC0122DA
:104D5000414601920023384602950094F6F78EFDF5
:104D6000284618F017FD204618F014FD07A818F083
:104D700011FD04A818F00EFD304610B0BDE8F0811A
:104D80000B49284618F060FC04A9204618F076FC70
:104D90000123224629460848FEF79CFA204618F0CF
:104DA000F9FC284618F0F6FC0126C3E760EE050082
:104DB000BCED05003CF005000C7E0020F0B583B092
:104DC0000127061D0446009730463B463D2202213E
:104DD00017F0DAFB50B3194B1F700025304617F05F
:104DE00083FE0221304684F8745216F015FE01232A
:104DF000A36130466561E57717F086FE29462846AF
:104E0000FEF792FF2946C4F850022846FFF7A6FC99
:104E10002946C4F858022846FFF76CFFC4F8700210
:104E200018F0E2FEC4F8AC0203B0F0BD0546044938
:104E3000044818F029F8014B1D70CEE708770020D0
:104E400044F00500148D002038B59368012B00D084
:104E500038BD044610460D4618F096FE0028F7D1DE
:104E600029462046BDE83840FFF744BF2DE9F04110
:104E700090B0144605460E4604A82D4918F0E4FBF0
:104E8000022C2BD82B490AA818F0DEFB04A90DA888
:104E900018F0F4FB23460DAA0AA92748FEF71AFAD0
:104EA0000DA818F077FC0AA818F074FC234A244BCC
:104EB000244914600DA85C6018F0C6FB31460DAAA9
:104EC000012328460094F6F7B9FD0DA818F062FCFE
:104ED00004A818F05FFC10B0BDE8F0810AAF1949D2
:104EE00007A818F0B1FB0DF1340807A9384618F0EF
:104EF000C5FB214640460A2218F0DAFB0123314661
:104F0000002228460193CDF8088003230097F6F786
:104F1000B5FC404618F03EFC384618F03BFC07A8AC
:104F200018F038FC04A818F035FC10B0BDE8F0818A
:104F300060EE0500BCED05000C7E002034770020FB
:104F40008074002070F0050010B582B00446104651
:104F5000019118F019FE01990246204602B0BDE801
:104F60001040FFF783BF00BF2DE9F04190B00AADBC
:104F70000746884604A82A4918F066FB0DAC294963
:104F8000284618F061FB04A9204618F077FB21465B
:104F90002846FCF781FF0646204618F0FBFB284612
:104FA00018F0F8FB022E25D81F4907A818F04CFB73
:104FB00007A9204618F062FB31460A22284618F05D
:104FC00077FB012241460192002338460295009466
:104FD000F6F754FC284618F0DDFB204618F0DAFB03
:104FE00007A818F0D7FB04A818F0D4FB304610B07F
:104FF000BDE8F0810B49284618F026FB04A920469D
:1050000018F03CFB0123224629460848FEF762F9C6
:10501000204618F0BFFB284618F0BCFB0126C3E76A
:1050200064EE0500BCED050078F005000C7E002064
:1050300038B59368012B00D038BD044610460D46A4
:1050400018F0A2FD0028F7D129462046BDE83840D7
:10505000FFF78ABF2DE9F04190B0144605460E4691
:1050600004A82D4918F0F0FA022C2BD82B490AA8D5
:1050700018F0EAFA04A90DA818F000FB23460DAABF
:105080000AA92748FEF726F90DA818F083FB0AA8FD
:1050900018F080FB234A244B244914600DA89C601F
:1050A00018F0D2FA31460DAA012328460094F6F7EB
:1050B000C5FC0DA818F06EFB04A818F06BFB10B02F
:1050C000BDE8F0810AAF194907A818F0BDFA0DF143
:1050D000340807A9384618F0D1FA214640460A227A
:1050E00018F0E6FA01233146002228460193CDF854
:1050F000088003230097F6F7C1FB404618F04AFBEF
:10510000384618F047FB07A818F044FB04A818F02D
:1051100041FB10B0BDE8F08164EE0500BCED050078
:105120000C7E002018770020287C002080F00500ED
:1051300010B582B004461046019118F025FD019982
:105140000246204602B0BDE81040FFF783BF00BF13
:105150002DE9F04190B00AAD0746884604A82A49D7
:1051600018F072FA0DAC2949284618F06DFA04A916
:10517000204618F083FA21462846FCF78DFE0646A5
:10518000204618F007FB284618F004FB0A2E25D805
:105190001F4907A818F058FA07A9204618F06EFA18
:1051A00031460A22284618F083FA0122414601922C
:1051B0000023384602950094F6F760FB284618F065
:1051C000E9FA204618F0E6FA07A818F0E3FA04A86E
:1051D00018F0E0FA304610B0BDE8F0810B492846DF
:1051E00018F032FA04A9204618F048FA052322469E
:1051F00029460848FEF76EF8204618F0CBFA2846F4
:1052000018F0C8FA0526C3E768EE0500BCED0500F6
:1052100088F005000C7E002030B53423002187B0D3
:105220000446C0F838320846FFF792FF1749C4F821
:10523000680203A818F008FA0A22D4F8681268462F
:1052400018F036FA694603A818F0C8FB04F5916512
:105250000146284618F0A6FA684618F09BFA03A8FB
:1052600018F098FA0023D4F8B416C4F89452012226
:10527000C4F89012C4F88422C4F84432C4F88832C6
:105280002046F4F7F3FD07B030BD00BF78E305001A
:10529000F8B5012107201BF015FF012108201BF0A4
:1052A00011FF012106201BF00DFF01210B201BF037
:1052B00009FF01210D201BF005FF374D01210C20B6
:1052C0001BF000FF00231A4628460521F3F7F6F8E5
:1052D000324B1B6800242246C3E90044C3E9024460
:1052E000C3E90444284623460521F3F7E7F821469D
:1052F0002046FFF739FE214603462046AB60FFF704
:1053000027FF0A280346A8BF0A2323EAE373A04223
:105310006B6029DD07EE903A9FED217AF8EEE77A8F
:1053200067EE877A17EE900A23F008FD9FED161BB3
:1053300041EC100B20F0E0FD15A3D3E9002351EC64
:10534000100B23F053FD0022002306460F4623F0E6
:10535000D3FF58B1134B00223046394623F090FB5F
:1053600023F0F4FF80F308042C60F8BD0D4B0022FD
:105370003046394623F082FB23F0E8FF80F308042F
:105380002C60F8BDAFF300809A99999999990140E2
:105390000000000000E06F40287C0020387C0020E6
:1053A000CDCCCC3D0000E03F38B59368012B00D058
:1053B00038BD044610460D4618F0E6FB0028F7D12C
:1053C00029462046BDE83840FFF7C2BE0000000075
:1053D0002DE9F04391B0144605460F4604A88849CC
:1053E00018F032F90A2C00F2A2808649864E0AA8EB
:1053F00018F02AF904A90DA818F040F923460DAABF
:105400000AA98248FDF766FF0DA818F0C3F90AA89B
:1054100018F0C0F97460002C5DD120467C493060E2
:105420000DA818F011F928460094394601230DAA59
:10543000F6F704FB0DA818F0ADF9764B764C1B6817
:10544000256832685A614FF47A76052203200121DB
:10545000092DC3E90002C3E902211E612DDCA66803
:10546000002E00F08D80656B002D00F0AF80216E66
:10547000002900F0AD80D4F88C10002900F0AA803B
:10548000D4F8B810002900F0A780D4F8E41000295F
:1054900000F0A480D4F81021002A70D0D4F83C2168
:1054A000002A00F09D80D4F86821002A00F09A803C
:1054B000D4F89421002A00F097805849584817F0F2
:1054C00079FD4FF0FF36574B04A89E6018F062F943
:1054D00011B0BDE8F08307EE904A9FED537AF8EEE5
:1054E000E77A67EE877A17EE900A23F027FC9FEDA4
:1054F000401B41EC100B20F0FFFC3FA3D3E900233D
:1055000051EC100B23F072FC0022002380468946E8
:1055100023F0F2FE00284ED0444B0022404649467C
:1055200023F0AEFA23F012FF80F3080076E70DF1C6
:1055300028083749344E07A818F086F80DF13409C9
:1055400007A9404618F09AF8214648460A2218F062
:10555000AFF801233946002228460193CDF8089080
:105560000323CDF80080F6F789F9484618F012F9C0
:10557000404618F00FF907A818F00CF95DE7062669
:105580002C2505FB06454FF47A72EB606A61284BC7
:10559000AB6003220123AA6100222B7485F820301E
:1055A00085F82830EA616A6218F01EFB236868609B
:1055B0000133236087E71D4B00224046494623F014
:1055C0005DFA23F0C3FE80F3080027E70E46D7E715
:1055D0000226D5E70646D3E70426D1E71646CFE7ED
:1055E0000726CDE70826CBE70926C9E7AFF30080F9
:1055F0009A999999999901400000000000E06F4044
:1056000068EE0500BCED0500287C00200C7E002023
:1056100090F00500387C00203C7C002048E105002B
:10562000148D0020F87D0020CDCCCC3D0000E03F63
:1056300029B4020010B582B004461046019118F05A
:10564000A3FA01990246204602B0BDE81040FFF7D8
:10565000BFBE00BF2DE9F04190B00AAE07468846B4
:1056600004A8364917F0F0FF0DAD3549304617F064
:10567000EBFF04A9284618F001F829463046FCF74C
:105680000BFC0446284618F085F8304618F082F8DE
:10569000052C36D874BB2B4B0122002483F8202024
:1056A00083F8FC2083F8D040274907A817F0CCFFE7
:1056B00007A9284617F0E2FF21460A22304617F0D4
:1056C000F7FF0122414601920023384602960095D9
:1056D000F6F7D4F8304618F05DF8284618F05AF876
:1056E00007A818F057F804A818F054F8204610B08E
:1056F000BDE8F081012C134B18D0012283F8D02093
:10570000D2E70F49304617F09FFF04A9284617F04B
:10571000B5FF00232A4631460C48FDF7DBFD28463D
:1057200018F038F8304618F035F8B4E7002283F85E
:10573000D04083F8202083F8FC20B5E770EE050008
:10574000BCED0500147E002098F005000C7E0020C2
:1057500038B59368012B00D038BD044610460D467D
:1057600018F012FA0028F7D129462046BDE8384043
:10577000FFF770BF2DE9F04190B0144605460E4684
:1057800004A8384917F060FF052C33D836490AA819
:1057900017F05AFF04A90DA817F070FF23460DAAB1
:1057A0000AA93248FDF796FD0DA817F0F3FF0AA8E5
:1057B00017F0F0FF2E4B1C602E4B002C44D1012221
:1057C00083F8D04083F8202083F8FC202A490DA8D4
:1057D00017F03AFF314601230DAA28460094F6F748
:1057E0002DF90DA817F0D6FF04A817F0D3FF10B0BD
:1057F000BDE8F0810AAF204907A817F025FF0DF199
:10580000340807A9384617F039FF214640460A22D6
:1058100017F04EFF01233146002228460193CDF8B0
:10582000088003230097F6F729F8404617F0B2FFE7
:10583000384617F0AFFF07A817F0ACFF04A817F021
:10584000A9FF10B0BDE8F081012C03D0012283F83C
:10585000D020BBE7002283F8D04083F8202083F8D3
:10586000FC20B3E770EE0500BCED05000C7E0020C7
:10587000F8760020147E0020A0F0050010B582B05C
:1058800004461046019118F07FF90199024620461E
:1058900002B0BDE81040FFF76DBF00BF2DE9F04F2B
:1058A0002DED028B91B007460DA8B0EE408A9046D0
:1058B00008EE901A17F0E2FE0DAA394608A8FBF789
:1058C00059FD0DA817F066FF41460DA817F0D6FE4A
:1058D000DDF820900D9B0393B9F1000F5ED0002BF3
:1058E0005CD099F804200F9E099B002A75D0202ACD
:1058F00054D1B9F800404FF6FF7A544576D0D96AB2
:10590000E20901EBC20204F07F04556815EBC40400
:105910006CD0039AE58806F1FF3B5A4404924FF09D
:10592000010B2A464D4689461146BBF1000F10D1A6
:1059300051455AD0C80909EBC00001F07F01446805
:1059400014EBC10451D08BF0010BE188BBF1000FC7
:10595000EED02079042800F02A81052800F0448147
:10596000022800F02681002EE2D10A464946A946C7
:1059700015464FF6FF72954238D0EA0901EBC20195
:1059800005F07F054A6812EBC5052FD01946284659
:10599000F2F7F0FA0E2385ED008A2B710DA817F0AF
:1059A000F9FE18EE901A0AA817F068FE41460DA8F5
:1059B00017F064FE099B00930AA9089B0DAA3846BC
:1059C000FDF722FC0DA817F0E5FE0AA817F0E2FE8D
:1059D00011B0BDEC028BBDE8F08F20214FF0FF32FB
:1059E00089F80410C9F8002083E7A946B3F834B059
:1059F0004FF6FF7203F10C019345059100F0FA8018
:105A0000DA6A4FEADB1102EBC1020BF07F01526848
:105A100032F83100988602EBC102049210464FF62C
:105A2000FF72C280B3F834A000219245017100F0EA
:105A30002481DA6A4FEADA1102EBC1020AF07F0030
:105A4000556835F830209A8605EBC0054FF6FF7291
:105A50000021032EEA80297100F2B6815FFA86FCEC
:105A6000002E00F09381039A0CF1FF3452FA84F473
:105A7000013A12F8010F002808BF41F00101A242CB
:105A8000F7D1002900F0B28198681A68059228B30E
:105A9000039A06F1FF3E96445246AA461D46134617
:105AA000C28896420FD1002E00F07881039AC11D62
:105AB000013A02E0964500F0718112F801CF11F829
:105AC000014FA445F6D000680028E9D11A462B46BC
:105AD00055469246B6F5803F80F06B81059AB94CE9
:105AE00012681268A24206F1090040F0E5810593B0
:105AF00018F0A2F8059B002800F05B810122C68007
:105B0000828000F1080E86B303990A4600F10C0466
:105B10000432964538BFA14206F1FF3CC0F0D28165
:105B2000BCF1070F40F2CE8126F0030C0CF1080CFB
:105B30008444724651F8044B42F8044B6245F9D153
:105B4000B10726F0030210D0039CA15C0EF80210EE
:105B5000511C8E4209D90232645C0EF80140964213
:105B600003D9039CA15C0EF8021006440022327295
:105B70009A6802609860049905220A7108600A46D2
:105B8000A2F806A0B9F802204FF6FF718A4200F091
:105B90001381D96AD00901EBC00102F07F02496884
:105BA00001EBC202A2F806B0A9F802A0EEE6246852
:105BB000F4B12046CDE9053124F0C5FEDDE905311B
:105BC00086427FF4B5AE002E3FF4CFAE039A013C7F
:105BD000501E10F801CF14F8012F94457FF4A8AEA1
:105BE000049A8242F5D1C0E62468E0880834E7E7E9
:105BF0002046E5E71C8ED3F800A0002C7AD15A8EFF
:105C0000002A00F0178101221A86DC6A6D4A06928A
:105C10004FF480604FF0800BDAF80020069912688C
:105C200004938A4240F0FC8018F006F8049B1A8E18
:105C3000DD6A6060013A92B205EBC2010028486853
:105C400008BF4FF0000B4FF0000CA4F800B0A4F810
:105C500002C0002800F0AD8035F832504C88A542D3
:105C600040F2A78004EBC212651C1FFA82FB00EB16
:105C7000C40204924D801046D1E61C8E1A68079229
:105C8000002C5DD15A8E002A00F0F58001221A8680
:105C9000DC6A4C4A06924FF480608025079A069988
:105CA0001268059312688A4240F0BF8017F0C4FF63
:105CB000059B1A8ED3F82CC06060013A92B20CEBAF
:105CC000C2010028486808BF00254FF0000E25805B
:105CD000A4F802E000286CD03CF832404D88AC4279
:105CE00067D905EBC2126C1C1FFA82FA00EBC505DE
:105CF0004C80ABE6DD6A04F1FF3B1FFA8BFB05EB42
:105D0000CB01AC46486820B14A8835F83BE096455F
:105D100061D85A8E944200F00D812A4A0692621C84
:105D200092B2B2F5007F0CEBC4041A8615BF4FF493
:105D300080604FF47E704FF0800B4FF07F0B6BE76D
:105D4000DD6A04F1FF3A1FFA8AFA05EBCA02AC4693
:105D5000D2F804E0BEF1000F04D0508835F83A10B4
:105D6000814254D85A8E944220D0164A0692621C20
:105D700092B2B2F5007F0CEBC4041A8615BF4FF443
:105D800080604FF47E7080257F2587E7049902228A
:105D90000A71049900228A550A46F1E61A462B46F2
:105DA00055469246828801328280E4E6B2F5007F51
:105DB00062D101221A71F1E5A9F800B0A9F802A098
:105DC000E4E500BF7973020098681A68059200281C
:105DD0007FF45EAE7EE602EBCB1B541C00EBC202EE
:105DE0001FFA8BFB04924C80104618E60499039C22
:105DF00002220A7122780A70BCF1010FC9D06278C0
:105E00004A70BCF1020FC4D0A2788A70C1E700EBDF
:105E1000CA1A411C1FFA8AFA0EEBC005518015E61A
:105E2000014650469047049B01E70146079890477A
:105E3000059B3EE7DD6A52001FFA82FB059AAA42E3
:105E40004CD0DAF800105F4A8C68049394424FEA11
:105E5000CB0140F09F80284624F0FEFC049B844642
:105E6000BCF1000FA5D0584A06921C8EC3F82CC076
:105E7000A3F832B053E7DD6A52001FFA82FA059A9E
:105E8000AA42079A5BD011684E4A8C6805939442E7
:105E90004FEACA0140F08580284624F0DDFC059BCE
:105EA0008446BCF1000F84D0474A06921C8EC3F88A
:105EB0002CC0A3F832A05AE70693014605989047F4
:105EC000069B18E6039A11466144013AC41D12F874
:105ED00001CF04F801CF9142F9D146E6DAF800206B
:105EE00039481268069082424FEACB0104935FD191
:105EF000084617F0A1FE049B8446BCF1000F3FF456
:105F000058AF29686A68AC68E868CCF80C00CCF82F
:105F10000010CCF80420CCF8084029696A69AC6903
:105F2000E869CCF81C00CCF81010CCF81420CCF8A0
:105F300018409AE7B2F5007F3FF43BAF7BE7126869
:105F400021481268069082424FEACA01059334D173
:105F5000084617F071FE059B8446BCF1000F3FF424
:105F600028AF29686C68AA68E868CCF80C00CCF8FF
:105F70000010CCF80440CCF8082029696C69AA69A3
:105F8000E869CCF81C00CCF81010CCF81440CCF820
:105F900018208BE70A4650462946A047049B8446B2
:105FA0005EE70A4607982946A047059B844678E79E
:105FB00050469047049B84469FE707989047059B6F
:105FC0008446CAE781730200797302002DE9F0412B
:105FD0002DED028B90B00AAC0746884604A84A49CA
:105FE00017F032FB0DAD4949204617F02DFB04A9EF
:105FF000284617F043FB2A4621464548FBF714FA8A
:106000002846B0EE408A17F0C5FB204617F0C2FBC9
:10601000B5EEC08AF1EE10FA06D9F7EE007AB4EECA
:10602000E78AF1EE10FA49DB38499FED3A8A3A4E99
:10603000204617F009FB04A9284617F01FFBB0EE15
:10604000480A2A4621463248FFF728FC284617F01E
:10605000A1FB204617F09EFB012386F8A43086EDB5
:106060002A8A48232D49C6F8AC3007A817F0ECFA65
:1060700007A9204617F002FBB0EE480A0221284685
:1060800017F04AFB0122414601920023384602954F
:106090000094F5F7F3FB284617F07CFB204617F039
:1060A00079FB07A817F076FB04A817F073FBB0EE96
:1060B000480A10B0BDEC028BBDE8F081DFED187A24
:1060C000154E68EE277A0123F5EEC07AF1EE10FA4C
:1060D00017EE900A86ED2A8A86F8A43009DA22F0B3
:1060E0002DFE104B002222F0C9FC23F02FF90346AD
:1060F000B8E722F023FE0B4B002222F0C1FC23F074
:1061000025F90346AEE700BF40EE0500BCED0500F3
:106110000C7E0020295C8F3D5C7B0020A8F00500F0
:10612000000080440000E03F38B59368012B00D0A8
:1061300038BD044610460D4617F026FD0028F7D15D
:1061400029462046BDE83840FFF740BF2DE9F04121
:106150002DED028B90B0B0EE408A04460D4604A8A7
:10616000464917F071FAB5EEC08AF1EE10FA06DD75
:10617000F7EE007AB4EEE78AF1EE10FA2AD9404938
:106180000AAE07A817F060FA0DAF07A9304617F05E
:1061900075FA0221B0EE480A384617F0BDFA01231D
:1061A0000193029700962946204603230022F5F723
:1061B00065FB384617F0EEFA304617F0EBFA07A801
:1061C00017F0E8FA04A817F0E5FA10B0BDEC028B5E
:1061D000BDE8F0810AAE0DAF2A49DFF8B88030463D
:1061E00017F032FA04A9384617F048FAB0EE480A18
:1061F0003A4631462448FFF751FB384617F0CAFAB1
:10620000304617F0C7FADFED217A88ED2A8A68EE6A
:10621000277A0123F5EEC07AF1EE10FA17EE900A14
:1062200088F8A43020DB22F089FD194B002222F0EF
:1062300027FC23F08BF803461149C8F8AC3007A8B7
:1062400017F002FA07A9304617F018FA0221B0EE4B
:10625000480A384617F060FA01220297009629464C
:10626000204601920023A2E722F068FD084B00229D
:1062700022F004FC23F06AF80346DDE740EE050057
:10628000B0F00500BCED05000C7E0020000080444D
:106290000000E03F5C7B002010B582B00446104651
:1062A000019117F077FC0199204602B0BDE810403B
:1062B000FFF74CBF2DE9F0412DED028B90B00AACF9
:1062C0000746884604A84A4917F0BEF90DAD49496A
:1062D000204617F0B9F904A9284617F0CFF92A4645
:1062E00021464548FBF7A0F82846B0EE408A17F053
:1062F00051FA204617F04EFAB5EEC08AF1EE10FAC8
:1063000006D9F7EE007AB4EEE78AF1EE10FA4ADB2E
:1063100038499FED3A8A3A4E204617F095F904A97C
:10632000284617F0ABF9B0EE480A2A462146324813
:10633000FFF7B4FA284617F02DFA204617F02AFA8C
:10634000012386F8A53086ED2C8A40F2CD332D4905
:10635000C6F8B43007A817F077F907A9204617F058
:106360008DF9B0EE480A0221284617F0D5F901222E
:10637000414601920023384602950094F5F77EFAD3
:10638000284617F007FA204617F004FA07A817F076
:1063900001FA04A817F0FEF9B0EE480A10B0BDECFF
:1063A000028BBDE8F081DFED187A154E68EE277A92
:1063B0000123F5EEC07AF1EE10FA17EE900A86EDA1
:1063C0002C8A86F8A53009DA22F0B8FC0F4B00229F
:1063D00022F054FB22F0BAFF0346B8E722F0AEFCED
:1063E0000A4B002222F04CFB22F0B0FF0346AEE73E
:1063F00044EE0500BCED05000C7E00203333733FF6
:106400005C7B0020B8F00500000080440000E03F05
:1064100070B500218C4C2DED028B9FED8C8A84F899
:10642000C410084684ED308AFDF77EFC0346204602
:10643000C4F8C8300EF0A0FB0123C4E92733264678
:10644000052530460EF0A0FB30460EF0D1FC013D94
:1064500038EE008AF5D1DFED7E7AB4EEE78AF1EE10
:1064600010FA40F1C4804FF0FF33C4F89830D4E9FB
:106470002713D4F8C820774E774DC4F890103320F6
:10648000C4F8943040F2011140F2CD33012AC4F82F
:10649000A860C4F8B050C4F8AC00A4F8A410C4F8C4
:1064A000B43000F0BD80022A04BF7F23C4F8BC30A2
:1064B00065489FED668A0525C4F8B8500646F2F790
:1064C00099FC01224FF0FF33C4E9272330460EF038
:1064D0005BFB30460EF08CFC013D38EE008AF5D1B6
:1064E000DFED5B7AB4EEE78AF1EE10FA70D54FF08B
:1064F000FF33C4F89830D4E9272300210120C4E9F0
:106500002423FFF763FD00210120FFF7D3FE0021C4
:106510000120FDF7EDFC514D00210120FDF7F0FEBB
:106520004F492B684F4A0860092B4FF0000111704A
:1065300023DCAE68002E31D06B6B002B74D02B6E39
:10654000002B73D0D5F88C30002B71D0D5F8B83033
:10655000002B6FD0D5F8E430002B6DD0D5F810317A
:10656000DBB1D5F83C31002B68D0D5F86831002B71
:1065700066D0D5F89431002B64D03B493B4816F0E7
:1065800019FD4FF0FF36BDEC028B394B00211E6028
:106590000120BDE87040FBF7CBBA06262C2404FB93
:1065A000065434494FF47A73012263610023C4E92D
:1065B0000213E361636284F828302274A26184F8D4
:1065C000202017F011FB2B68606001332B60DAE7A5
:1065D000DFED297AB4EEE78AF1EE10FA1BDDD4E99B
:1065E0002723012152425B42C4F8981085E7DFED72
:1065F000227AB4EEE78AF1EE10FA07DDD4E9271328
:10660000012249425B42C4F8982032E72B46C4F885
:10661000985029462DE72B46C4F898502A466CE737
:106620000623C4F8BC3043E70126B7E70226B5E7E6
:106630000326B3E70426B1E70526AFE70726ADE753
:106640000826ABE70926A9E75C7B002000000000D4
:10665000000034C2CDCC4C3D3333733F88740020EE
:106660002C7700200860002048E10500148D0020F0
:1066700044760020C9BA02000000344238B593685D
:10668000012B00D038BD044610460D4617F07CFAA9
:106690000028F7D129462046BDE83840FFF70ABE5A
:1066A0002DE9F0412DED028B90B0B0EE408A04460A
:1066B0000D4604A8464916F0C7FFB5EEC08AF1EEB4
:1066C00010FA06DDF7EE007AB4EEE78AF1EE10FA82
:1066D0002AD940490AAE07A816F0B6FF0DAF07A9A0
:1066E000304616F0CBFF0221B0EE480A384617F0CC
:1066F00013F80123019302970096294620460323AD
:106700000022F5F7BBF8384617F044F8304617F08A
:1067100041F807A817F03EF804A817F03BF810B0AE
:10672000BDEC028BBDE8F0810AAE0DAF2A49DFF85F
:10673000B880304616F088FF04A9384616F09EFF50
:10674000B0EE480A3A4631462448FFF7A7F83846E3
:1067500017F020F8304617F01DF8DFED217A88EDAC
:106760002C8A68EE277A0123F5EEC07AF1EE10FA52
:1067700017EE900A88F8A53020DB22F0DFFA194BDB
:10678000002222F07DF922F0E1FD03461149C8F80C
:10679000B43007A816F058FF07A9304616F06EFF70
:1067A0000221B0EE480A384616F0B6FF01220297E1
:1067B00000962946204601920023A2E722F0BEFA65
:1067C000084B002222F05AF922F0C0FD0346DDE713
:1067D00044EE0500C0F00500BCED05000C7E002075
:1067E000000080440000E03F5C7B002010B582B0D8
:1067F00004461046019117F0CDF90199204602B0E8
:10680000BDE81040FFF74CBFF0B52DED028B91B005
:106810000AAC06460F4604A8334916F015FF0DAD25
:106820003249204616F010FF04A9284616F026FF2C
:106830002A4621462E48FAF7F7FD2846B0EE408A50
:1068400016F0A8FF204616F0A5FFB5EEC08AF1EEBF
:1068500010FA06D9DFED277AB4EEE78AF1EE10FAE6
:1068600016DB2249204616F0EFFE04A9284616F052
:1068700005FFB0EE080A2A4621461D48FFF70EF82C
:10688000284616F087FF204616F084FFB0EE088AEF
:10689000194B1A4983EDAB8A07A816F0D5FE07A954
:1068A000204616F0EBFEB0EE480A0221284616F00C
:1068B00033FF0122394601920023304602950094AD
:1068C000F4F7DCFF284616F065FF204616F062FF5D
:1068D00007A816F05FFF04A816F05CFFB0EE480AA8
:1068E00011B0BDEC028BF0BD58EE0500BCED05000B
:1068F0000C7E002000001643F87F0020C8F0050041
:1069000030B540F21D23002187B00446C0F838326C
:106910000846FFF779FF194984EDA90A03A816F084
:1069200093FE94EDA90A6846022116F0F5FE694629
:1069300003A817F053F8124917F07CF804F5A36583
:106940000146284616F02EFF684616F023FF03A8DE
:1069500016F020FF0023D4F8C016C4F89452012288
:10696000C4F89012C4F88422C4F84432C4F88832BF
:106970002046F3F77BFA07B030BD00BFA4E3050063
:1069800024EA050038B59368012B00D038BD0446D1
:1069900010460D4617F0F8F80028F7D12946204692
:1069A000BDE83840FFF730BFF0B52DED028B91B058
:1069B00007460E4604A83649B0EE408A16F044FE5B
:1069C000F0EE007AB4EEE78AF1EE10FA06DBDFEDC6
:1069D000317AB4EEE78AF1EE10FA29D42E490AACE6
:1069E00007A816F031FE0DAD07A9204616F046FEA9
:1069F0000221B0EE480A284616F08EFE01230193CC
:106A0000029500943146384603230022F4F736FFFE
:106A1000284616F0BFFE204616F0BCFE07A816F06A
:106A2000B9FE04A816F0B6FE11B0BDEC028BF0BDA5
:106A30000AAC0DAD1949204616F006FE04A92846F9
:106A400016F01CFE2A46B0EE480A21461448FEF70E
:106A500025FF284616F09EFE204616F09BFE114BA1
:106A60000D4983EDAB8A07A816F0EEFD07A9204675
:106A700016F004FE0221B0EE480A284616F04CFE3D
:106A80000122029500943146384601920023BDE769
:106A900058EE050000001643D0F00500BCED0500DF
:106AA0000C7E0020F87F002010B582B0044610460E
:106AB000019117F06FF80199204602B0BDE810402F
:106AC000FFF772BFF0B52DED028B91B00AAC064610
:106AD0000F4604A8334916F0B7FD0DAD32492046E4
:106AE00016F0B2FD04A9284616F0C8FD2A46214634
:106AF0002E48FAF799FC2846B0EE408A16F04AFE76
:106B0000204616F047FEB5EEC08AF1EE10FA06D91F
:106B1000DFED277AB4EEE78AF1EE10FA16DB2249B0
:106B2000204616F091FD04A9284616F0A7FDB0EE08
:106B3000080A2A4621461D48FEF7B0FE284616F0F0
:106B400029FE204616F026FEB0EE088A194B1A4997
:106B500083EDAC8A07A816F077FD07A9204616F04A
:106B60008DFDB0EE480A0221284616F0D5FD01221F
:106B7000394601920023304602950094F4F77EFED8
:106B8000284616F007FE204616F004FE07A816F069
:106B900001FE04A816F0FEFDB0EE480A11B0BDECEF
:106BA000028BF0BD5CEE0500BCED05000C7E002004
:106BB00000001643F87F0020D8F0050030B540F201
:106BC0001E23002187B00446C0F838320846FFF77C
:106BD00079FF194984EDAA0A03A816F035FD94ED52
:106BE000AA0A6846022116F097FD694603A816F026
:106BF000F5FE124916F01EFF04F5A9650146284668
:106C000016F0D0FD684616F0C5FD03A816F0C2FDCB
:106C10000023D4F8C416C4F894520122C4F8901288
:106C2000C4F88422C4F84432C4F888322046F3F70A
:106C30001DF907B030BD00BFACE3050024EA050034
:106C400038B59368012B00D038BD044610460D4678
:106C500016F09AFF0028F7D129462046BDE83840B3
:106C6000FFF730BFF0B52DED028B91B007460E4611
:106C700004A83649B0EE408A16F0E6FCF0EE007A41
:106C8000B4EEE78AF1EE10FA06DBDFED317AB4EE0E
:106C9000E78AF1EE10FA29D42E490AAC07A816F0BB
:106CA000D3FC0DAD07A9204616F0E8FC0221B0EE9A
:106CB000480A284616F030FD0123019302950094FE
:106CC0003146384603230022F4F7D8FD284616F053
:106CD00061FD204616F05EFD07A816F05BFD04A8D6
:106CE00016F058FD11B0BDEC028BF0BD0AAC0DAD35
:106CF0001949204616F0A8FC04A9284616F0BEFC47
:106D00002A46B0EE480A21461448FEF7C7FD284639
:106D100016F040FD204616F03DFD114B0D4983ED68
:106D2000AC8A07A816F090FC07A9204616F0A6FC2E
:106D30000221B0EE480A284616F0EEFC0122029528
:106D400000943146384601920023BDE75CEE050011
:106D500000001643E0F00500BCED05000C7E0020AD
:106D6000F87F002010B582B004461046019116F05D
:106D700011FF0199204602B0BDE81040FFF772BF35
:106D80002DE98048DFF818B1DFF818A1DBF80030F2
:106D9000DFF8149100240525FF26022287B0C3E9FD
:106DA000002507462A46C3E90254C3E9044688463B
:106DB000334629465046F1F781FB3449484616F0E0
:106DC000F9F8FCF7FBF9214620460122FDF704FE05
:106DD000214620460122FDF71DF822462146204685
:106DE000FEF7C8FC9FED2A0A21462046FFF7AEF9C0
:106DF0009FED280A21462046FFF752FC21462046F7
:106E0000B0EE080AFFF7D0FDB0EE080A2146204692
:106E1000FFF728FF2A4621462046FDF755F92A4666
:106E200021462046FDF71EFB2A4621462046FEF756
:106E3000CFFA224621462046FDF714FC08EE107AD0
:106E400003AB01271449184616F0FEFB414603AA7E
:106E50003B4618EE100A0097F4F7F0FD03A816F071
:106E600099FCDBF800202946C2E90074C2E902540B
:106E700056611461504623462246F1F71FFB07492D
:106E8000484616F097F8F6F7B7FF00BFE8F00500A0
:106E9000295C8F3D3333733F00F1050008F1050095
:106EA000387C0020287C0020148D002038B59368A1
:106EB000012B00D038BD044610460D4616F064FE86
:106EC0000128F7D129462046FFF75AFFF0B50446BE
:106ED00087B016F089FED4F83832C4F8AC0200222C
:106EE0003A2BC4F8882272DC93426EDB3A2B6CD8C2
:106EF000DFE813F0BF00CF00ED003B000601960174
:106F00006D016B006B006B006B006B006B006B0026
:106F10006B006B006B006B006B006B006B006B0019
:106F20006B006B006B006B006B006B006B006B0009
:106F30006B0051026B006B006B006B006B006B0011
:106F40006B006B006B006B006B006B006B006B00E9
:106F50006B006B006B006B006B0049025D022B0144
:106F6000D3016B00B401C7017C01D4F8A436D4F876
:106F70004422013B9A4280F2B080012A02F10103CF
:106F800000F0B383032B00F0A983012B12BFD4F8C8
:106F90005432C4F85432C4F85C32D4F850229A42C5
:106FA00003D1D4E996329A420FD01F20022304F570
:106FB00063710022C4F83802C4E9A431C4F88432F1
:106FC000C4F844222046F2F751FF07B0F0BD6FF439
:106FD000077213441E2BF8D81E2BF6D801A252F8C4
:106FE00023F000BF17730300B7720300CB6F0300D9
:106FF000CB6F0300CB6F0300CB6F0300CB6F03009D
:10700000CB6F0300CB6F0300CB6F030077730300DC
:10701000CB6F0300CB6F0300CB6F0300CB6F03007C
:10702000CB6F0300CB6F0300CB6F0300CB6F03006C
:10703000CB6F0300CB6F0300CB6F0300CB6F03005C
:10704000CB6F0300CB6F0300CB6F0300CB6F03004C
:10705000CB6F0300CB6F0300CB6F030061700300A5
:10706000D4F84452002D00F04983012D00F0FE8039
:10707000ABE7D4F8443200220133C4E98E32052B49
:10708000A3D8DFE813F0F102E002D9029001D502A3
:10709000CD02D4F84432012B00F0B681251D2046E4
:1070A000F2F718FEE149284615F084FF284615F04E
:1070B0002BFD4FF4FA7016F0A3FD0023204684F850
:1070C0003432F2F707FE284615F01EFD7DE7D4F8AE
:1070D0004432002B00F0D981012B7FF476AFD4F835
:1070E0009816002304F53072C4E9A412C4F83832AB
:1070F000C4F88432C4F844322046F2F7B7FE64E79D
:10710000D4F84452012D00F00382022DE7D0002D67
:107110007FF45BAF29460120FDF79EF82946012048
:10712000FCF7E6FEC249C4F8600203A816F08CFA28
:10713000D4F860120A22684616F0BAFA694603A823
:1071400016F04CFC04F56F772AE0D4F84452012D78
:1071500000F0F981022D4ED0002D7FF436AF294684
:107160002846FDF7CDF8421CC4F8642229460120C8
:10717000FDF778F929462846FDF7C2F8AC49C4F86E
:10718000640203A816F060FAD4F864120A22684672
:1071900016F08EFA694603A816F020FC04F59767EE
:1071A000A44916F047FC0146384616F0FBFA68463B
:1071B00016F0F0FA261D03A816F0ECFA39466561C0
:1071C000304615F00FFE304615F09EFCFDE6D4F873
:1071D00044320622C4F83C22002B00F08D82012BA1
:1071E0007FF4F3AE2046F3F7C1FBEEE6D4F8443269
:1071F000002B7FF4EAAE0523D4F8AC16C4F838327D
:1072000004F57B720023C4F89012C4F89422C4F8E9
:107210008432C4F844322046F2F728FE07B0F0BDAD
:10722000D4F844320522C4F83C22082B3FF6CDAEF8
:1072300001A252F823F000BF837403007F7603009D
:107240007776030045740300C5760300B576030026
:107250008F76030087760300DF700300D4F8443292
:10726000002B00F04982012B7FF4AFAED4F83C3202
:10727000052BC0D0062B7FF4A8AE2046F2F76EFE99
:10728000A3E6D4F84432002BEDD140F23B23C4F8FE
:1072900038322046F3F76AFB97E6D4F84432012BE4
:1072A00000F09881022BA6D0002B7FF48EAE2046F2
:1072B000FFF726FB89E6D4F84452012D00F06581E2
:1072C000022D00F0BF80002D7FF47FAE29462846B6
:1072D000FFF7F8FBF7EE007A30EE270A294684ED37
:1072E000AA0A2846FFF7BEFC29462846FFF7EAFB14
:1072F000514984EDAA0A03A816F0A6F994EDAA0A4A
:107300000221684616F008FA694603A816F066FBE3
:1073100004F5A96744E7D4F84452012D00F0BC807D
:10732000022D00F08F80002D7FF44FAE29462846B5
:10733000FFF76AFAF7EE007A30EE270A294684ED65
:10734000A90A2846FFF730FB29462846FFF75CFAD2
:107350003A4984EDA90A03A816F076F994EDA90A32
:107360000221684616F0D8F9694603A816F036FBE4
:1073700004F5A36714E7D4F84432002B6DD0012B39
:107380003FF439AF21E6D4F84422002A6CD0012A18
:107390003FF431AF19E6D4F84432012B40F0B58107
:1073A0000023C4F844322046F2F7A2FF0DE6D4F8D9
:1073B0004452012D00F01281022D3FF41CAF002D2C
:1073C0007FF403AE29462846FDF7C2FE421CC4F8EE
:1073D000682229462846FDF7FBFF29462846FDF787
:1073E000B7FE1749C4F8680203A816F02DF9D4F8BF
:1073F00068120A22684616F05BF9694603A816F07F
:10740000EDFA04F59167CBE6D4F89816002304F55D
:107410003072C4E9A412C4F84432C4F83832C4F853
:1074200084322046F2F722FDCFE500BF24F10500AB
:10743000D0E2050024EA0500ACE30500A4E3050062
:1074400078E305003623D4F8BC16C4F8383204F5C6
:107450009D620023C4F89012D7E63723C4F838326F
:107460002046F3F785F8B0E5D4F87012A84B002950
:1074700040F02C810122C4F8702208461A70FDF7F2
:10748000F5FC2046F3F7F4F99FE51523C4F83832EC
:107490002046F2F785FF98E500210846FFF7B4F98A
:1074A000F7EE007A30EE670A0021084684EDA90A5B
:1074B000FFF77AFA00210846FFF7A6F9954984ED0F
:1074C000A90A03A816F0C0F894EDA90A022168469B
:1074D00016F022F9694603A816F080FA04F5A366AF
:1074E0008D4916F0A7FA0146304616F05BF968465A
:1074F00016F050F903A816F04DF9251D002331466A
:107500006361284615F06EFC284615F0FDFA5CE52F
:1075100000212846FCF7CAFE00212846FCF7E8FCBB
:107520007E49C4F8600203A816F08EF8D4F8601201
:107530000A22684616F0BCF8694603A816F04EFA0F
:1075400004F56F76CCE700210846FCF7D9FE421E11
:10755000C4F8642228460021FCF784FF0021084675
:10756000FCF7CEFE6D49C4F8640203A816F06CF86F
:10757000D4F864120A22684616F09AF8694603A8FD
:1075800016F02CFA04F59766AAE700210846FFF7E3
:1075900099FAF7EE007A30EE670A0021084684ED8A
:1075A000AA0AFFF75FFB00210846FFF78BFA5C4948
:1075B00084EDAA0A03A816F047F894EDAA0A02215E
:1075C000684616F0A9F8694603A816F007FA04F50C
:1075D000A96685E72046FFF7F1FAF6E400210846A0
:1075E000FDF7B6FD0021421EC4F868220846FDF7EB
:1075F000EFFE00210846FDF7ABFD4A49C4F86802DA
:1076000003A816F021F8D4F868120A22684616F08A
:107610004FF8694603A816F0E1F904F591665FE7B3
:10762000D4F8AC36C4F8903204F57B720023ECE554
:107630002046FCF7FBFCC8E4D4F8A036C4F890322E
:1076400004F54B72F2E704F53F700223012200219A
:10765000C4E9A430C4E98E22C4F88432C4F84412C8
:107660002046F2F703FCB0E4D4F89836C4F8903220
:1076700004F53072DAE72046FCF7A8FEA5E42046C0
:10768000FDF7CAFDA1E42046F3F7B4F99DE43923E0
:10769000D4F8CC06C4F8383204F5B56102220023D0
:1076A000C4E9A401C4F88422C4F844322046F2F7A5
:1076B000DDFB8AE43823D4F8C806C4F8383204F570
:1076C000AF61EBE72046F3F70BF97EE4C4F87022D4
:1076D000114610461A70FDF7C9FBD2E602230122BB
:1076E000C4F85432C4F85C2257E40122C4F85C3276
:1076F000C4F85422134650E4F6F77EFB2046F3F715
:107700007BFA29462846FFF73BFB2046FDF7A8FAFF
:1077100080740020A4E3050024EA0500D0E20500FF
:10772000ACE3050078E305002DE9F04190B0144684
:1077300005460E4604A8414915F086FF042C39D8A9
:10774000631E032B0DD8DFE803F04D7175023C4F2B
:107750000023384687F83432F2F7BCFA381D15F0AA
:10776000D3F90DAF374907A815F06EFF0DF12808C2
:1077700007A9384615F082FF214640460A2215F037
:1077800097FF01223146019200232846CDF8088058
:107790000097F4F773F8404615F0FCFF384615F0F3
:1077A000F9FF07A815F0F6FF04A815F0F3FF10B0D5
:1077B000BDE8F0810DAF2349384615F045FF0123A0
:1077C0003146002228460193009703230294F4F7E0
:1077D000CFFB384615F0DEFF04A815F0DBFF10B034
:1077E000BDE8F08116F000FA154F4FF000080123B4
:1077F000C7F8AC024146404687F83432C7F8888261
:10780000FCF792FAD7F89826C7F8500207F53073BC
:107810003846C7E9A423C7F83882C7F88482C7F876
:107820004482C7F88882F2F721FB9AE70448FFF701
:107830004DFB96E70248F2F7AFFB92E76CEE0500CE
:10784000C48200202CF1050010B582B00446104619
:10785000019116F099F901990246204602B0BDE85F
:107860001040FFF761BF00BF2DE9F043044685B02B
:10787000182800F21981DFE810F0D800D4000D01BB
:10788000D000BB00AB00A600A1009C0097009200B6
:107890008D00880083007E00780066006000530041
:1078A0002F006C002A001900150111019548964D12
:1078B000FFF70CFB2B68022B00F0FA80934B0022A1
:1078C0001A60934B01221A7005B0BDE8F0838D4811
:1078D0008D4DF2F761FBEDE716F086F9894E8A4D82
:1078E000C6F8AC02002701233946384686F8343200
:1078F000C6F88872FCF718FAD6F89826C6F850022F
:1079000006F530733046C6E9A423C6F83872C6F8C7
:107910008472C6F84472C6F88872F2F7A7FAC9E70B
:107920007C4B794D1A68012AD4BF01320022002114
:1079300001201A60FDF750F8BCE700210120FCF798
:107940008BFC714DB6E700210120FCF7AFFC6E4DBA
:10795000B0E76C4E6C4D0023304686F83432F2F7B7
:10796000B9F9301D15F0D0F8A4E700210120F3F794
:10797000ADFE654D9EE76348634DF2F711FD99E753
:107980000820EFF747FE604D94E70720EFF742FE2F
:107990005D4D8FE70620EFF73DFE5B4D8AE7052042
:1079A000EFF738FE584D85E70420EFF733FE564DCC
:1079B00080E70320EFF72EFE534D7BE70220EFF721
:1079C00029FE514D76E70120EFF724FE4E4D71E779
:1079D0004E49514B0520002208601A604A4B1B6833
:1079E000022B65D04A4B00221A7005B0BDE8F08327
:1079F000484B1B68012B70D0022BEFD1474803780E
:107A000043F00101DB07E9D40023CDE900331A4636
:107A1000017043480AF008FDE0E7F6F7C1FA3A4D75
:107A200048E7F6F7A5FC384D44E7374D2B68022BA5
:107A30007FF444AF3B4E00237370776816F0D4F8A0
:107A4000874222D0384803F077F8002855D116F045
:107A5000CBF8DFF8F480074641F28839404603F05E
:107A6000E7FA48B933783BB9012016F0C9F816F0A7
:107A7000BBF8C31B4B45F1D92C4A0323D01D002171
:107A800003F0DAFA16F0B0F870602949294815F0C9
:107A900091FA0FE7F6F7AAFC1B4D0BE70021012036
:107AA000FFF76EF9F6F7A8F9174B1B68022B10D1F8
:107AB000214800250121CDE901102B462A461F4807
:107AC000039500959621F5F747FF1D4A0F4B10606F
:107AD0001D60043C012C85D9F0E61A48C378D9070B
:107AE00043F001023FF57AAF0023CDE9003351B2F4
:107AF000C2701A46F6F7FEF870E70B4803F01EF85E
:107B0000A5E700BFC482002020770020107E00205F
:107B100008600020F4760020307700206874002090
:107B2000B473002040770020348D0020417700207E
:107B300034F10500148D0020A1750200606B002057
:107B40001C6D00207C8B0020487700202DE9F0413F
:107B500084B004AC04E90700DDE90162022ADDE932
:107B60000A54039F44D0814B1B7883B1804B1B6820
:107B7000052B00F08F807F4B002101208D4283F880
:107B8000200083F8FC1004DC04B0BDE8F081002D77
:107B9000FADD794B1B78002BF6D0012A68D12346F9
:107BA000002203E0954203F11003EDD01978B142B1
:107BB00002F10102F6D19968B942F3D8D968B94205
:107BC000F0D96E4A92F83422002A00F09480DA78D4
:107BD0006B4B02EB820213449A785B78052B40F3DF
:107BE0009380684B186804B0BDE8F041F3F7D0BC4F
:107BF000DFF87C81D8F80010043901295FD99F4251
:107C00003BD85A4B1B78002B4FD1002DBCDD5A4B73
:107C10001B78002BB8D02346002203E0954203F1E5
:107C20001003B1D019788E4202F10102F6D19968A1
:107C30008F42F3D3D9688F42F0D2504A92F834225F
:107C4000002A6ED0DC784E4B04EB840213441A7980
:107C5000D9785B78052B6FDD4A4B1868444B1C6064
:107C6000F3F796FC204604B0BDE8F041FFF7FCBDF9
:107C7000022AD0D004B0BDE8F0810092F3F790FB67
:107C80003A4B009A1B78002BBFD0D8F80030052B58
:107C90007FF471AF374B002101208D4283F8FC0047
:107CA00083F820103FF775AF6EE7324B00220121B9
:107CB000954283F8201083F8FC20A8DC64E7F3F7F2
:107CC0006FFBF6F75DF8294B1B78002B3FF45CAF98
:107CD000D8F80030052B4FF00101264B4FF0000281
:107CE00004D083F8201083F8FC204DE783F8FC10C3
:107CF00083F8202048E724490968022933D0032962
:107D00002FD0012925D013461E48204900680C6851
:107D1000426002210022C0E90322836044610160C5
:107D200061E719490968022919D0032915D00129E9
:107D300011D01346114614461248144D00682D68A0
:107D40004160836001219623C0E90313026045610D
:107D500084E75A783CE75C7875E71C7973E79C7890
:107D600071E71A7934E79A7832E700BF107700207C
:107D7000107E0020147E002008600020C4820020B5
:107D800084F20500387C002020770020287C002029
:107D900070B51E4D1E4E1F4C86B02846F4F7C4FB2E
:107DA0003046F4F7C1FBB5F908206B681A4D02EBB9
:107DB000420203EB820393E8070003AB83E807006A
:107DC00085E80700B6F908107268144E01EB41010E
:107DD00002EB810207CA83E807003668104B009661
:107DE000104E1B68019684E8070095E80700FFF72E
:107DF000ADFE0D4A0D4B126800920D4D1B680195AA
:107E000094E80700FFF7A2FE06B070BD647700207B
:107E100060790020B0890020747400207074002004
:107E20006C74002074F30500AC890020A889002040
:107E3000F4F3050070B53C4C86B020460BF0CAFA4E
:107E4000D4F8BC3084ED300A022B53D0B5EEC00A12
:107E5000F1EE10FA2FDD94ED317AB5EEC07AF1EE45
:107E600010FA28DDB4F8A830B4F8A010D4ED327AB6
:107E7000D4F8A42001331BB28B4270EE677AA4F8C9
:107E8000A830B4BF03EB4303002377EEC77AB4BF37
:107E90009B00A4F8A8301344C4ED337A83ED000AA4
:107EA00083ED017AC3ED027A94F8AA309942C4BFF7
:107EB000013384F8AA301C481C4E1D4DF4F766FCB3
:107EC000B4F9B410D4F8B0201A4B01EB410102EB25
:107ED000810207CA83E8070003AC84E80700326820
:107EE0000092154C93E807002B680194FFF72EFED3
:107EF00006B070BD04F17C0204F1580104F11C00CD
:107F00000CF020FD94ED1B7A94ED300AB5EEC07AAA
:107F1000F1EE10FA9ADDB5EEC00AF1EE10FA84ED3A
:107F2000317A9FDCC7E700BFF87F0020B4820020D1
:107F3000B0820020B882002004F305002DE9F04F44
:107F40002DED028B91B006460DA80393174608EE5F
:107F5000101A15F093FB0DAA314608A8F9F70AFA92
:107F60000DA815F017FC39460DA815F087FBDDF8B4
:107F700020900D9B0293B9F1000F00F0FA80002BC6
:107F800000F0F78099F80430DDF83C80DDF824B08B
:107F9000002B00F00D81202B40F0EB80B9F8004061
:107FA0004FF6FF7A544500F00D81DBF82C20E309F1
:107FB00002EBC30304F07F055C6814EBC50400F01A
:107FC00001811346CDF810A04FF0010A5A46E5880A
:107FD000CB469946BAF1000F13D1049B9D4200F0A5
:107FE000EF80EB0909EBC30305F07F055C6814EB38
:107FF000C50400F0E5808AF0010AE588BAF1000FB7
:10800000EBD02379042B00F0C581052B00F0E28131
:10801000022B00F0C381B8F1000FDED14B46D946E8
:1080200093461A464FF6FF739D4200F0CB80EB0952
:1080300002EBC30205F07F05536813EBC50500F0A2
:10804000C180039BD3F800809C6859462846EFF70F
:1080500091FFB8F1000F00F08C80032C00F21E821B
:108060005FFA84FC002C00F0C5820CF1FF3058FA56
:1080700080F008F1FF33002213F8011F002908BF28
:1080800042F001029842F7D1002A00F0A781DBF804
:108090000800DBF800C0E0B104F1FF3EC644C3882D
:1080A000A3420FD1002C00F0018208F1FF33C21D62
:1080B00002E0734500F0FA8113F8019F12F8011FE6
:1080C0008945F6D000680028E9D1B4F5803F80F0FA
:1080D000E181DCF80030CB4A1B68934204F10900CF
:1080E00040F09E8215F0A8FD002800F0D381012306
:1080F000C480838000F1080E84B308F1040100F10C
:108100000C02904538BF8E4504F1FF33C0F0A482C5
:10811000072B40F2A18224F0030C0CF1080C8444DC
:108120007346424652F8041B43F8041B9C45F9D1A0
:10813000A20724F0030311D018F803200EF803203F
:108140005A1C94420AD9023318F802100EF8021091
:108150009C4203D918F803200EF80320044400239E
:108160002372DBF808300360CBF808000523286091
:108170002B710DA815F00EFB18EE101A0AA815F0B9
:108180007DFA39460DA815F079FA099B00930AA9E2
:10819000089B0DAA3046FBF737F80DA815F0FAFA40
:1081A0000AA815F0F7FA11B0BDEC028BBDE8F08F0C
:1081B00020224FF0FF3389F80420C9F80030EDE6A3
:1081C000D9469346BBF8341005914FF6FF730BF177
:1081D0000C029942069200F01781DBF82C30CA0994
:1081E00003EBC20301F07F005A6832F83030ABF87D
:1081F000343002EBC003049319464FF6FF73CB8073
:10820000BBF834A000229A450A7100F05381DBF8D4
:108210002C304FEADA1203EBC2030AF07F015D68EB
:1082200035F83130ABF8343005EBC1054FF6FF734C
:108230000022B8F1030FEB802A7100F2DE815FFAB1
:1082400088F4B8F1000F00F0C681029B601E53FA5B
:1082500080F0013B13F8011F002908BF42F0010222
:108260008342F7D1002A00F0DF81DBF80800DBF859
:1082700000E018B3029BCDF818E008F1FF3C9C44E5
:108280009E46C388984510D1B8F1000F00F0EF81E9
:108290000EF1FF33C21D02E09C4500F0E88113F8A7
:1082A000014F12F8011F8C42F6D000680028E8D177
:1082B000DDF818E0B8F5803F80F0EC80DEF80030A3
:1082C000504A1B68934208F1090040F01B8215F0E8
:1082D000B3FC002800F0DE800123A0F80680838034
:1082E00000F1080CB8F1000F2ED0029C00F10C0137
:1082F000231D9C4538BF8C4208F1FF32C0F0068236
:10830000072A40F20382224628F00304083404447A
:10831000634652F8041B43F8041BA342F9D118F03A
:10832000030F28F003030FD0029CE25C0CF803203B
:108330005A1C904508D90233A15C0CF802109845EC
:1083400002D9E25C0CF803208044002388F808304E
:10835000DBF808300360CBF80800049A052313719A
:1083600010601346A3F806A0B9F802304FF6FF726A
:10837000934200F03981DBF82C20D90902EBC102CD
:1083800003F07F03526802EBC303059ADA80A9F871
:1083900002A056E62468002C3FF43DAE204605922C
:1083A00022F0D1FA059A80457FF417AEB8F1000F9C
:1083B0003FF434AE029B013B013C03EB080C02E0AE
:1083C0009C453FF42BAE13F8010F14F8011F8842AF
:1083D000F6D002E62468E0880834E4E702232B7133
:1083E00098F800302B70BCF1010F08D098F80130DC
:1083F0006B70BCF1020F02D098F80230AB70002312
:108400002B55B6E679730200BBF83040DBF800303C
:108410000493002C40F08E80BBF83230002B00F02B
:1084200032810123DBF82C40BE4AABF830304FF4E8
:1084300080604FF0800A049B1B681B68934240F0E9
:108440001A8115F0F9FBBBF83030DBF82C50606076
:10845000013B9BB205EBC3020028506808BF4FF0F8
:10846000000A0021A4F800A0618098B135F83340DB
:1084700051888C420ED901EBC3139BB24C1C05935F
:1084800000EBC103049354801946B6E6B3F5007FB0
:1084900040F01C8101238BF804306AE6DBF8080009
:1084A000DBF800C000287FF4F7AD0EE683880133C7
:1084B00083805BE6BBF83040DBF800300793002C8C
:1084C0005ED1BBF83230002B00F0FE800123DBF8D8
:1084D0002C40944AABF830304FF480604FF0800A63
:1084E000079B1B681B68934240F0C98015F0A4FBF2
:1084F000BBF83030DBF82C506060013B9BB205EBE1
:10850000C3020028516808BF4FF0000A0020A4F8F9
:1085100000A060800029BDD035F833005588A842FE
:10852000B8D905EBC313681C1FFA83FA01EBC50524
:1085300050807BE6DBF82C50631E9BB205EBC30139
:10854000AC46486820B14A8835F833E096455CD897
:10855000BBF832309C4200F01281724A631C9BB21D
:10856000B3F5007F0CEBC404ABF8303015BF4FF40B
:1085700080604FF47E704FF0800A4FF07F0A5AE718
:10858000DBF82C5004F1FF3A1FFA8AFA05EBCA0314
:108590002846D3F804C0BCF1000F04D0598835F840
:1085A0003A208A424FD8BBF832309C423FF46EAF3B
:1085B0005C4A631C9BB2B3F5007F00EBC404ABF8CC
:1085C000303015BF4FF480604FF47E704FF0800A5A
:1085D0004FF07F0A84E7049A02231371049A002360
:1085E00002F808301346BDE6059BA9F80030A9F84B
:1085F00002A026E502232B7101E7DBF80800DBF877
:1086000000E000287FF436AE54E602EBC3139BB2C1
:10861000541C059300EBC2034C8004931946ECE50F
:108620000146604698475FE5049A02980223137159
:1086300003781370012CD1D043785370022CCDD025
:1086400083789370CAE701EBCA1A4A1C1FFA8AFAA8
:108650000CEBC1055A80E9E54344C21D08F1FF381F
:1086600018F8011F02F8011F4345F9D176E5838808
:108670000133838071E6014604989847E3E601469A
:108680000798984734E7DBF82C505B001FFA83FA11
:10869000069BAB42049B1B6848D0234A9B689342CD
:1086A0004FEACA0140F09380284622F0D5F884466C
:1086B000BCF1000F3FF4EEAE1A4ABBF83040CBF8E5
:1086C0002CC0ABF832A049E7DBF82C505B001FFA56
:1086D00083FA069BAB42079B1B6855D0124A9B68E6
:1086E00093424FEACA0178D1284622F0B5F8002813
:1086F0003FF4D0AE0B4ABBF83040CBF82C00ABF8BF
:1087000032A056E7014670469847E2E5029BC11D3C
:108710001A44013B13F8014F01F8014F9342F9D17C
:1087200012E600BF7973020081730200324A1B68AF
:10873000059293424FEACA0154D1084615F07CFADB
:10874000059A8446BCF1000F3FF4A4AE29686C681A
:10875000AB68E868CCF80C00CCF80010CCF804400A
:10876000CCF8083029696C69AB69E869CCF81C0061
:10877000CCF81010CCF81440CCF818309DE7B3F5C5
:10878000007F3FF487AE80E71B4A1B680692934246
:108790004FEACA012BD1084615F04EFA069A002876
:1087A0003FF478AE29686B68D5F808C0EC68C460FF
:1087B00001604360C0F808C029696B69D5F818C02A
:1087C000EC69C46101614361C0F818C093E70A46CF
:1087D00004982946984784466AE70A460798294636
:1087E000984784E704989847059A8446AAE707982B
:1087F0009847069AD3E700BF79730200F0B597B0A7
:1088000010AC06460F4604A8344914F01DFF13AD02
:108810003349204614F018FF04A9284614F02EFF0F
:1088200030492B46224607A8F9F75CFA284614F08F
:10883000B1FF204614F0AEFF4FF080532A49186E66
:10884000102217F0CBFC28490AA814F0FDFE0AA953
:1088500007A815F01FF928B30AA9244814F0A2FFAD
:108860002349204614F0F0FE07A9284614F006FF1D
:108870000122394601920023304602950094F2F716
:10888000FDFF284614F086FF204614F083FF0AA857
:1088900014F080FF07A814F07DFF04A814F07AFFFD
:1088A00017B0F0BD0E490DA814F0CEFE04A9204665
:1088B00014F0E4FE0AA9284614F0E0FE2B462246F6
:1088C0000DA90848FFF73AFB284614F063FF20463D
:1088D00014F060FF0DA814F05DFFBDE7F8E305009C
:1088E000BCED05000C7E0020546B0020FC760020BF
:1088F00044F10500C149DFF874C3C148C14A0023EF
:108900002DE9F04F0B60C049DFF864A30B70BF4D39
:10891000BF49C04EC04CDFF85C83DFF85C932B701E
:10892000CAF800308CF8003003600B70337023609D
:1089300088F8003089F80030B84B01258DB01560FB
:108940001D6018F029FBC207CAF8000003D4830792
:1089500048BF88F8005015F047F9DFF820A3034618
:108960004FF4E131AE48CAF8003002F08FF8AD485C
:1089700012F06AF8AC4906A814F066FEAB4909A8E3
:1089800014F062FE09AA06A9A948FAF7CDFB09A8C6
:1089900014F000FF06A814F0FDFE00210846FFF7C2
:1089A0002DFF00210846FBF7B5F8FCF771FC01210B
:1089B0000A2018F087FB00210846FCF79BF99D4B25
:1089C0001A78586012B1002840F091839A489B4D64
:1089D000EFF766FF9A4A9B4B9B4808214FF4FA5BDE
:1089E0001160C3F800B0EFF75BFF9848DFF890C262
:1089F000974A29680368CCF800B04FF00B0E4FF08F
:108A0000020CC2F800E04FF0000E0522C1E900C2DE
:108A1000C1E9022EC1F810E04B611146EFF74EFD9F
:108A200015F0E2F8DAF800208A4B801A1860FBF79C
:108A3000F9FE15F0D9F8DAF80020874B801A186093
:108A4000F2F79CFAF2F7CEFB3378002B40F07483F8
:108A5000DFF830A29AF8003023B16B4B1B78002B63
:108A600040F057836A4B1B78002B40F0478300216E
:108A70000846FCF7EFFD2060784C002840F04D825E
:108A8000012384F8D00084F8203084F8FC30DFF82B
:108A9000F8B12A68DBF800301169092B31DCDBF80A
:108AA0000830002B00F0E882DBF83430002B00F0B7
:108AB0009A83DBF86030002B00F0AB83DBF88C305E
:108AC000002B00F0AB83DBF8B830002B00F0C48340
:108AD000DBF8E430002B00F0CB83DBF81031002B07
:108AE00000F0C982DBF83C31002B00F0D983DBF8C1
:108AF0006831002B00F0D883DBF89431002B00F0B4
:108B0000E6835749464814F055FA4FF0FF33226880
:108B10005449092A0B602EDCA368002B00F0448323
:108B2000636B002B00F05A83236E002B00F07383DD
:108B3000D4F88C30002B00F07883D4F8B830002BB8
:108B400000F08383D4F8E430002B00F08A83D4F85B
:108B50001031002B00F09583D4F83C31002B00F04D
:108B60009C83D4F86831002B00F0A283D4F89431B0
:108B7000002B00F0A9833A49294814F01BFA236816
:108B80004FF0FF3B384D092BC5F800B02EDCA26832
:108B9000002A00F04E82636B002B00F02283236ECC
:108BA000002B00F03483D4F88C30002B00F0448389
:108BB000D4F8B830002B00F04D83D4F8E430002B0B
:108BC00000F05A83D4F81031002B00F03182D4F831
:108BD0003C31002B00F06683D4F86831002B00F0A4
:108BE0006583D4F89431002B00F079831C490C483C
:108BF00014F0E0F923684FF0FF3247E028770020B7
:108C00000C77002020770020F0760020F1760020FD
:108C10001077002008770020F8760020F4760020F6
:108C2000148D002014A20020BCED050098EE050074
:108C30000C7E00208074002064770020387C0020A7
:108C4000707400206C74002060790020287C002063
:108C5000AC89002064730020206D0020147E002069
:108C600048E10500F87D0020D07F00203C770020FF
:108C7000147700203D7700202577002068730020BE
:108C8000A88900201C7700203C7C0020092B6A600A
:108C90002EDCA268002A00F08F81636B002B00F0AD
:108CA000A682236E002B00F0B082D4F88C30002B0B
:108CB00000F0B682D4F8B830002B00F0BF82D4F8B0
:108CC000E430002B00F0D682D4F81031002B00F0F5
:108CD0007281D4F83C31002B00F0DB82D4F868318B
:108CE000002B00F0EC82D4F89431002B00F0F582D8
:108CF000C249C34814F05EF923684FF0FF32092BD4
:108D0000AA602EDCA268002A00F03281636B002B7F
:108D100000F06B82236E002B00F07582D4F88C304B
:108D2000002B00F08782D4F8B830002B00F090823E
:108D3000D4F8E430002B00F09982D4F81031002BE5
:108D400000F01581D4F83C31002B00F0A082D4F85B
:108D50006831002B00F0B182D4F89431002B00F080
:108D6000BA82A649A64814F025F923684FF0FF32CD
:108D7000092BEA602EDCA268002A00F0D680636B23
:108D8000002B00F03682236E002B00F03782D4F8DF
:108D90008C30002B00F04C82D4F8B830002B00F05F
:108DA0004F82D4F8E430002B00F05E82D4F810310A
:108DB000002B00F0B980D4F83C31002B00F06B821E
:108DC000D4F86831002B00F07682D4F89431002B6F
:108DD00000F07F8289498A4814F0ECF823684FF04C
:108DE000FF32092B2A612EDCA368002B00F0C08122
:108DF000636B002B00F0FF81236E002B00F00082DC
:108E0000D4F88C30002B00F00D82D4F8B830002B51
:108E100000F01882D4F8E430002B00F01F82D4F860
:108E20001031002B00F02A82D4F83C31002B00F0E6
:108E30002B82D4F86831002B00F04382D4F89431AF
:108E4000002B00F094816D496D4814F0B3F84FF099
:108E5000FF331F464FF0000B6A4B0293CDE900BB76
:108E6000CDF80CB05A460123142167486F61F4F71E
:108E7000CBFA664B02938446CDE900BBCDF80CB02B
:108E80005A4601234FF47A71C5F818C05E48F4F7CA
:108E9000BBFA5F4B02938446CDE900BBCDF80CB022
:108EA00001235948C5F81CC05A4641F28831F4F7ED
:108EB000ABFA584B84F854B11B682862012B00F0C0
:108EC000468155499AF80030327884F828210120EB
:108ED0000870002B00F00281504B1978504B84F839
:108EE0004C101B7884F8FC3084F820300AB101B1B2
:108EF0000BB9F1F715FF99F80030002B00F0D8807E
:108F0000F4F7BCFC98F8003023B999F80030002B36
:108F100000F0D3800DB0BDE8F08F012800F0F180A3
:108F2000012384F8D030B2E506224FF02C0B0BFB66
:108F3000024B3C49CBF8081064230121CBF81430D4
:108F40000023CBE90633CBF80C308BF81030CBF88C
:108F500024308BF820108BF82810059214F044FE72
:108F60002368059ACBF804000133236039E7062211
:108F70004FF02C0B0BFB024B2B49CBF808104FF496
:108F80007A730121CBF814300023CBE90633CBF8F8
:108F90000C308BF81030CBF824308BF820108BF885
:108FA0002810059214F020FE2368059ACBF80400DF
:108FB00001332360DCE606224FF02C0B0BFB024B47
:108FC0001A49CBF8081014230121CBF814300023E0
:108FD000CBE90633CBF80C308BF81030CBF82430CB
:108FE0008BF820108BF82810059214F0FDFD2368F3
:108FF000059ACBF804000133236080E648E10500C0
:10900000148D002029CD0200147E00201975020065
:10901000C5720200F4760020347C0020F076002037
:1090200010770020A5C9020085B40200917D0300DD
:1090300006224FF02C0B0BFB024BAA49CBF8081071
:1090400032230121CBF814300023CBE90633CBF8CF
:109050000C308BF81030CBF824308BF820108BF8C4
:109060002810059214F0C0FD2368059ACBF804007F
:10907000013323600AE606232C2505FB03B59A4835
:109080006961EA6001210022EA616A6285F82820AC
:10909000A8602974A96185F82010059314F0A4FD37
:1090A000DBF80020059B68600132CBF800202EE53C
:1090B00098F80030002B7FF42DAF8C4B01214FF43A
:1090C0007022C3F80C15C3F80425D3F808250A4309
:1090D000C3F8082519600DB0BDE8F08F844A84F804
:1090E0004C30127884F8FC2084F8202001E7C82254
:1090F00040F2BA210A2014F017FA67E4FDF788F964
:10910000B5E4002384F8D00084F8203084F8FC30E3
:10911000BDE47848EFF784FD00210846FDF774FBB5
:1091200000210846FDF7CEFC734A744B07211160FD
:109130004FF4FA521A6095E47148FBF73FFE33781A
:10914000002B3FF485AC6E48F0F73EFD80E4CDE99E
:1091500000B36C496C48CDF80CB0096802905B46CE
:109160006A485A46F4F7F8FB694B1860A9E60923E8
:109170001F462C2303FB0743664999601E225A6150
:1091800001210022C3E90622DA601A745A6283F8C8
:10919000201083F82810059314F026FD2268059B03
:1091A00001325860226055E69B462C2505FB0B4595
:1091B000584AAA60142301226B610023C5E90633D3
:1091C000EB602B746B6285F8202085F8282014F062
:1091D0000BFD2368686001332360D3E44FF0010B7B
:1091E000E3E7012225E7012346E70122C0E6012249
:1091F000E2E6012299E601231F46BAE7022294E63D
:1092000002231F46B5E70222B2E60222D4E602227A
:109210000FE7022330E74FF0020BC6E703232BE7EB
:109220000322C9E603231F46A3E74FF0030BBCE765
:1092300003227AE603229BE60322FAE60422BBE637
:10924000042272E604231F4693E74FF0040BACE7B9
:1092500004228DE60422ECE604230DE705231F46D5
:1092600087E74FF0050BA0E705225EE605227FE6C3
:10927000052301E705229FE60522DAE606231F46BD
:1092800077E74FF0060B90E707231F4671E70722A9
:109290006EE6072290E6072247E64FF0070B84E7C9
:1092A0000723E9E60722C4E60823E5E60822C0E62C
:1092B0004FF0080B79E7082237E6082258E6082223
:1092C0007AE608231F4654E74FF0090B6DE70923A0
:1092D000D2E6092229E609224AE609226CE6092299
:1092E000A7E600BF357E0300D972020000000140EE
:1092F00010770020F87F0020B4820020B082002088
:10930000C48200206060002025DA0200BC890020B1
:10931000788B002035E3020038B59368012B00D02C
:1093200038BD044610460D4614F02EFC0028F7D137
:1093300029462046BDE83840FFF760BA2DE9F04FD6
:109340002DED028B93B006460FA817468DED080A47
:10935000CDED090A08EE901A14F090F931460FAAE3
:109360000AA8F8F707F80FA814F014FA0A993B684E
:1093700004910393002900F0DE80002B00F0DB80D5
:109380000B79D7F808900B9C002B00F0F080202B75
:1093900040F0D180049B1D884FF6FF78454500F0D2
:1093A000EE80E36AEA0903EBC20205F07F0A556822
:1093B00015EBCA0500F0E3803A464FF0010B274653
:1093C000B5F806A01C461346BBF1000F14D1C245E8
:1093D00000F0D3804FEADA1204EBC2020AF07F0AEF
:1093E000556815EBCA0500F0C8808BF0010BB5F885
:1093F00006A0BBF1000FEAD02A79042A00F0A6816A
:10940000052A00F0C381022A00F0A481B9F1000FFF
:10941000DDD11A4623463C4617464FF6FF72924569
:1094200000F0AD804FEADA1203EBC2030AF07F0AC4
:109430005D6815EBCA0500F0A28004F10C030593EA
:1094400021462846EEF796FD4FF0FF332B60B4F827
:1094500034804FF6FF73402298452A7100F09A81BC
:10946000E36A4FEAD81203EBC20308F07F0C5A6894
:1094700032F83C30A38602EBCC094FF6FF7B4FF06D
:10948000000A89F804A0A9F806B0214648469DEDD7
:10949000088AEEF76FFD6B8889ED008A0E225B4526
:1094A00089F8042000F0A782E26AD4F80090D90974
:1094B00002EBC10203F07F01536803EBC103A3F881
:1094C0000680A5F80280B4F834804FF6FF73984503
:1094D00000F09E81E36A4FEAD81203EBC20308F062
:1094E0007F0C5A6832F83C30A38602EBCC094FF669
:1094F000FF7B4FF0000A89F804A0A9F806B02146C6
:1095000048469DED098AEEF735FD6B8889ED008AA6
:109510000E225B4589F8042000F06682E26AD909D0
:1095200002EBC10203F07F01536803EBC103A3F810
:109530000680A5F8028018EE901A0CA814F09EF888
:1095400039460FA814F09AF80B9B00930CA90A9BBC
:109550000FAA3046F9F758FE0FA814F01BF90CA813
:1095600014F018F913B0BDEC028BBDE8F08F202287
:109570004FF0FF330A710B600CE73C461F46B4F80E
:1095800034A04FF6FF7304F10C029A45059200F0E7
:10959000C181E36A4FEADA1203EBC2030AF07F00EB
:1095A0005A6832F83030A38602EBC00B4FF6FF73D7
:1095B000ABF80630B4F83480002298458BF80420CC
:1095C00000F02482E36A4FEAD81203EBC20308F0EA
:1095D0007F05596831F83530A38601EBC5054FF694
:1095E000FF730022B9F1030FEB802A7100F2F182C0
:1095F0005FFA89FCB9F1000F00F08E82039B0CF139
:10960000FF3053FA80F0013B13F8011F002908BF17
:1096100042F001029842F7D1002A00F0EA82A068E5
:109620002368069330B3039B09F1FF3E9E443B46FB
:109630002F4625461C46C388994510D1B9F1000F25
:1096400000F07182039BC21D013B02E09E4500F0C9
:109650006A8213F801CF12F8011F8C45F6D000681A
:109660000028E8D123462C463D461F46B9F5803FE9
:1096700080F00181069BC64A1B681B68934209F172
:10968000090040F0868314F0D7FA002800F0F38038
:109690000123A0F80690838000F1080EB9F1000FB5
:1096A00031D0039A134600F10C0104339E4538BFB4
:1096B0008A4209F1FF3CC0F07583BCF1070F40F20C
:1096C000718329F0030C0CF1080C8444734652F8A2
:1096D000041B43F8041B9C45F9D119F0030F29F032
:1096E000030310D00399CA5C0EF803205A1C91455D
:1096F00009D90233895C0EF80210994503D9039900
:10970000CA5C0EF803208144002389F80830A3685E
:109710000360A0600523CBF800008BF804300498A8
:10972000ABF8068043884FF6FF72934200F0038245
:10973000E26AD90902EBC10203F07F03526802EB2F
:10974000C303A3F806A0A0F8028079E62D68002DD7
:109750003FF45CAE2846059321F0F5F8059B814562
:109760007FF435AEB9F1000F3FF453AE039A013ADE
:10977000013D02EB090C02E094453FF44AAE12F8B9
:10978000010F15F8011F8842F6D020E62D68E88801
:109790000835E4E7218ED4F800908A46002940F08D
:1097A0009280638E002B00F0F5810123D4F82CA069
:1097B000774A23864FF480604FF0800BD9F8003051
:1097C0001B68934240F0BC8114F036FA238ED4F823
:1097D0002C80CAF80400013B9BB208EBC3010028AF
:1097E0004A6808BF4FF0000B0020AAF800B0AAF8A2
:1097F000020032B138F83300B1F802C0604500F21F
:10980000DF800123D4F80090B4F8348023715CE643
:10981000218ED4F82C808A4681BB638E002B00F009
:109820009B8101235A4A23864FF480604FF0800BBE
:10983000D9F800301B68934240F0868114F0FCF99F
:10984000238ED4F82CC0C8F80400013B9BB20CEB6B
:10985000C30100284A6808BF4FF0000B0020A8F899
:1098600000B0A8F8020032B13CF83300B1F802C0F1
:10987000604500F2AF80012323715CE64B1E9BB272
:1098800008EBC30E4046DEF804202AB1BEF802C041
:1098900038F833B0E3457DD8638E994200F05881A3
:1098A0003B4A0AF101039BB2B3F5007F00EBCA0803
:1098B000238615BF4FF480604FF47E704FF0800B0D
:1098C0004FF07F0BB4E7D4F82C804B1E9BB208EB13
:1098D000C30E4046DEF804202AB1BEF802C038F8B4
:1098E00033B0E34561D8638E994200F0FF81284A86
:1098F0000AF101039BB2B3F5007F00EBCA0A23868D
:1099000015BF4FF480604FF47E704FF0800B4FF026
:109910007F0B53E7258ED4F800B0002D40F0CA80AD
:10992000638E002B00F0ED810123E56A184A23863F
:109930004FF480604FF0800ADBF800301B689342E0
:1099400040F0768114F078F9238ED4F82C8068608A
:10995000013B9BB208EBC3020028506808BF4FF0E0
:10996000000A0021A5F800A06980002883D038F8FB
:109970003310B2F802B059457FF67DAF0BEBC3133D
:109980000BF101011FFA83FA00EBCB0B51800DE6BE
:10999000797302000CEBC3130CF101011FFA83F879
:1099A00002EBCC09AEF80210A1E50CEBC3130CF1ED
:1099B00001011FFA83F802EBCC09AEF802105CE556
:1099C0000CEBC3130CF101001FFA83F802EBCC0976
:1099D000488052E50CEBC3130CF101001FFA83F829
:1099E00002EBCC09488082E568F30F0A68F31F4A4E
:1099F000C5F800A09FE568F30F0A68F31F4AC5F891
:109A000000A0B4F83480D4F800905EE5258E236879
:109A10000693002D73D0D4F82C806A1E92B208EB06
:109A2000C200C64643682BB1418838F832C08C4525
:109A300000F2F380638E9D4200F02782C14A6B1CC6
:109A40009BB2B3F5007F0EEBC505238615BF4FF41F
:109A500080604FF47E704FF080084FF07F08069BC7
:109A60001B681B68934240F0488114F0E5F8238E90
:109A7000D4F82CC06860013B9BB20CEBC3020028F9
:109A8000516808BF4FF000080020A5F800806880EA
:109A900000293FF4F0AE3CF833005588A8427FF629
:109AA000EAAE05EBC313681C1FFA83F801EBC5058A
:109AB000508094E5D4F82C806B1E9BB208EBC30158
:109AC000C646486828B14A8838F833C0944500F241
:109AD0008780638E9D4200F0A2819A4A6B1C9BB2E4
:109AE000B3F5007F0EEBC505238615BF4FF48060EC
:109AF0004FF47E704FF0800A4FF07F0A1CE7638EB0
:109B0000002B00F023810123E56A8E4A23864FF45F
:109B100080604FF08008A2E702238BF80430002316
:109B20000BF80930FBE523462C463D461F4683884B
:109B300001338380EEE5A0F800A0A0F802807FE466
:109B400001464846984741E601464846984777E629
:109B5000B3F5007F3FF48FAE4FEA430A059B98456B
:109B60001FFA8AFAD9F8003000F0938076489B6893
:109B700083424FEACA0140F01081404620F06CFE5B
:109B800000283FF478AE6F4AA4F832A0E062B4F83F
:109B900030A086E6D4F82C804FEA430A059B98450E
:109BA0001FFA8AFAD9F8003046D067489B6883428A
:109BB0004FEACA0140F0E880404620F04DFE002800
:109BC0003FF41FAE5F4AA4F832A0E062B4F830A0C0
:109BD0008EE6A0682368069300287FF424AD45E54F
:109BE00002EBC313551C1FFA83FA00EBC20B4D8026
:109BF000DCE40223039A8BF8043013788BF80030EE
:109C0000BCF1010F8BD053788BF80130BCF1020FFF
:109C100085D093788BF8023081E701EBC21801F10F
:109C2000010C1FFA88F803EBC105A0F802C0D6E4C6
:109C300001465846984787E6424A1B68039293427A
:109C40004FEACA0040F02B8113F0F6FF039A002878
:109C50003FF4D7AD059B1946D3F800C0D3F8048074
:109C6000D1F80CE09B688360C0F80CE0C0F800C03D
:109C7000C0F80480D1F810C0D1F814808B69D1F8F5
:109C80001CE0C0F81CE0C0F810C0C0F8148083616C
:109C900099E72C4A1B68039293424FEACA0040F0AE
:109CA000F98013F0C9FF039A00283FF4E4AD059B47
:109CB0001946D3F800C0D3F80480D1F80CE09B68B3
:109CC0008360C0F80CE0C0F800C0C0F80480D1F890
:109CD00010C0D1F814808B69D1F81CE0C0F81CE0EA
:109CE000C0F810C0C0F8148083614DE7B1F5007F63
:109CF0007FF452AF012323718DE501460698984702
:109D0000B5E6D4F82C805B001FFA83FA059B434527
:109D1000DBF8003052D00C4A9B6893424FEACA01EC
:109D200040F0C280404620F097FD8646BEF1000F0D
:109D30003FF4A1AD034A258EC4F82CE0A4F832A06C
:109D4000CCE600BF7973020081730200D4F82C8046
:109D50005B009DB2059B4345069B1B6864D05D4A32
:109D60009B6893424FEAC50140F0A480404620F032
:109D700073FD8646BEF1000F3FF47DAD564A658601
:109D8000C4F82CE0258E5AE60A46484641469847D4
:109D900015E701460698984777E40A464846414643
:109DA0009847EDE6039B1A466244013BC11D13F838
:109DB00001CF01F801CF9A42F9D1A4E4464A1B68C9
:109DC000069293424FEACA017AD1084613F034FF53
:109DD000069A8646BEF1000F3FF44DADD8F800104C
:109DE000D8F80430D8F80850D8F80C00CEF80C0099
:109DF000CEF80010CEF80430CEF80850D8F8101085
:109E0000D8F81430D8F81850D8F81C00CEF81C0038
:109E1000CEF81010CEF81430CEF818508BE7B3F50A
:109E2000007F3FF428AD6EE72B4A1B6807929342F0
:109E30004FEAC50149D1084613F0FEFE079A86464F
:109E4000BEF1000F3FF417ADD8F80010D8F8043079
:109E5000D8F808C0D8F80C00CEF80C00CEF80010E6
:109E6000CEF80430CEF808C0D8F81010D8F8143066
:109E7000D8F818C0D8F81C00CEF81C00CEF8101086
:109E8000CEF81430CEF818C079E7B3F5007F3FF470
:109E9000F2AC5DE7014648469847039A04E701465D
:109EA00048469847039AD2E60A465846414698479C
:109EB00086463BE70A46069841469847864659E754
:109EC00058469847069A864684E706989847079A20
:109ED0008646B5E781730200797302002DE9F041EF
:109EE0002DED028B90B004469D499E4F9E4E9F4D96
:109EF0000DA813F0A9FB0A2221460AA813F0D8FBEB
:109F00000AA90DA813F06AFD014604A813F0B6FBD8
:109F10000AA813F03FFC0DA813F03CFC94490DA8CF
:109F200013F092FB0A2221460AA813F0C1FB0AA9EA
:109F30000DA813F053FD014607A813F09FFB0AA8D4
:109F400013F028FC0DA813F025FC7B68D5F8988049
:109F50002C2202FB0363DB69012B61D083480AF0EA
:109F600013FE82480AF028FF8048F0EE408A0AF08B
:109F700007FF042C04F10A0322D805EBC302D5ED38
:109F8000157A92ED017A95ED146AD2ED005A37EE0A
:109F9000677A70EE677A75EEC65A27EE077A67EE33
:109FA000A77A38EEC66AA5EEA57AE6EE067AF4EE52
:109FB000C77AF1EE10FAC4BFC2ED008A82ED010A41
:109FC00005EBC30595ED008AF0EE087AB0EEC87A8D
:109FD000B4EEE77AF1EE10FA1AD4D5ED018AB0EEBC
:109FE000E87AB4EEE77AF1EE10FA11D47B682C220D
:109FF00002FB0363DC690A2C5DD007A813F0CAFBDF
:10A0000004A813F0C7FB10B0BDEC028BBDE8F081D3
:10A01000013C032C00F29E80DFE804F02835401656
:10A02000544A5548116803684B6105224FF0000CF3
:10A030004FF0020EC1E900E2C1E9022CC1F810C0E4
:10A040001146EEF73BFA89E707EE908AF8EEE78AC9
:10A05000B2EE0A8A28EE888AF0EE488A474B85EDF0
:10A06000008A0122C5ED018A1A70BFE707EE908AC7
:10A07000F8EEE78AB2EE0A8AFAEE0A0A28EE888A31
:10A0800068EEA08AEAE707EE908AB8EEE78ABAEEB1
:10A090000A0A28EE008AF0EE488ADFE707EE908A87
:10A0A000F8EEE78ABAEE0A8AF2EE0A0A28EE888A01
:10A0B00068EEA08AD2E73249304F0AA813F0C4FAFA
:10A0C00004A90DA813F0DAFAB0EE480AF0EE680A17
:10A0D0000DAA0AA92B488DED028ACDED038AFFF760
:10A0E0002DF90DA813F056FB0AA813F053FB214BD2
:10A0F00021481B6802685A610126002505219960E4
:10A100002A46C3E90065C3E903552B46EEF7D6F9A5
:10A1100007A90DA813F0B2FA0DAB9DED020ADDED13
:10A12000030A009332462B46314630460196F2F739
:10A130002BF80DA813F02EFB3B78002B3FF45DAFFE
:10A1400011482146F0F7B0FA40F6B83013F058FD48
:10A150003D7052E7DFED0D8AB0EE688A7EE700BF02
:10A16000B8ED050044760020887400205C7B002058
:10A170004CF10500387C0020287C0020F27600207D
:10A18000BCED05000C7E0020C48200200000000011
:10A1900000207047704700BF203013F067B800BF41
:10A1A00038B5437F0BB9002038BD00F16804204664
:10A1B0000D4613F069F80028F5D12046294613F022
:10A1C00035F8012038BD00BF203013F041B800BF82
:10A1D000203013F051B800BF2DE9F04F83B0019249
:10A1E00072B34C1E174F0546C1F1010604EB02087D
:10A1F00000F1680A2B681B68BB4206EB040B14F8DD
:10A20000019F17D16B7F50461BB9584603B0BDE87C
:10A21000F08F13F039F8034649465046002BF4D12D
:10A2200013F004F84445E5D1DDF804B0584603B016
:10A23000BDE8F08F4946284698470028F2D1E4E768
:10A240009346E2E7A1A1030030B4837E1F2B4FF0B9
:10A25000010288BF03F01F03C27603F5E0738CBFD1
:10A26000244A4FF0A04240F20C6142F82310437E92
:10A2700002691F2B86BF03F01F031E494FF0A04148
:10A2800003F5E07340F20C6441F823404FF0CC71C9
:10A290000623C2F82415C2F80035837EC2F80835BB
:10A2A00090F91830417EC2F80C15002B1ADB124CC5
:10A2B0005A0903F01F05603201212344A94060259B
:10A2C00044F8221083F8005390F91830002B07DB74
:10A2D000094903F01F0001225B09824041F8232055
:10A2E00030BC7047054A03F00F031A44602313760D
:10A2F000EAE700BF0003005000E100E0FCEC00E0F2
:10A30000C37E9BB10B4A036991424FF00000C3F832
:10A3100000050CD9084A914294BF4FF080614FF07C
:10A32000C8610622C3F82415C3F8002570474FF012
:10A33000CC71F6E7A086010090D00300C37E23B164
:10A3400003690022C3F8002570474269C2F800354E
:10A35000704700BF2DE9F843154612B91046BDE815
:10A36000F883064600F1200948460F46984612F049
:10A370006BFF34690123C4F888752362C4F83495EF
:10A38000C4F83855236002E0D4F824211AB9D4F86F
:10A390004C21002AF8D00023C4F84C3102E0D4F854
:10A3A00024211AB9D4F85C21002AF8D00023C4F87B
:10A3B0005C31B8F1000F02D1D4F82431A3B10123EC
:10A3C0006361D4F80431002BFBD00023C4F80431BE
:10A3D000D4F8243113B10023C4F82431D4F83C0557
:10A3E0003066C0B2BDE8F8830123E361D4F8483198
:10A3F000002BFBD00023C4F84831E9E7F8B5144638
:10A400000AB91046F8BD054600F1200738460E4649
:10A4100012F01AFF2B690122C3F888651A62C3F88B
:10A420003475C3F838451A6002E0D3F824211AB90C
:10A43000D3F84C21002AF8D00022C3F84C2102E0C6
:10A44000D3F824211AB9D3F85C21002AF8D00021CE
:10A450000122C3F85C115A61D3F80421002AFBD011
:10A460000022C3F80421D3F8241109B1C3F8242130
:10A47000D3F83C052866C0B2F8BD00BF10B504464D
:10A4800080F8B010683012F0DFFE0123637710BD52
:10A49000F8B503690446002290F8B00062770127FE
:10A4A00004F16806C3F88805C3F8042130461F622A
:10A4B000C3F844650D4612F0D9FE2369C3F8480578
:10A4C0009F6002E0D3F824211AB9D3F85021002A62
:10A4D000F8D00022C3F85021304612F0C7FE23699D
:10A4E00020BB0022C3F8602115B9D3F8242112B390
:10A4F00001225A61D3F80421002AFBD00022C3F8BC
:10A500000421D3F8240160B10022C3F82421D3F838
:10A51000C404C3F8C404022803D004280CBF0320D9
:10A520000420F8BDD3F82421002ADAD1D3F8602121
:10A53000002AF7D0D5E70122DA61D3F84821002AB2
:10A54000FBD00022C3F84821DBE700BF0121FFF761
:10A550009FBF00BF70B52A4C6369D3F86421002AFD
:10A560003CD1D3F86821F2B9D3F8042122B1227F7B
:10A570000021C3F8041162B9D3F8242142B10022AA
:10A58000C3F82421D3F8D024C3F8D02401225A617F
:10A5900070BDD4F8B820D3F83C052066002AEBD073
:10A5A00090476369E8E70022C3F8682115484FF433
:10A5B0008073A38312F048FED4F8B43003B19847F7
:10A5C00063691048C3F844050023637712F04EFE18
:10A5D00063690122C3F848055A63C5E7002204F104
:10A5E0002006C3F8642101253046257712F02CFEA1
:10A5F00063694022C3F83465C3F838251D63B0E7AA
:10A600009C8B0020048C002070B52A4C6369D3F821
:10A610006421002A3CD1D3F86821F2B9D3F804218F
:10A6200022B1227F0021C3F8041162B9D3F824219A
:10A6300042B10022C3F82421D3F8D024C3F8D02497
:10A6400001225A6170BDD4F8B820D3F83C052066C9
:10A65000002AEBD090476369E8E70022C3F868213D
:10A6600015484FF48073A38312F0EEFDD4F8B43094
:10A6700003B1984763691048C3F844050023637722
:10A6800012F0F4FD63690122C3F848055A63C5E777
:10A69000002204F12006C3F8642101253046257705
:10A6A00012F0D2FD63694022C3F83465C3F838253F
:10A6B0001D63B0E7588C0020C08C00202DE9F843C2
:10A6C0001A4DDFF878901A4C1A4F284600264FF49E
:10A6D0007A7840F8209BC5E9016812F09BFD05F1EE
:10A6E000680012F097FD032320462B763B696B76BA
:10A6F000114B7A6940F8209BC5E90433AA76C4E976
:10A7000001686E7712F086FD04F1680012F082FD98
:10A71000D7E9102104204FF04023C4E904336677C1
:10A7200020766176A276BDE8F88300BF9C8B00207E
:10A73000588C0020080806000030004070F5050025
:10A740000146014800F05CBA348D002038B500F0B5
:10A7500097F940B1002405462046013400F08AFEF6
:10A76000E0B28542F9D838BD70B592B01D460C46AE
:10A77000164601A8422200211FF0E8F9412D5CD9BC
:10A78000631C0222DBB28DF806408DF80E408DF876
:10A79000264040F6083540F202248DF81E308DF830
:10A7A00027308DF83130ADF804508DF807208DF842
:10A7B00012208DF833208DF83B20ADF80840204A58
:10A7C000069240F2012505232424ADF810508DF89F
:10A7D00015308DF8164004231A4C8DF81F300125D2
:10A7E00040F224628DF81C508DF830300894ADF89A
:10A7F0002420154D0A9508234FF411640A228DF880
:10A800002C30ADF82E4040238DF834200F4C8DF8BD
:10A810003C3001A9304640F2075540F20946422239
:10A82000ADF80C60ADF838508DF84330CDF83F40AE
:10A830001FF064F9422012B070BD002012B070BD4C
:10A840002001052424020205070580030705800274
:10A85000007EFF280AD010B500F0BAFD044608B10A
:10A86000204610BD16F0A8F9204610BD0020704704
:10A87000007EFF280ED000B583B00DF1070100F077
:10A88000EFFD20B19DF8070003B05DF804FB4FF029
:10A89000FF30F9E74FF0FF30704700BF007EFF2820
:10A8A0000FD000B583B001220DF1070100F09CFD2F
:10A8B00020B19DF8070003B05DF804FB4FF0FF30B6
:10A8C000F9E74FF0FF307047007EFF2801D000F01D
:10A8D000D1BD7047007EFF2801D000F02BBE0020C4
:10A8E000704700BFF8B50646007EFF281CD017460B
:10A8F0005AB10D46144600F045FD2946224680B166
:10A90000307E00F0FBFD241A01D13846F8BD054425
:10A9100016F052F9307E00F035FD29462246002817
:10A92000EED13F1B3846F1E70020F8BD70B5036853
:10A93000184A5B6882B093428DF8071021D1054612
:10A94000007EFF2823D000F01DFD0DF10706012435
:10A950003146224688B1287E00F0D0FD241A02D16B
:10A96000012002B070BD064416F026F9287E00F0E2
:10A9700009FD314622460028EDD1C4F1010002B0A4
:10A9800070BD01220DF10701984702B070BD002093
:10A9900002B070BDE5A8030070B592B01D460C462C
:10A9A000164601A8422200211FF0D0F8412D5CD9A3
:10A9B000631C0222DBB28DF806408DF80E408DF844
:10A9C000264040F6083540F202248DF81E308DF8FE
:10A9D00027308DF83130ADF804508DF807208DF810
:10A9E00012208DF833208DF83B20ADF80840204A26
:10A9F000069240F2012505232424ADF810508DF86D
:10AA000015308DF8164004231A4C8DF81F3001259F
:10AA100040F224628DF81C508DF830300894ADF867
:10AA20002420154D0A9508234FF411640A228DF84D
:10AA30002C30ADF82E4040238DF834200F4C8DF88B
:10AA40003C3001A9304640F2075540F20946422207
:10AA5000ADF80C60ADF838508DF84330CDF83F407C
:10AA60001FF04CF8422012B070BD002012B070BD33
:10AA70002001052424020205070580030705800242
:10AA8000014B1878704700BF308D0020037EFF2BEC
:10AA900002D1074B1A7802B170470649027641612C
:10AAA000012200F1100104481A7000F049B800BFFB
:10AAB000308D00208CF50500348D0020007EFF28AD
:10AAC0000ED000B583B000F05DFC10B103B05DF8AE
:10AAD00004FB019016F070F8019803B05DF804FBD8
:10AAE0000020704701B900B1704700B583B06946D6
:10AAF00000F05EFC009BB3F5966F02D003B05DF8EA
:10AB000004FB00F0EBFBF9E730B4084B084AFF20E8
:10AB100002F108054FF47A740021303218761D6076
:10AB20009C601A6130BC596059617047148D0020D7
:10AB30009CF5050002F0C2BA02F0C8BA02F0CEBA23
:10AB4000F8B50546B0F818016C69B5F81A310A680D
:10AB50000E4604441B1A176895F81C119BB2224636
:10AB60003046B84750B3221894423CD2766806E08B
:10AB7000052B25D023780BB31C44A24233D963782C
:10AB8000042BF5D1E378002BF4D195F81C11013199
:10AB900085F81C11002EEDD095F840110729E9D851
:10ABA00001F1480745F82760217295F840110131FD
:10ABB00085F840111E462378002BDDD10020F8BD1A
:10ABC00094F90230002B08DB95F81E31591C85F8EA
:10ABD0001E11A1780B43A370CCE795F81D31591CC9
:10ABE00085F81D11F5E7B5F818216B69104480B29E
:10ABF000A5F81801588095F81C211A710120F8BD9C
:10AC00002DE9F043284DDFF8B090AC460446884665
:10AC1000BCE80F0089B003AF0FC703AE0FCE05F13C
:10AC2000140E25460FC59EE80700DCF800303B8077
:10AC30006B4636682E8003C36B4603CB1B4EA06168
:10AC400004F118034FF4807C0125E16184F8202091
:10AC5000636140F2EF2200231548C4F8189140F2D6
:10AC600009470421A4F81CC1C4F8280184F8401144
:10AC7000A280C4F82C31C4F83031C4F83431C4F89F
:10AC80003831C4F83C314FF4E131C4E94876094821
:10AC900084F81E51A571FFF7F9FE404600F00CFB49
:10ACA000284609B0BDE8F083FCF50500D0F50500A5
:10ACB000D8F50500148D0020090000012DE9F04FA2
:10ACC00004468BB0002900F09180032900F09C809D
:10ACD00090F840318B4240F2CB80483100F5A275AC
:10ACE00050F821603278002A00F0E78000231946EE
:10ACF000374603E00131725C7718CAB102F14000B7
:10AD0000C0B20128F6D9F42AF4D8100618D40120CC
:10AD1000A2F55847B7F5006FECD30144202B00F0A3
:10AD2000C98025F81320725C01337718002AE5D119
:10AD3000DBB201335B0043F4407304F5A17C5DE0BA
:10AD400002F0E000C02800F0A18002F0F000E0284E
:10AD500000F0918002F0F800F028CBD102F0070259
:10AD60004FF0040E787800F0C00CBCF1800FC1D118
:10AD700097F802C00CF0C00800F03F00B8F1800F57
:10AD800040EA8212B6D10CF03F0CBEF1030F4CEA40
:10AD9000821275D0F87800F0C007802FAAD100F099
:10ADA0003F0040EA8212A2F58030B0F5801F38BF24
:10ADB0004FF0040E9ED2A2F55840B0F5006F99D323
:10ADC000B2F5803F7144A9D31E2BB1DCA2F58032CD
:10ADD0005800970A2844C2F30902A7F52057A2F5A4
:10ADE000105225F813704280023384E7D0F82031E6
:10ADF000A0F8443100F5A17C4FF44173A4F842312E
:10AE000060460BB0BDE8F08F02A800F069FA04F5C7
:10AE1000A17C019020B300F1FF3B5FFA8BF3284F38
:10AE200004F1040B0DF1080A0BEB830BA64606AEEA
:10AE300097E80F001AF8018B86E80F0008F00F0959
:10AE40000AADA94405EB181819F8109C18F8103C25
:10AE5000AEF84691AEF844310EF1040EDE45E7D16E
:10AE6000019B5B00DBB201335B0043F44073C5E739
:10AE70004FF0000CC4E702F00F024FF0030E71E731
:10AE8000A2F50060B0F5784F95D333E7787800F0FD
:10AE9000C007802F02F01F027FF42CAF00F03F00AC
:10AEA00040EA8212A2F18000B0F5F06FBFF422AF49
:10AEB00002202DE740F242333FE740F202333CE705
:10AEC000E8F5050000487047348D0020014B5869B3
:10AED000704700BF348D00200A4601460148FFF745
:10AEE000EDBE00BF348D00202DE9F041B0F80C809C
:10AEF00090B0B8F1000F6ED004460D461646002102
:10AF00001F2208A81F461EF021FE637A8DF8273005
:10AF1000191E18BF01218DF80B308DF82610002363
:10AF20008DF80A1040F2094101930493DFF8B8C08C
:10AF30000393069340F207508DF8225040F20233FB
:10AF40008DF80650ADF8201042F20125ADF804103E
:10AF50004FF46071227AADF82430CDF829C0402337
:10AF6000CDF80DC0ADF82E50ADF81250ADF832004E
:10AF7000ADF81600ADF83410ADF818104FF0070C0E
:10AF8000052544F2030040F201318DF83630ADF86A
:10AF90003080ADF814808DF838208DF83F208DF882
:10AFA00039C0ADF83A50ADF83C00ADF808108DF856
:10AFB0001A30A37A8DF81C2093B120220DEB0201E8
:10AFC00014464EB1A74206D330461EF097FD2046E8
:10AFD00010B0BDE8F0810024204610B0BDE8F0813B
:10AFE000192201A91446ECE709211101054A026062
:10AFF00004210022C0E90522816002614260828151
:10B00000704700BF24F6050001727047016182811C
:10B01000704700BF10B5014604460348FFF790FD96
:10B0200008B1024B1C6010BD348D0020B88E00208A
:10B03000002000F07DBC00BF002000F093BC00BFEA
:10B04000024B186800B10069704700BFB88E00203D
:10B0500030B40848BDF80850046844B1646934B19C
:10B060000846A44611461A462B4630BC60470020CD
:10B0700030BC7047B88E002030B40848BDF8085086
:10B08000046844B1A46934B10846A44611461A467E
:10B090002B4630BC604730BC704700BFB88E0020E4
:10B0A00030B49DF908509DF90C40C2729DF9100012
:10B0B0000490CDE90254002030BC00F097BC00BFE2
:10B0C000024B186808B190F850007047BC8E002001
:10B0D0002DE9F047244C2568002D42D01F4600EB97
:10B0E000C00305EB83030446D3F818A089469046B5
:10B0F000C600BAF1000F30D050461FF024FC0828DB
:10B10000024628BF0822344405EB8405D5E90764CC
:10B11000DFF85CC0154B002E08BF66465146484616
:10B12000002C08BF1C461EF0E9FC30461FF00BFC4B
:10B1300010280246314628BF102240461EF0DEFC91
:10B1400020461FF000FC042802462146384628BF4E
:10B150000422BDE8F0471EF0D1BCDFF818A0082299
:10B16000D1E7BDE8F08700BFBC8E002044F60500A3
:10B1700034F6050028F60500F8B50B4F3B688BB197
:10B1800000EBC00503EB850504466A69C6001AB1E9
:10B1900090473B6885F82A00344403EB840393F816
:10B1A0002A00F8BD1846F8BDBC8E0020074B1B686E
:10B1B0005BB100EBC00003EB800010B4038D446A68
:10B1C0000C605DF8044B138070477047BC8E002004
:10B1D0000A781E2A01D10020704710B520221C4693
:10B1E0000521002301F024F8204610BD30B4094C9D
:10B1F000029A256855B1044604EBC40405EB8404A7
:10B2000008461946A3680BB130BC18474FF0FF3011
:10B2100030BC7047BC8E002030B4094C029A2568BF
:10B2200055B1044604EBC40405EB840408461946F2
:10B23000E3680BB130BC18474FF0FF3030BC7047AB
:10B24000BC8E0020054B1B6833B100EBC00003EB44
:10B250008000036903B11847704700BFBC8E00200F
:10B2600000B5104B402283B083F8272303F0FAFF88
:10B270004FF080430024D3F838548DF800406846DE
:10B2800015F064F8084B019301A815F0AFF815F01C
:10B29000B9F8EB0702D401F0CBFFFCE7204603F03E
:10B2A0001DFEF8E700E100E0ADB2030003F016BEBA
:10B2B000002003F0F3BA00BF00B5002383B00322DF
:10B2C000CDE9002303490448C82213F0B5FC03B0BC
:10B2D0005DF804FB48F6050061B2030015F062BE9C
:10B2E0004FF08052536E1BBA0360136E1BBA43605B
:10B2F000082070470048704750F6050070B51F4D94
:10B300002B68B3B199B91478C4F34114012C0BD054
:10B31000022C07D15478012C0DD0022C07D1938830
:10B32000072B21D0084670BD517822290CD001206E
:10B3300070BD184670BDDC69F4B123781146224611
:10B34000BDE8704002F032BF5188003918BF0121BA
:10B350001976114602F010FF2A68136A002BE6D016
:10B36000107E9847204670BD054C11462389224621
:10B37000BDE8704002F01ABF204670BDC08E0020AC
:10B380007066002010B5044601F098FE08B9002050
:10B3900010BD01F09BFE0028F9D104484FF45A7308
:10B3A00003FB0400007900F0010010BDC48E0020F2
:10B3B000064B4FF45A7202FB003050F8063F0B6008
:10B3C000838882798A718B80704700BFC48E002089
:10B3D00008B5044B4FF45A7202FB0030103001F0F4
:10B3E000D1FC08BDC48E00202DE9F0414FF45A7500
:10B3F00005FB00F5194F05F110043C4492B22046BC
:10B4000001F0ECFC0646204601F0D6FC3F2802D8AD
:10B410003046BDE8F08107EB0508002098F80310DE
:10B4200002F0E0FD0028F3D0204601F0C5FC3F28E3
:10B430000BD905F53A7298F803103A4440230020DE
:10B4400002F034FE3046BDE8F08198F80310002089
:10B4500002F000FE3046BDE8F08100BFC48E00203F
:10B46000034B4FF45A7202FB0030103001F028BD3C
:10B47000C48E00202DE9F041044601F01FFE10B9F2
:10B480000020BDE8F08101F021FE06460028F7D13A
:10B490004FF45A71DFF8608001FB04F404F12C05CD
:10B4A0004544284601F06EFC0028E9D008EB04076B
:10B4B0003046B97802F096FD0028E1D004F54A74D0
:10B4C000444428462146402201F088FC054660B1EC
:10B4D000B978224630462B4602F0E8FD40B9054BCC
:10B4E0001B68DB07CCD500BECBE7B97802F0B2FD14
:10B4F0002846C6E7F0ED00E0C48E002038B50C4BBE
:10B500004FF45A7404FB00342C3492B205462046A2
:10B5100001F016FD034620461C4601F033FC3F288F
:10B5200001D8204638BD2846FFF7A4FF204638BD85
:10B53000C48E002008B5044B4FF45A7202FB003051
:10B540002C3001F039FC08BDC48E0020F0B51C4C35
:10B5500083B000214FF45A72204601250E461EF09A
:10B56000F5FAFF234FF4424204F148016371E2808F
:10B570002B460827009604F110004FF480722773C1
:10B580002581668101F0C2FB2B464FF4807204F5E1
:10B59000A471009504F12C0001F0B8FB04F51271C0
:10B5A000284612F0EFFD04F5267103462846C4E94B
:10B5B000096312F0E7FDC4E9100603B0F0BD00BF57
:10B5C000C48E002010B5094B002203F12C0403F1B6
:10B5D00010001A601A7101F029FD204601F026FDC5
:10B5E00020460121BDE8104001F048BDC48E002076
:10B5F0002DE9F0414B79022B82B002D18B79022BDD
:10B6000004D00025284602B0BDE8F081314FBB7858
:10B610002BB1314B1B68DB07F3D500BEF1E78B780C
:10B620003B700C780C440646617824294FF00905DC
:10B630000BD1082A02D80FE0AA420DD323781C446C
:10B640002B44617824299DB2F6D005291BD004290A
:10B6500002D163790A2B28D0204801F0ADFB3F28A6
:10B66000D0D9F978002002F0BDFC0028CAD01B48D0
:10B6700001F0A2FB3F28F97813D9194A4023002092
:10B6800002F014FDBEE72146304602F08BFC002894
:10B69000BFD0A3787B7023781C442B4461789DB283
:10B6A000D5E7002002F0D6FCACE70E4A94F8008003
:10B6B0000192022301320092304604EB08011A463F
:10B6C00002F0FCFB0028A4D005F10E0318FA83F366
:10B6D0009DB2C1E7C48E0020F0ED00E0D48E0020C2
:10B6E000AC910020C68E002038B5137803F06003BB
:10B6F000202B0CD1264C938825789D4207D1537876
:10B70000203B032B03D8DFE803F009151E040020BB
:10B7100038BD71B3022931D0012038BD61B1022991
:10B72000FAD11C4B002BF7D01B490020AFF300804F
:10B73000012038BD0029EFD111460723164A02F037
:10B7400035FD012038BDA1B10229E5D1558825710B
:10B7500005F00104114884F0010101F08FFC104B49
:10B76000002BD9D0C5F3400221460020FFF7BAF9DB
:10B77000D2E7114602F000FD012038BD094B002B35
:10B78000CAD051880020AFF30080012038BD00BF2F
:10B79000C48E002000000000CA8E0020F08E002021
:10B7A000E5AA0300000000002DE9F047574DEA78B4
:10B7B0008A420C4607461E465CD19AB205F53A719C
:10B7C00005F1100001F0BCFB514BD3B16B79FF2B9D
:10B7D00017D0B6B105F2E72808EB060AA8F2D72978
:10B7E00002E0D0450DD06B7918F8012F9A42F8D1BC
:10B7F000484601F0D7FA0028F3D16979AFF3008009
:10B80000EFE7444B23B1444801F0CCFA002870D054
:10B81000414801F0D1FA3F2805D9E978002002F02B
:10B82000E1FB002858D1AB789C4203D0012420468C
:10B83000BDE8F087394B13B10020AFF3008001F071
:10B840003DFC20BB364801F09DFA0028EED1002EC9
:10B85000ECD016F03F06E9D1A978384602F0C2FBD9
:10B8600004460028E2D0A97838463346324602F032
:10B870001DFCDCE7AB788B42DCD02A4B1C6814F053
:10B880000104D4D000BE00242046BDE8F08701F0BA
:10B890001DFC04460028D5D1214801F073FA002888
:10B8A000D0D0A978204602F09DFB0028CAD01E49BE
:10B8B0004022A1F53F7001F091FA034608B31A4AFD
:10B8C000A978204602F0F2FB0028AFD1154B1B6887
:10B8D000DB07B7D500BEB5E70F4801F06DFA3F288A
:10B8E0000AD94023114AE978002002F0DFFBAB7847
:10B8F0009AE7AFF300808BE7E978002002F0AAFB1B
:10B9000091E7A97802F0A6FB9CE700BFC48E002057
:10B910000000000000000000D48E002000000000A5
:10B92000F08E0020F0ED00E0EC910020AC910020C2
:10B9300010B50B4B8C2202FB0030447801F0BEFBAB
:10B9400008B9002010BD01F0C1FB0028F9D1002C7E
:10B95000F7D0214602F0D8FB80F00100C0B210BD44
:10B960002C9200202DE9F0471F4F8C2606FB007A11
:10B9700082B00546884600209AF8011091461C4680
:10B9800002F030FB60B3B8F1000F19D1402C06FB78
:10B990000576234606F1080628BF40231A46494685
:10B9A000304601931EF0AAF8019B8C2000FB057520
:10B9B00032466978002002B0BDE8F04702F076BB5D
:10B9C0003F2C28BF3F242246564649468AF8088025
:10B9D0000AF1090001341EF091F80836E3B2E4E7F9
:10B9E00002B0BDE8F08700BF2C9200202DE9F04F97
:10B9F000244E8C2707FB006883B004460D460020C8
:10BA000098F801109DF930B09DF934A09DF9389057
:10BA1000CDE9002302F0E6FA88B3E5B9019B294697
:10BA200063F30701082217FB04276BF30F216AF366
:10BA30001741F219009BF35569F31F610523C2F802
:10BA400001108C2000FB04640020617803B0BDE885
:10BA5000F04F02F02BBB019B009888F808500021A2
:10BA600063F3070142466BF30F216AF3174169F351
:10BA70001F61083206235070C2F80210E1E703B0DC
:10BA8000BDE8F08F2C92002002488C2200211EF08D
:10BA90005DB800BF2C92002002488C2200211EF0CD
:10BAA00055B800BF2C9200202DE9F0414B79032BB3
:10BAB00082B011D10F79C7EBC7051235ADB29542EF
:10BAC0000C4604D8DFF89C8098F8011049B1234B4C
:10BAD0001B68DA0700D500BE0025284602B0BDE885
:10BAE000F08194F800C004EB0C0292F801E0BEF182
:10BAF000210FECD1C8F8882014F80C1008F1010EC1
:10BB000008F1020C1144CDE900CE3A46064602F097
:10BB1000D5F90028DBD0A37998F80210012B04BFD7
:10BB2000E37988F803300122D8F8883088F80420B7
:10BB3000A278B3F8073088F80020A8F8063000296A
:10BB4000CBD0074A3046402302F0B0FA0028C4D1D7
:10BB5000024B1B68DB07C0D500BEBEE7F0ED00E07E
:10BB6000749200202C920020F0B51446127802F056
:10BB70001F05012D83B00FD10B467149A78891F89D
:10BB800000C0FFB2BC4507D112F06002064606D1E4
:10BB900083BB6278062A30D0002003B0F0BD202A93
:10BBA000FAD16278013A0A2AF6D801A050F822F0B8
:10BBB00085BC030071BC03005DBC030099BB03009E
:10BBC00099BB030099BB030099BB030099BB030019
:10BBD00045BC03001FBC0300DDBB030063B3022BA5
:10BBE00008D16388574ADBB20B711AB1194600209D
:10BBF000AFF30080012003B0F0BD6288120A212A51
:10BC000065D0222AC8D11846FFF71AFA4C490246D5
:10BC1000CB883046214602F0C9FA2846BDE7002B02
:10BC2000E8D162884848120A4A7128B1114618467C
:10BC3000AFF300800028AFD02146304602F09CFAD6
:10BC40000120AAE7002B4ED1E388402BA4D83F4A1D
:10BC50002146304602F0AAFA01209EE7002BC9D106
:10BC60003B4A21463046012302F0A0FA012094E726
:10BC7000002BBFD1374A21463046012302F096FA05
:10BC800001208AE7002BB5D1E5886088402D4FEA76
:10BC900010222F4628BF402710F0FF003ED0012D74
:10BCA00046D9013F08722C49BFB201250B460097C7
:10BCB00001460020FFF7CCF92B189BB28BBB274A1B
:10BCC0001268D2077FF568AF00BE184665E7D1F865
:10BCD0008820002A3FF460AF1378214603B0BDE806
:10BCE000F04002F063BA022B84D1E5886388402DCE
:10BCF0002C4628BF402413F0FF004FEA132205D042
:10BD0000012D03D991F84830834214D00F4B009491
:10BD100001460020FFF7B0F901203EE710491D461B
:10BD2000C4E70F4A2146304602F040FA012034E7CA
:10BD30000B491D46BAE7013C0A4BA4B2E7E700BF36
:10BD40002C920020000000000000000074920020EF
:10BD5000309200203192002035920020F0ED00E07A
:10BD6000349200207592002030B51C4CA2788A4293
:10BD700083B00CD16178914217D1194A22B1194987
:10BD8000DAB20020AFF30080012003B030BD62784A
:10BD90008A42F2D0144B1B68DB0703D500BE00209B
:10BDA00003B030BD002003B030BD00229BB211466D
:10BDB00005460093104604F14803FFF75DF9A178AA
:10BDC0002846402304F1480202F070F90028DBD134
:10BDD000054B1B68DA07E5D500BED6E72C9200209C
:10BDE0000000000034920020F0ED00E070B500F19A
:10BDF0002C050446284600F0C5FF08B9002070BD98
:10BE00006178002002F0EEF80028F7D004F50A76F9
:10BE100028463146402200F0E1FF054660B1034666
:10BE200061783246002002F041F940B9054B1B68A9
:10BE3000DB07E3D500BE70BD617802F00BF9284640
:10BE400070BD00BFF0ED00E030B5164C83B00021AE
:10BE50000D464FF41A7220461DF078FE04F1480199
:10BE600004F1100000950123802200F04FFF802292
:10BE700004F1C8010123009504F12C0000F046FFF5
:10BE800004F5A471012012F07DF904F5CC7103468C
:10BE90000120C4E9095312F075F9C4E9100503B093
:10BEA00030BD00BFA0BD002010B5084C002304F138
:10BEB0001000C4E90033C4E9023301F0B7F804F11B
:10BEC0002C00BDE8104001F0B1B800BFA0BD0020BB
:10BED0002DE9F0434B79012B83B002D18B79012BF3
:10BEE00004D00025284603B0BDE8F083CB79002BB1
:10BEF000F7D10B78CC1806466578242D99B20BD172
:10BF0000914202D9EDE78A42EBD323781C440B44DB
:10BF10006578242D99B2F6D0042DE2D16379012BF6
:10BF2000DFD1A379032BDCD1E579002DD9D1DFF85E
:10BF3000CC8098F8010098F8023050EA030905D047
:10BF40002B4B1B68DB07CCD500BECBE7A37888F86A
:10BF5000003027782079CB199DB2274430B922E0F0
:10BF60003B7881451D44ADB21F441CD2AA421AD36E
:10BF70007B78052BF4D139463046019202F012F855
:10BF8000019A68B3BB782079D90914BF88F80130C9
:10BF900088F80230397809F101030D445FFA83F91A
:10BFA000ADB20F44DCE7134800F006FF3F2899D9F3
:10BFB00098F80210002002F015F8002892D00D48E1
:10BFC00000F0FAFE3F2898F8021005D90A4A4023EB
:10BFD000002002F06BF885E7002002F03BF881E7D3
:10BFE000034B1B68DA077FF57CAF00BE054679E797
:10BFF000F0ED00E0B0BD002088BF0020A0BD002013
:10C0000000207047F8B52D4DAA788A421E4619D1F6
:10C010009AB205F5F47105F1100000F091FF284B7C
:10C0200013B10020AFF30080264800F0C5FE3F2882
:10C0300005D9A978002001F0D5FF044668BB01248A
:10C040002046F8BD6B788B4208D01F4B1C6814F05B
:10C050000104F5D000BE00242046F8BD074628465E
:10C06000FFF7C4FE0028EAD105F12C0000F08AFE9B
:10C070000028E4D1002EE2D016F03F06DFD1697827
:10C08000384601F0AFFF04460028D8D0697838461A
:10C090003346324602F00AF8D2E70A4800F08CFE36
:10C0A0003F28A97805D9094A4023002001F0FEFF66
:10C0B000C6E7002001F0CEFFC2E700BFA0BD002010
:10C0C00000000000B0BD0020F0ED00E088BF0020BF
:10C0D00070B52E4CE28AA36852BA92B282B005467D
:10C0E00012B1B3FBF2F292B2A06BD4F81110B0FB14
:10C0F000F2F61B1AB3F5007F28BF4FF4007309BA9C
:10C10000009302FB1602224B607B3144FFF76EF86E
:10C11000031E13DB09D094F82E101D4A9BB228464B
:10C1200001F0C4FF58B302B070BD94F82E10009314
:10C1300028461A4601F08EFE02B070BDA268A36BBD
:10C1400043F203300021D31AA08784F83E10012067
:10C150000221A36284F82C0084F83010002AE2D077
:10C16000002BE0D0237BDB0914BF94F82E1094F849
:10C170002F10284602B0BDE8704001F0D3BF054B38
:10C180001B68DB07CFD500BECDE700BFB894002009
:10C19000B8920020F0ED00E038B5214B214C054667
:10C1A0001BB1607BAFF30080B0B1A06BA36894F8C3
:10C1B0002F101D4A1B1AB3F5007F28BF4FF40073E0
:10C1C00028469BB201F072FF00B138BD174B1B68C7
:10C1D000DB07FAD500BE38BDA26BA16884F83E002B
:10C1E0008B1A42F207720120A2870222A36284F80E
:10C1F0002C0084F830200029E7D0002BE5D0237BE9
:10C20000DB0906D094F82E102846BDE8384001F02E
:10C2100089BF94F82F102846BDE8384001F082BF4E
:10C2200000000000B8940020B8920020F0ED00E07B
:10C23000044880F83C1080F83D2080F83E30012012
:10C24000704700BFB89400200248402200211DF032
:10C250007DBC00BFB89400200248402200211DF0A0
:10C2600075BC00BFB89400204B79082B01D000208A
:10C2700070478B79062BFAD1CB79502BF7D1162A40
:10C2800006D81C4B1B68D907F1D500BE00207047AB
:10C2900070B5194D8B7885F82D300B7882B005F18B
:10C2A0002F0205F12E0619440223CDE900261A4675
:10C2B000044601F003FE30B90E4A1268D2070FD5CA
:10C2C00000BE02B070BD204695F82F1000241F2339
:10C2D0002A4685F8304001F0E9FE20B11720F0E74A
:10C2E000002002B070BD034B1B68DB07F6D500BE13
:10C2F0001720E6E7F0ED00E0B8940020002961D1B6
:10C3000070B5137803F07F05022D84B0044620D069
:10C3100003F06003202B02D0002004B070BD5378DE
:10C32000FE2B34D0FF2BF7D15388002BF4D1D688C5
:10C33000B3B2002BF0D13B4D11462046AE87C5E984
:10C340000D3385F8303085F83E3001F015FF0120BF
:10C35000E3E75578012DDBD15388002BDCD1314E3A
:10C36000938896F83020042ADBB243D096F82E103A
:10C37000994229D096F82F509D4205D122B92946DD
:10C3800001F0C2FE00283AD0012004B070BD5388ED
:10C39000002BC1D1D0880128BED1234B8DF80F00CE
:10C3A0002BB10192FEF78CFE019A0028B4D0451EF5
:10C3B0001146204601230DF10F028DF80F5001F0B8
:10C3C000F5FEE1E701207047022ADDD1B26BB368C8
:10C3D0009B1A0324B36206F120020D2386F8304035
:10C3E00001F064FE0028CFD1104B1B68DB0793D50A
:10C3F00000BE92E7194601F095FE28468DE72946D2
:10C40000204601F0ABFE0028BED1002386F8303074
:10C4100096F82F10034A20461F2301F047FE0028FC
:10C42000B2D1E1E7B8940020C1B00300F0ED00E024
:10C43000F0B5A74C94F83050012D8FB01E4607463A
:10C440006FD0032D46D02DB1022D00F08980012040
:10C450000FB0F0BD94F82F308B42F8D11F2E40F072
:10C460009E809C4B22689A4240F09980E37B9A4AD6
:10C470006068A56284F82C50A5632262A56860629A
:10C480000122282B84F83020656300F0DA802A2B03
:10C4900000F09F82002D00F02981227BD20940F01C
:10C4A0002581B5F5007F40F2F78294F83C30A56213
:10C4B0000120022284F82C0084F8302023B942F2B3
:10C4C000050284F83E30A287384601F02BFE94F82E
:10C4D0003050B9E794F82E308B42B8D10D2EB6D13A
:10C4E000E37B282B00F06D822A2B00F062827B4BCD
:10C4F00023B1607B04F10F01AFF30080002084F8CA
:10C500003000734A94F82F101F23384601F0CEFDF7
:10C510000028DCD1724B1B68DA0700F19080002004
:10C5200096E7E37B282B12D02A2B59D0A36B227BD2
:10C530003344D209A36347D0626B9A420DD9684B4A
:10C540001B68DB07C3D500BE94F830507CE7D4E904
:10C550000D2333449342A3636CD3022384F8303019
:10C5600094F82E10384601F0F9FD00287FF46FAFE3
:10C57000A368A26B934202D9217BC9091ED19B1AE1
:10C580000325A36294F82E10564A84F8305038469A
:10C590000D2301F08BFD00287FF459AFBAE7042387
:10C5A00094F82E1084F83030384601F0BBFD384640
:10C5B00094F82F1001F0B6FD002049E794F82E10F2
:10C5C000384601F0AFFD42E7A38E474A607B04F195
:10C5D0000F01FEF7FDFD0028C0F2C981A36BABE798
:10C5E000E08A40BA80B218B1A368B3FBF0F080B221
:10C5F000D4F81110A26B3C4DB2FBF0F309BA00FB6A
:10C6000013221944607B00962B46FEF705FE002896
:10C61000C0F20A82864252D9002840F033820023B9
:10C6200094F82F1000933246384601F013FC94F82A
:10C63000305009E7FFF74CFD94F8305004E700BE96
:10C6400006E7E28A52BA92B29DB9002A85D094F8E0
:10C650003C300222002184F82C2084F83020A16292
:10C66000002B7FF47DAF42F2050284F83E30A287B2
:10C6700076E7207BC0090BD0002A00F0EE819542BE
:10C68000C0F02282282B3846D4D0FFF785FD1EE764
:10C6900094F83C20A562022384F82C3084F83030D2
:10C6A000002A7FF411AF42F205020023A28784F82A
:10C6B0003E30207BC00900283FF406AF9DE1D4E95D
:10C6C0000D2333449342A363BFF447AF3846DCE7FE
:10C6D000B894002055534243555342530000000084
:10C6E000F0ED00E0D8940020B8920020607B252B6C
:10C6F00027D8DFE813F03701260026000A012600BC
:10C7000026002600260026002600260026002600F9
:10C7100026002600260026002600E9002600260026
:10C7200026002600260026002600CF00B5002600A1
:10C730002600260026002600260026007B00260074
:10C74000520094F83C30002B3AD1B04AB049ABB219
:10C75000FEF73EFD002833DB40F0C981A368002BC3
:10C760003FF4FBAEA16B94F83C205B1A0120022140
:10C77000A36284F82C0084F8301022B942F205013B
:10C7800084F83E20A187002B3FF4EAAE237BDB092F
:10C7900040F0338194F82F1096E604AA05A9FEF71D
:10C7A00005FD059B23B1BDF81020002A40F09681BD
:10C7B00094F83C3023B940F2024284F83E30A2871C
:10C7C000A268A36B94F83C100120D31A84F82C00C3
:10C7D0000220A36284F8300021B942F2050084F8F7
:10C7E0003E10A087002A3FF4BBAECCE705AD002386
:10C7F0000DF10E0204A96B600593AB60FEF7D6FC49
:10C80000049A002AD4D0BDF80E30002BD0D012BA32
:10C810005BBA08200221ADF81E3006928DF8170091
:10C820008DF81C1095E80700784BA56883E8070091
:10C830000C20002D40F03981A36B94F83C205B4222
:10C840000121A362022384F82C1084F83030002ADE
:10C850007FF486AE42F2050384F83E50A3877FE65C
:10C860006C4B002B3FF47AAFE17CC1F3400301F045
:10C8700001020909AFF3008000287FF46FAF94F83C
:10C880003C30002B9CD140F202420023A28784F866
:10C890003E3095E7059B604A03F4000343F0030331
:10C8A0000593002A00F01881AFF300809DF8163040
:10C8B000564AA56880F0010060F3C7138DF8163062
:10C8C000059B13600420B4E74FF020330022CDE92C
:10C8D0000A33524D069207A909AA089307930993B0
:10C8E0000D930C9305AE0DAB0595FEF7F1FB0FCE46
:10C8F000DFF818C1A568ACE80F000FCEACE80F0058
:10C900003368CCF80030242093E794F83C2094F866
:10C910003D0094F83E10DFF8F4C04FF0000E4FF0E9
:10C920000003CDE905EECDE907EE62F303038DF8D0
:10C930001630F0220A23ADF824E08DF820008DF89F
:10C9400021108DF814208DF81B3005AE0FCEACE809
:10C950000F003368A4F83CE084F83EE0ACF8003007
:10C96000122066E7FEF708FC002888D0F6E6A268E9
:10C97000A36B94F83C0084F82C50D11A0225A162D4
:10C9800084F8305020B942F2050584F83E00A587AE
:10C99000002A3FF4D1AD00293FF4CEAD237BDB0963
:10C9A00000F0948094F82E10384601F0BBFBA36B86
:10C9B000C2E51B4B002B3FF4A1AD607BFEF742FCB0
:10C9C0009CE5184B002B3FF499AD607BAFF30080E2
:10C9D00094E5E28A52BA92B2002D3FF436AE207B43
:10C9E000C0093FF449AE94F83C30A562022284F8B5
:10C9F0002C2084F83020002B7BD094F82E10384661
:10CA000001F090FB94F830501EE500BFB892002072
:10CA1000C794002000000000000000000080020217
:10CA200045B2030000000000A36BA2683344D11A92
:10CA300043F20330A3630023A08784F83E30012033
:10CA40000223A16284F82C0084F83030002A3FF4DD
:10CA500087AD00293FF484AD98E6012294F83C307C
:10CA600084F82C200222A56284F83020002B7FF469
:10CA700022AE42F2050284F83E30A287002D3FF438
:10CA80006FAD16E6A36B361A0344291832462846C2
:10CA9000A3631DF041F8C2E5194AABB2384601F074
:10CAA00005FB00287FF413AD34E5A84228BF2846D3
:10CAB00083B26063124A94F82E10384601F0F6FAF9
:10CAC00000287FF404AD25E50222C7E794F82F1073
:10CAD000384601F027FB81E50120E7E60849A56813
:10CAE000013B1BBA12BAC1E900320820A1E6A568D1
:10CAF0009FE642F2050284F83E30A287D9E500BFE6
:10CB0000B892002030B5154C83B000210D464FF48B
:10CB1000EE7220461DF01AF804F13C01201D00952C
:10CB20000123402200F0F2F8402204F17C010123AD
:10CB3000009504F1200000F0E9F804F1BC010120A7
:10CB400011F020FB04F5867103460120C4E9065369
:10CB500011F018FBC4E90D0503B030BDF8940020B6
:10CB600010B5064C2046002340F8043B00F05EFA66
:10CB700004F12000BDE8104000F058BAF8940020FD
:10CB80004B79FF2B01D0002070472DE9F041324C4A
:10CB90006678A378334382B003D0002002B0BDE8AA
:10CBA000F0810D788B782370804608790F460D440C
:10CBB00008B36B78052B0AD0AB189D4202D306E070
:10CBC000AB4204D929780D4469780529F8D1234E60
:10CBD0000196731C0246009329460223404601F049
:10CBE0006DF90346A8B13B79A178C3EBC3031D449B
:10CBF00031B96178A1B9E81B80B202B0BDE8F0811B
:10CC0000402306F25B12404601F050FA034600282A
:10CC1000EFD1134A1268D207BFD500BE1846BDE750
:10CC2000002001F071FA06460028E4D10D494022A7
:10CC3000A1F5BE7000F0D2F80028DCD00346617880
:10CC4000084A304601F032FA0028D4D1044B1B6860
:10CC5000DB07D0D500BECEE7F8940020F994002081
:10CC6000F0ED00E09496002038B5234CA2788A427B
:10CC70000AD063788B424FF0000004D101F044FAEF
:10CC8000054600B3012038BD9AB204F5AE71201DEF
:10CC900000F056F9194B13B10020AFF30080A178D2
:10CCA000002001F031FA05460028EBD1144800F0CD
:10CCB00083F83F28E6D9A178124A2846402301F09C
:10CCC000F5F9012038BD402204F5CE7104F12000B1
:10CCD00000F084F80028D5D003466178284604F592
:10CCE000CE7201F0E3F90028CCD1074B1B68DB07BB
:10CCF000C8D500BEC6E700BFF894002000000000C1
:10CD0000FC94002054960020F0ED00E02DE9F04165
:10CD1000B2F5004F9DF8188030D80446406915469A
:10CD20000E461F4618B14FF0FF3111F06BFCA069A1
:10CD300018B14FF0FF3111F065FC6A0092B26069E2
:10CD40002660511E00235242E381A580E78084F8CB
:10CD50000880A1816281238218B11A46194611F018
:10CD600061F8A06938B100231A46194611F05AF843
:10CD70000120BDE8F0810120BDE8F0810020BDE880
:10CD8000F08100BFC189028A89B292B28B1A9142A6
:10CD90009BB202D242899B1A9BB28088984228BFDC
:10CDA00018467047C289038A90B29BB2C01AB0FA83
:10CDB00080F04009704700BFC189028A89B292B2EF
:10CDC0008B1A914210B49BB2848802D240891B1AFC
:10CDD0009BB2E01A80B25DF8044B70472DE9F04732
:10CDE000054680698846914618B14FF0FF3111F031
:10CDF00009FCEB892C8A9BB2A4B21E1BA342B6B2DB
:10CE000002D26A89B61AB6B2AF88B74209D2BB421B
:10CE100049D26A893A449B1A9AB22A822C8A3E469F
:10CE2000A4B2002E45D04E4528BF4E46A74203D897
:10CE3000E41BA4B2A742FBD9A7EB0409B5F806A0EE
:10CE400029681FFA89F94E450AFB041125D919FBF7
:10CE50000AF91FFA89F94A4640461CF04FFEF21BB8
:10CE6000224412FB0AF2296892B208EB09001CF076
:10CE700045FE2A8A92B293199BB29A421BD96A89BB
:10CE800013449BB2A8692B8220B100231A4619468D
:10CE900010F0C8FF3046BDE8F0870AFB06F24046B6
:10CEA0001CF02CFEE5E7A989DA1B92B29142B4D2BC
:10CEB000AFE72B8A9BB2AA899A42E3D2DFE700BF91
:10CEC00070B5044680690E4618B14FF0FF3111F07D
:10CED00099FBE289238A92B29BB2D01A9A4280B21D
:10CEE00002D26189401A80B2A588854207D2AA423F
:10CEF0001DD261892944521A91B221822846E0B19B
:10CF0000AB4203D35B1B9BB29D42FBD9E2882168F5
:10CF1000304602FB03111CF0F1FD0125A06920B190
:10CF200000231A46194610F07DFF284670BDA089DF
:10CF3000511B89B28842E0D2DBE70546EEE700BF2D
:10CF40002DE9F84F1546002A3FD00446406988462F
:10CF500018B14FF0FF3111F055FBE789237A218A90
:10CF6000BFB289B2A3BB7A1A8F42A38892B252D3BE
:10CF70009A1A92B2954228BF1546A5EB0309B4F858
:10CF800006A01FFA89F99F423E4603D3F61AB6B2AD
:10CF90009E42FBD29B1B20689BB29D420AFB06006F
:10CFA00027D80AFB05F241461CF0A8FDEB199BB2FD
:10CFB0009F421AD8A2899A4217D36069E38120B1AF
:10CFC00000231A46194610F02DFF2846BDE8F88FB9
:10CFD000A3889D4223D3B4F806A0ED1A0AFB058866
:10CFE0000F461D464FF00009CDE7628913449BB2FE
:10CFF000E3E713FB0AF31FFA83FB5A4641464E440C
:10D000001CF07CFD16FB0AF2206808EB0B0192B2C3
:10D010001CF074FDCAE76189521A92B2A8E7A5EB29
:10D020000309B4F806A01FFA89F9ACE710B5044665
:10D03000406918B14FF0FF3111F0E4FAA06918B15E
:10D040004FF0FF3111F0DEFAA38860695B009BB2FC
:10D05000591E5A420023E381A1816281238218B1C3
:10D060001A46194610F0DEFEA06920B100231A46C8
:10D07000194610F0D7FE012010BD00BF38B5044698
:10D0800040690D4618B14FF0FF3111F0BBFAA069AD
:10D0900018B14FF0FF3111F0B5FA6069257220B177
:10D0A00000231A46194610F0BDFEA06920B10023E6
:10D0B0001A46194610F0B6FE012038BD024B5878CA
:10D0C000003818BF012070472C970020024B1878B9
:10D0D000C0F38000704700BF2C970020094A1378E6
:10D0E00010B5C3F380045B0705D5137803F018036C
:10D0F000182B02D00024204610BD002001F0DEF9DC
:10D10000204610BD2C970020014B1878704700BFB7
:10D11000639700202DE9F0433A4D2E7883B01EB17D
:10D12000304603B0BDE8F083372231460446364826
:10D130001CF00CFD3549012011F024F8344B186027
:10D1400000283BD033490B464A6833F8080B49881E
:10D15000009610F0C3FD304B186078B32F4F27B105
:10D160002F48AFF300802F4B18602D4E337877B3E4
:10D170002D4FDFF8B0804FF000094B4537D8A9EBB1
:10D180000303DBB2042B39D803EB430307EBC303E0
:10D190001B689847337809F101095FFA89F91A1D6C
:10D1A0004A45EADA204601F06FF9204601F06EF9AF
:10D1B000012630462E7003B0BDE8F0831B4B1B6880
:10D1C000DB07ADD500BE304603B0BDE8F083DFF825
:10D1D000588001E0052F11D007EB4703013758F8BD
:10D1E00033309847337804339F42F3DDDAE7D8F8D9
:10D1F000003009EB490203EBC203C9E700231B68B7
:10D20000FFDE00BF639700202C970020DC960020F3
:10D210006497002024670020689700200000000029
:10D22000D8960020D49600208CF60500F0ED00E0A2
:10D230002DE9F04F8BB002F023F8002800F06F8149
:10D24000BE4DDFF81893DFF818A3DFF818B328688D
:10D250004FF0FF3207A911F079F8002800F05F8144
:10D260009DF81D30013B072B00F2F284DFE813F03C
:10D270000001C900A300940088003F000E000800D0
:10D28000089B002BE3D009989847E0E79DF8201011
:10D29000AB4B01F07F0403EB440303EBD11393F892
:10D2A00025006FF3000083F8250093F825006FF345
:10D2B000820083F82500002C00F03481A14ADB7C39
:10D2C00032B1A14A12789342C0F01C819B1ADBB2A2
:10D2D000042B00F21F8103EB43030AEBC3031C6919
:10D2E0009DF82120099B9DF81C00A047AFE7DFF8BF
:10D2F00050829DF81C6098F8003043F0010388F8D4
:10D30000003098F825306FF3000388F8253098F83E
:10D3100025306FF3820388F8253098F826306FF3B4
:10D32000000388F8263098F826306FF3820388F8D7
:10D330002630002000F09EFF9DF8203003F06002B0
:10D34000602A0DD0402A00F0438103F01F03012B17
:10D3500000F09B81022B00F06D81002B00F04781D3
:10D36000D9F80030DC0700D500BE9DF81C00002174
:10D3700001F03AFA9DF81C00802101F035FA66E7C9
:10D380006F4B1B78DA077FF562AF704B002B3FF4D1
:10D390005EAFAFF300805AE7694B1A78D1077FF58B
:10D3A00056AF6B4A002A3FF452AF1878C0F3C00062
:10D3B000AFF300804BE7644C624F2278002F00F0FF
:10D3C000F480002614E0B31ADBB2042B00F2FD80D7
:10D3D00003EB43030AEBC3035B691BB19DF81C001D
:10D3E000984722780136F6B2131DB342FFF62FAFED
:10D3F000B242E8D9DBF8003006EB460103EBC1038B
:10D40000EAE7514C4F4F23789DF81C60002F00F045
:10D41000BA800027BB4267D8FB1ADBB2042B00F2AC
:10D420001F8403EB43030AEBC3035B683046984752
:10D4300023780137FFB21A1DBA42EBDA37220021F6
:10D440003F481CF083FB434B4FF0FF321A605A6099
:10D450009A60DA601A615A619A61DA611A8400F09E
:10D46000FFFE3D4B002B3FF4F2AEAFF30080EEE643
:10D47000354C344F23789DF81C60002F5AD000277C
:10D480009F4238D3FB1ADBB2042B00F2E98303EB93
:10D4900043030AEBC3035B683046984723780137A0
:10D4A000FFB21A1DBA42EBDA254C37220021204682
:10D4B0001CF04CFB4FF0FF33C4F80330C4F80730C6
:10D4C000C4F80B30C4F80F30C4F81330C4F8173068
:10D4D000C4F81B30C4F81F30A4F8233000F0C0FE9D
:10D4E0009DF82030A370B2E6DBF8003007EB47026E
:10D4F00003EBC20399E7DBF8003007EB470203EBCD
:10D50000C203C8E7DBF8002003EB430312EBC303BD
:10D510007FF4E5AE114B1B68D80700D500BE0BB0F9
:10D52000BDE8F08F099B9DF821209DF81C0000F0BC
:10D53000B3FE8CE6DFF8288019E000BF6897002072
:10D540002C97002000000000D8960020000000006A
:10D55000000000002F97002000000000F0ED00E028
:10D560008CF60500D4960020052F00F07983D8F8BA
:10D570000430304698472378013704339F4208F13E
:10D580001808F1DD90E7DFF8508302E0052F00F086
:10D590006783D8F80430304698472378013704333E
:10D5A000BB4208F11808F1DA48E7CB4E73691BB1AA
:10D5B0009DF81C00984722780137131D9F4206F101
:10D5C00018063FF744AE052FF0D100235B69FFDE5C
:10D5D000C24800283FF4C9AE00F04CFE304608AA0D
:10D5E0000021FDF78BFE00287FF431AEBDE6202A36
:10D5F00000F08480002A7FF4B3AE9DF82130092B1F
:10D600003FF6AEAE01A252F823F000BF93D703005D
:10D6100093D8030061D3030073D8030061D30300E0
:10D6200055D8030001D8030061D30300E9D70300F4
:10D63000B7D703009DF8241001F07F03082B3FF6B5
:10D640008FAE08EB430000EBD110A54CC07C5B0013
:10D65000CF0934B1A34C2478A042C0F08E80001BC7
:10D66000C0B2042862D800EB40000AEBC004002AD4
:10D6700060D0E06800F0FEFDE368304608AA0021B3
:10D68000984700287FF4E3AD6FE69DF824300F2B18
:10D690003FF66BAE4344924ADB782AB1914A127846
:10D6A000934261D39B1ADBB2042B3FF65EAE03EBD1
:10D6B00043030AEBC304E06800F0DCFDE36808AA5A
:10D6C00000213046984700287FF4C1AD9DF82030F6
:10D6D00013F060047FF449AE9DF821300A3B012B22
:10D6E0003FF643AE00F0C6FD9DF821300A2B00F056
:10D6F0007B8108A9304600F03FFDA8E59DF8243065
:10D700000F2B3FF632AE4344754ADB7832B1754A8F
:10D7100012789342C0F04D819B1ADBB2042B3FF686
:10D7200024AE03EB43030AEBC304A2E7002A7FF411
:10D730001CAE14469DF8212002F0FD00012800F0E7
:10D740000A81002A7FF40CAE43443B44304693F8F0
:10D7500025400DF11A02C4F34004022308A9ADF8D4
:10D760001A4000F023FD72E5DBF8004003EB4303B1
:10D7700014EBC3043FF4F9AD9DE7DBF8004000EB88
:10D78000400004EBC004002AD4D0002C7FF471AF19
:10D79000EBE598F800309C0804F00204C3F3401352
:10D7A0001C43304602230DF11A0208A9ADF81A40B5
:10D7B00000F0FCFC4BE59DF8223002931A4698F8E5
:10D7C00001309A4208D098F80130002B40F0958142
:10D7D000029B002B40F01281029B88F801303046FA
:10D7E00008A900F0C9FC32E598F801308DF81A302C
:10D7F000304601230DF11A0208A900F0D7FC26E5F6
:10D80000BDF82200030A5A1EC0B20E2A3FF6ADAD83
:10D8100001A151F822F000BF3FD9030023D9030032
:10D8200013D903006BD303006BD30300EDD80300BF
:10D8300023D903006BD303006BD303006BD3030026
:10D840006BD303006BD303006BD303006BD30300D4
:10D85000B3D8030008A800F013FD9DF8221030464D
:10D8600000F01AFE98F8003043F0020388F8003008
:10D87000EDE4BDF82230012B7FF477AD98F800304D
:10D88000304643F0080308A988F8003000F074FC23
:10D89000DDE4BDF82230012B7FF467AD98F800304D
:10D8A00030466FF3C30308A988F8003000F064FC29
:10D8B000CDE40D4B002B3FF458ADFDF71BFD0246A8
:10D8C00000283FF44DAD5388304608A900F06EFCA7
:10D8D00000287FF4BCAC48E58CF60500FDB20300DF
:10D8E00000000000D8960020F5B20300B64B002BD4
:10D8F0003FF43BADAFF30080024600283FF435AD66
:10D900001378304608A900F051FC00287FF49FAC42
:10D910002BE5BDF82410FDF7DFFA02460028EFD111
:10D9200023E5022B00F08A81A84B002B3FF41DADAC
:10D93000AFF300800246002A3FF412ADC3E7FDF7C3
:10D94000C1FA1223024608A9304600F02FFC002835
:10D950007FF47DAC09E5BDF82200009048B9012AAA
:10D9600043442FD03B4403F1200793F825309B0715
:10D9700013D5002C3FF46BACE06800F07BFCE3684F
:10D9800008AA002130469847002000F073FC98F860
:10D990002630DF073FF55BACABE6304600F024FFF6
:10D9A0007B7943F002037B717B7943F001037B7148
:10D9B000DFE7DBF8004003EB430314EBC3043FF461
:10D9C000D4AC56E61F4420377B799A07D1D5304630
:10D9D00000F04AFF7B79009A62F341037B717B7907
:10D9E00062F300037B71C4E708A9304601230DF1FF
:10D9F0001A028DF81A4000F0D9FB28E4581EC0B274
:10DA0000FDF764FA002871D04378022B6ED1C279F9
:10DA100098F80010C2F340131B01C2F3801221F0EA
:10DA2000300143EA42130B4388F8003043880396E1
:10DA3000C31800F1090704933946049B8B4240F256
:10DA4000F5804B780B2B00F0DD8001220092042B37
:10DA50004CD1049B5E4A5B1A9BB201935D4B1B78D1
:10DA60004AB3002637461DE0F31ADCB2042C00F25C
:10DA7000EC8004EB44040AEBC404019AA368039805
:10DA80000591984708280599024603D9019B8342CE
:10DA900080F082804F4B1B780136F6B21A1DB242DD
:10DAA000374623DBB342DFD9DBF8004006EB460301
:10DAB00004EBC304E1E7484B17461C46052FFEB2B2
:10DAC00000F0C380019AA36803980591984708283D
:10DAD0000599024602D9019890425DD23D4B1B78D0
:10DAE00001370433BB4204F11804E7DAD9F80030F7
:10DAF000D9077FF535AC00BE32E4364C344F3046A2
:10DB000000F07AFD98F802202378009287B300276E
:10DB1000BB4226D8FB1ADBB2042B00F2A18003EB38
:10DB200043030AEBC3035B68304698472378013709
:10DB3000FFB21A1DBA42EBDA3722284800211CF046
:10DB400005F8274B009A88F802204FF0FF321A6040
:10DB50005A609A60DA601A615A619A61DA611A84CD
:10DB600036E6DBF8003007EB470203EBC203DAE7E7
:10DB7000194B304626461C4601E0052F70D06368DD
:10DB8000019098473278019801370432BA4204F183
:10DB90001804F2DA0646CFE7009B012B38D0009B31
:10DBA00003B391F802C0002305E00133C67000986A
:10DBB000DCB2844216D20CEB030058FA80F0C47831
:10DBC000FF2CF2D092E700BF000000000000000030
:10DBD00000000000D89600208CF605002C9700204D
:10DBE0002F97002033462048CDE9001201F07EFB3C
:10DBF0001E4B1B78DDE900120433BB421144BFF613
:10DC00001CAF73E70B78CA78009219444B781EE773
:10DC1000A3681748834206D0009C1648834208BF79
:10DC200002240094BDE702230093BAE7124B039E3F
:10DC3000002B3FF4D1ADAFF30080CDE5FDF746F901
:10DC40000246002A3FF48CAB3DE600239B68FFDED2
:10DC5000D9F80030DB077FF5FAAA00BEFFF7F7BA64
:10DC600000235B68FFDE00BF3F970020D8960020AE
:10DC7000F1B50300D1BE03000000000030B589B04B
:10DC800000248D1ECDE9024404948DF809108DF80E
:10DC90000800032D5CD8DFE805F0082C48023B4B58
:10DCA0001978C80761D409B030BD384938480B78B5
:10DCB00000686FF300030B700C7800236FF34104CE
:10DCC0000C704B700C7863F382040C70002A37D010
:10DCD00002A905AA10F08CFA059B002BE3D02D4B6E
:10DCE0004FF080525A6040BFBFF34F8FBFF36F8F2A
:10DCF000D9E7264B19784907D5D51978244C6FF305
:10DD00008201197000230521CDE9053307938DF8B1
:10DD100014008DF815102068002A2FD1134605A98C
:10DD20004FF0FF3210F07EF8BDE7184B1978CC07A2
:10DD3000B9D51978164841F00401006819705AB92C
:10DD4000134602A94FF0FF3210F06CF809B030BD55
:10DD50000F4B1868002AF3D0002302A905AA10F07F
:10DD600047FA059B002B9ED0B9E7197808486FF356
:10DD7000820100681970002AEED1E1E705A901AA25
:10DD800010F036FA019B002B8DD0A8E72C970020CD
:10DD90006897002000ED00E030B5144D85B00024F8
:10DDA0000123CDE9014403948DF804008DF8081097
:10DDB00028688DF805303AB9134601A94FF0FF32B3
:10DDC00010F030F805B030BD234601A96A4610F0C6
:10DDD0000FFA009B002BF5D0054B4FF080525A6094
:10DDE00040BFBFF34F8FBFF36F8FEBE76897002003
:10DDF00000ED00E030B50B4685B004464968186870
:10DE0000124D8DF8044002AC03C40023062128689B
:10DE1000ADF806308DF805103AB9134601A94FF058
:10DE2000FF320FF0FFFF05B030BD6A4601A910F0C8
:10DE3000DFF9009B002BF6D0054B4FF080525A6063
:10DE400040BFBFF34F8FBFF36F8FECE768970020A1
:10DE500000ED00E030B585B0164D03929DF82040EE
:10DE60002D680022CDE901228DF8081007218DF8D8
:10DE700004008DF809308DF8051044B9234601A936
:10DE800028464FF0FF320FF0CDFF05B030BD1346EE
:10DE900001A928466A4610F0ABF9009B002BF4D08C
:10DEA000054B4FF080525A6040BFBFF34F8FBFF316
:10DEB0006F8FEAE76897002000ED00E02DE9F84F4A
:10DEC000DDE90A8A002A3CD0DFF8809007460C463C
:10DED0001E4615464FF0000B17E099F8021001F0AE
:10DEE000D1F9034621463846EBB100F0EFFAF8B11C
:10DEF000A378DA0914BF8AF8003088F80030237854
:10DF00000BF1010BAB451C441BD06378052B20465D
:10DF10000ED1E17801F00301B14209D1A37803F0F9
:10DF20007F03082BD9D9084B1B68DA0700D500BE40
:10DF3000054B1B68DB0702D40020BDE8F88F00BE4C
:10DF4000FAE70120BDE8F88FF0ED00E02C97002003
:10DF500030B5124D85B000230824CDE902010193AC
:10DF600028688DF805403AB9134601A94FF0FF32F1
:10DF70000FF058FF05B030BD6A4601A910F038F91E
:10DF8000009B002BF6D0064B4FF080525A6040BFEA
:10DF9000BFF34F8FBFF36F8FECE700BF6897002090
:10DFA00000ED00E038B58B7803F07F03082B06D92D
:10DFB0000A4B1B68DB0700D500BE002038BD084BAC
:10DFC0000C4605460846997801F05CF90028EFD028
:10DFD00021462846BDE8384000F078BAF0ED00E070
:10DFE0002C970020F8B5194B01F07F0403EB440394
:10DFF00003EBD11101F12004607910F0010519D172
:10E0000063795A07C3F3800701D52846F8BD104E3F
:10E010004FF0FF31306810F0F5FA607910F001052B
:10E020000BD163795B0709D4637943F0040363710F
:10E03000012503E000252846F8BD3D460023306851
:10E040001A4619460FF0EEFE2846F8BD2C97002020
:10E050006497002038B5134D0C4628684FF0FF3107
:10E0600010F0D0FA104B04F07F0103EB410303EBF7
:10E07000D41120314B7913F0010310D14A79C2F346
:10E080008004520703D54A7963F382024A71002360
:10E0900028681A4619460FF0C5FE204638BD0024F0
:10E0A000F5E700BF649700202C97002070B5144D51
:10E0B00001F07F0605EB460505EBD11420346579A8
:10E0C000ED0706D50F4B1B68DA0700D500BE002010
:10E0D00070BD657945F00105657100F0DDFA002835
:10E0E000F6D16379074A60F300036371637960F3E3
:10E0F000820363711368DB07E9D500BE70BD00BF02
:10E100002C970020F0ED00E0054B01F07F0203EBBF
:10E11000420303EBD11191F8250000F00100704794
:10E120002C97002010B50C4B01F07F0203EB42034B
:10E1300003EBD11494F825309B0700D510BD203493
:10E1400000F052FB637943F002036371637943F09B
:10E150000103637110BD00BF2C970020054B01F037
:10E160007F0203EB420303EBD11191F82500C0F3CA
:10E17000400070472C9700200B4630B40A4C496889
:10E1800005461868224603C293F9002000239A42EC
:10E19000C4E902332846A8BF802130BCB8BF194665
:10E1A0001A46FFF783BF00BF2C980020F0B50C463D
:10E1B000284F496806462068BA603D4603C50021DD
:10E1C000F981E588AB4228BF2B4683B0BB81A5B15E
:10E1D0001BB352B397F90000402B28BF40230028FF
:10E1E0002ADB1D4A3046FFF761FF98B91B4B1B68BD
:10E1F000DB071ED500BE03B0F0BD94F90030002B44
:10E20000ACBF8021002130462B462A46FFF74EFF47
:10E210000028EBD0012003B0F0BD97F90020002AC0
:10E22000ACBF194680211A46DCE70C4B1B68D907A6
:10E230000CD4002003B0F0BD1146074801931A46E4
:10E240001BF05CFC044A019B8021CBE700BE10461A
:10E25000E1E700BF2C98002040980020F0ED00E09E
:10E26000034B0022C3E90022C3E902221A6170476E
:10E270002C980020014B1861704700BF2C9800209B
:10E280000346044A59680068134603C30023C2E9E1
:10E29000023370472C980020F0B5414C2578C9090D
:10E2A000B1EBD51F83B01F46064616D033B13D4BA8
:10E2B0001B68DA0757D4002003B0F0BD3A4B13B106
:10E2C0002146AFF300802369002B2FD0344A30461B
:10E2D00002219847012003B0F0BD94F90020002AE4
:10E2E00006DBA0680028E6D030491A461BF006FC81
:10E2F000E589A168E2883D44ADB23944AA42E5818E
:10E30000A16016D03F2F14D9A28994F90000531BA5
:10E310009BB2402B28BF402300282FDB95423BD0E7
:10E32000224A00213046FFF7C1FEB0B1012003B000
:10E33000F0BD236923B11A4A012130469847A0B1A4
:10E3400094F9002000239A42ACBF80211946304640
:10E350001A46FFF7ABFE0028E8D1124B1B68DB071B
:10E36000A9D500BEA8E700BEA5E70146304600F0EB
:10E370003BFA3046802100F037FAD7E7954208D0C3
:10E380001A460A4801931BF0B9FB084A019B8021F9
:10E39000C8E780210022C5E700210A46C2E700BF86
:10E3A0002C980020F0ED00E00000000040980020D4
:10E3B00042DF704743DF704744DF704712DF70472A
:10E3C0002C4B5B68C3F3080313B9EFF310839BB1C5
:10E3D000294B93F8D820002A36D1012283F8D8207F
:10E3E0000260BFF36F8FBFF34F8F244A904227D054
:10E3F000043A904224D07047214A53681B06E7D55F
:10E40000802110B4C2F88410BFF34F8FBFF36F8F19
:10E41000194B93F8D840E4B9012283F8D820026060
:10E42000BFF36F8FBFF34F8F144A90421DD0043A51
:10E4300090421AD0124B80225A605DF8044B70470C
:10E44000002283F8D8207047014601220D48FFF7CB
:10E450007FBD5160C2F88410BFF34F8FBFF36F8F41
:10E4600093F8D840002CF4D1D6E7002283F8D820C6
:10E47000E0E700BF00ED00E080980020507002400F
:10E4800000E100E0C1E30300704700BF014B8022C0
:10E490005A60704700E100E0074BD3F80014D3F84E
:10E4A000002400200A434FF48001C3F80024C3F87D
:10E4B0005801C3F80413704700700240024B002259
:10E4C000C3F82C25704700BF00700240F0B4887874
:10E4D0008D88CC78444FC10900F07F0202EB4203E3
:10E4E0004E00DB000E4403EB86033B4404F00304C0
:10E4F000C5F30A05012C1D812FD0D9B13B49941CCD
:10E50000012303FA04F4C1F80443D1F8104503FAD7
:10E5100002F22243C1F81025344B40F48072C3F854
:10E520001805C3F80C25BFF36F8FBFF34F8F012081
:10E53000F0BC70472D4C02F10C05012303FA05F5E0
:10E54000C4F80453D4F81455934002F594722B4345
:10E55000C4F8143544F82210DEE7082A07D0244B0B
:10E56000186810F00100E3D000BE0020E0E7E9B930
:10E57000B7F8D4301BB11D4B8022C3F81C251B4AB1
:10E580000023C2F85031D2F8003313F4001308BF4F
:10E59000C2F85431154B4FF44012C3F80423D3F89A
:10E5A000142542F48072C3F81425B5E7B7F8C820E3
:10E5B0000E4B0021C3F82C1112B18022C3F81C2588
:10E5C0000A4AD2F8003313F4001308BFC2F85431DA
:10E5D000064B084AC3F80423D3F8102542F480728E
:10E5E000C3F8102598E700BF809800200070024013
:10E5F000F0ED00E000082000214B8022F0B4C3F8C9
:10E600008420BFF34F8FBFF36F8F1E4A1E4E0D2124
:10E61000012500231D4CA1F10A004FEA810C05FAE7
:10E6200001F7644405FA00F0013138431429C6F8B3
:10E6300008036360A362C2E90033C2E90233C2E99E
:10E64000043302F11802E5D11149124AC6F8082331
:10E65000C6F81C35C1F8C0307362C1F8C430B36469
:10E66000C1F8C830C6F81455C1F8CC30C6F81055FA
:10E67000C1E93433024B80225A60F0BC704700BFBE
:10E6800000E100E09898002000700240D06F024046
:10E690008098002000083000F0B501F07F00CF091D
:10E6A0000D467C0000EB4001DFF838C1C9003C4456
:10E6B00001EB84040CEB040E1E460023AEF806307A
:10E6C0004CF8042083B0AEF80460430040B127BB8F
:10E6D0000CEB01039A7A002A48D1012003B0F0BD67
:10E6E000D6B93A4AD2F88024C2F3C012974213D066
:10E6F0003748FFF765FE374B5B68C3F30803003B01
:10E7000018BF012300933046294633463246FFF7AF
:10E71000A1FB012003B0F0BD17B303440CEBC30C05
:10E7200000EB8003BCF81210BCF81020BCF81440B9
:10E73000DCF80C50521A9B0092B203F1804303F5AF
:10E740001C332549C3F80056A24228BF224601EBDC
:10E750008000C3F80426FFF733FE012003B0F0BDAC
:10E760001E48FFF72DFE012003B0F0BD08289F7260
:10E770000ED1164BD3F8C024D103AED4DCF8C010B0
:10E78000C3F8A0171648C3F8A427FFF719FEA4E79B
:10E790005CF801500D4C9A8800F5947100EB8006EE
:10E7A00054F82110DB88D31A9BB289B204EB86029D
:10E7B0008B4204F1280428BF0B46C2F8005704EB33
:10E7C0008000C2F80437FFF7FBFD86E700700240C7
:10E7D0005070024000ED00E0047002404C700240B6
:10E7E0004870024080980020F8B511F07F0307D1EF
:10E7F0001A4B01225A65BFF36F8FBFF34F8FF8BDDD
:10E80000082BF8D0154A41F48070C909C2F81805E0
:10E81000F1D1134D03EB430005EBC004C000A67A11
:10E82000002EE8D003F59476A17252F82660A188F4
:10E83000E4882F580B480C1BA1B2B5B203EB830C34
:10E8400002EB8C02A94228BF2946C2F8007700EBF0
:10E850008300C2F80417FFF7B3FDCCE70070024055
:10E86000809800202870024011F0770F12D00A4BD8
:10E8700041F48072C3F80C15C3F80C25CA09C3F81B
:10E88000181504BF01F5947143F82120BFF36F8F71
:10E89000BFF34F8F704700BF007002402DE9F04F6B
:10E8A000854B8648D3F80013002387B01F461D46CA
:10E8B000012421FA03F2D6070BD550F8232042B1E8
:10E8C00004FA03F240F823501743BFF36F8FBFF3EE
:10E8D0004F8F0133192BECD1FC0700F1C781784E23
:10E8E000380508D5744BD3F8A83601229BB2A6F898
:10E8F000D23086F8D720B90214D56F4CD4F814352D
:10E90000DA0500F10482D4F81035DB0540F1098204
:10E9100096F8D730002B40F03482012203210020EA
:10E92000FFF7ACF979021FD5634BD3F8004404F428
:10E93000E062C3F80024E20500F1DE81650510D530
:10E940005D4B0122C3F808259A65D3F8002312F421
:10E95000001208BFC3F85421574B4FF40012C3F8FC
:10E960000423A00500F1C28139022BD5524BD3F804
:10E970008024D2B28DF81020D3F88414C9B28DF857
:10E980001110D3F888048DF81200D3F88C048DF898
:10E990001300D3F890048DF81400D3F894048DF884
:10E9A0001500D3F898048DF81600D3F89C348DF830
:10E9B0001730520601D1052904D0012204A90020F4
:10E9C000FFF718FA3F4B3B403BB196F8D830002B8D
:10E9D00000F08581002386F8D830DFF8E490DFF876
:10E9E000D8A002974D460024C8460DE0B2F806C0F4
:10E9F000A5F804C0D2880127009792B2FFF72AFA3F
:10EA0000082E3DD001341835029B04F10C0223FA84
:10EA100002F204EB440C04EB840E08EBCC0C002354
:10EA2000E6B212F0010F0AEB8E0E6246314618462E
:10EA3000E6D0DEF808E72F685FFA8EFE07EB0E0BD4
:10EA4000C5F800B0BCF806B01EFA8BFB1FFA8BFBB2
:10EA5000082CACF806B01FFA8EFEC7D0B5F808B087
:10EA6000F345C3D1BCF806C0B5F804E01FFA8CFC2E
:10EA7000E645BBD9002EC3D11348FFF7A1FCC1E77F
:10EA8000029F124B3B404646002B00F0CA800A4BC7
:10EA9000D3F86C84C3F86C84BFF36F8FBFF34F8FD0
:10EAA00017F4806740F0C080CDE90277024FDFF8AD
:10EAB00020A0002416E000BF007002400071024058
:10EAC00080980020FCFB1F004C70024000040001F5
:10EAD00004700240002C00F0BC80072D3DD00134B2
:10EAE00009F1180928FA04F304EB840C04EB44023E
:10EAF00013F0010F07EB8C0C06EBC202E5B24FEAF4
:10EB00008400E7D0DCF80816D9F80C30C9B203EB62
:10EB1000010BC9F80CB0538A11FA83F39BB25382EC
:10EB2000518AB9F810E089B271454FF000035044A2
:10EB300045F0800180F08580538AB9F81420CCF824
:10EB400000B6AEEB03039BB2934228BF1346CCF84A
:10EB50000436FFF735FC072DC1D118F4803F7DD175
:10EB6000039B002B7AD118F4003F08D0F28BB38BB3
:10EB700092B2934200F2F280012386F8223018F418
:10EB8000802F08D0F38EB28E9BB29342C0F00681E4
:10EB9000012386F83A3018F4002F0AD0B6F84E2038
:10EBA000B6F84C3092B29A42C0F00B81012386F83D
:10EBB000523018F4801F0AD0B6F86620B6F86430D8
:10EBC00092B29A42C0F01181012386F86A3018F49B
:10EBD000001F0AD0B6F87E30B6F87C209BB2934274
:10EBE000C0F02181012386F8823018F4800F0AD00A
:10EBF000B6F89630B6F894209BB29342C0F02781C5
:10EC0000012386F89A3018F4000F0AD0B6F8AE3017
:10EC1000B6F8AC209BB29342C0F02E81012386F857
:10EC2000B23007B0BDE8F08FD3F88024D3F8803439
:10EC300083F08003C3F3C0130393C2F3C0130293A2
:10EC400034E7528A0120009092B21846FFF702F989
:10EC500043E7029B002B3FF442AF53E7F388B288AF
:10EC60009BB29A4267D80123B3727CE78D4B8E4AE0
:10EC70008E4E8F4800240125C2F81455C2F8105555
:10EC8000546094625C609C629C60DC62DC601C632B
:10EC90001C615C635C619C639C61DC63DC611C6483
:10ECA00054629464C2F85841D2F80034D2F8001487
:10ECB0000B43C2F80034D2F80033C2F808332146BF
:10ECC000C2F804033046DC221AF040FF40232A46F3
:10ECD00021462046B3823381FFF75EF800E6754B8C
:10ECE0001B68DB077FF579AE00BE76E601220521C1
:10ECF0000020FEF7C3FF37E60122C3F82C250421CC
:10ED00000020FEF7BBFF65057FF52BAE18E6D4F8B3
:10ED1000C034DD037DD5D4F81035D8053FF5F8AD06
:10ED2000FBE54FF40013C4F808330122032100204F
:10ED3000FEF7A4FFF6E55C493468D1F8A004F38837
:10ED4000C1F80047D31A9BB282B2934228BF134640
:10ED50005948C1F80437FFF733FB04E7524AB46956
:10ED6000D2F8A414F08BC2F814471B1A9BB289B2D4
:10ED70008B4228BF0B465148C2F81837FFF720FBDB
:10ED8000FDE6B6F8D22000230121009192B2184688
:10ED9000882186F8D730FFF75DF8BEE54249346B2D
:10EDA000D1F8A804F38EC1F82847D31A9BB282B2D7
:10EDB000934228BF13464248C1F82C37FFF700FBA7
:10EDC000E9E6394AB46CD2F8AC14B6F84E00C2F891
:10EDD0003C471B1A9BB289B28B4228BF0B4639486D
:10EDE000C2F84037FFF7ECFAE3E62F4A346ED2F868
:10EDF000B014B6F86600C2F850471B1A9BB289B22D
:10EE00008B4228BF0B463048C2F85437FFF7D8FA78
:10EE1000DDE6D6F8C020C4F8A0272C48C4F8A437F3
:10EE2000FFF7CEFA77E72049B46FD1F8B404B6F80B
:10EE30007E30C1F86447D31A9BB282B2934228BF96
:10EE400013462348C1F86837FFF7BAFACDE61649EA
:10EE5000D6F89040D1F8B804B6F89630C1F87847A3
:10EE6000D31A9BB282B2934228BF13461948C1F805
:10EE70007C37FFF7A5FAC6E60B49D6F8A840D1F8CB
:10EE8000BC04B6F8AE30C1F88C47D31A9BB282B23C
:10EE9000934228BF13461048C1F89037FFF790FA05
:10EEA000BFE600BF0470024000700240809800205E
:10EEB0000514C001F0ED00E0287002402C70024003
:10EEC0003070024034700240387002404870024096
:10EED0003C7002404070024044700240F0B501288E
:10EEE00083B006D0022800F0828000283AD003B018
:10EEF000F0BDB34BD3F80025002AF8D00022C3F8A8
:10EF00000425BFF36F8FBFF34F8FAE498020C1F848
:10EF10008400BFF34F8FBFF36F8FD3F80013C3F894
:10EF20000813C3F80025BFF36F8FBFF34F8F43F271
:10EF3000040103F18D53096803F5772303F2DB53D2
:10EF4000994200F06D81A04B01221A609F4B5A68D4
:10EF5000C2F30802003A18BF012202210020FEF786
:10EF60008DFEC4E7964BD3F80025002ABFD14FF49D
:10EF700080014FF40062C3F80813C3F80024BFF304
:10EF80006F8FBFF34F8F924B1B68082B00F0C78029
:10EF90008B4B0122C3F80025BFF36F8FBFF34F8F58
:10EFA00043F2040203F18D53126803F5772303F251
:10EFB000DB539A4200F0DD804FF08043D3F80C24FD
:10EFC000D3F80C34DF0300F1E88043F20402814BF4
:10EFD00012689A4200F0E5807F4B00221A601B689D
:10EFE00001934FF08043012201991A607FE7744B2F
:10EFF000D3F80435002B47D1714AD2F800341805F4
:10F00000FBD54FF40063C2F80034BFF36F8FBFF33A
:10F010004F8F6F4B1B68082B48D06949694A802382
:10F020000120C1F81C35C1F80403C2F884315360D3
:10F03000684E43F204054FF080442B68B34211D070
:10F04000D4F80C24D4F80C34D903F6D5D307F4D56E
:10F050005B4B0122C3F80425BFF36F8FBFF34F8FC3
:10F0600003B0F0BD01A800278DF80470FFF7A6F9E2
:10F070009DF80430002BE3D001A80197FFF79CF91D
:10F08000019B002BD9D0E3E743F20402514B1268F5
:10F090009A4200F0B1804FF08043D3F80C24D3F8AB
:10F0A0000C34DD03A8D5D407A6D520E74B4B1B684D
:10F0B000032BB2D84A4B1A68002A40F0BE80494858
:10F0C00049F27531196002601960414A434B126878
:10F0D0001B68082AA1D1032B9FD8434AD35C93B164
:10F0E0003F4B1A68002A40F0B080404849F2753121
:10F0F000196002601960364A384B12681B68082A8A
:10F100008BD1032B89D83A493A4B40F2E370402225
:10F1100008601A60BFF36F8FBFF34F8F7DE72F4BEF
:10F120001B68032B3FF634AF2F4AD35CABB12C4B9B
:10F130001A68002A40F08D802C4949F2753203206C
:10F140001A6008601A60224A244B12681B68082A59
:10F150007FF41EAF032B3FF61BAF214B1A68002A2A
:10F160006FD1204949F27532C0201A6008601A60D8
:10F170000EE701A800248DF80440FFF71FF99DF861
:10F180000430002B3FF418AF01A80194FFF714F9E5
:10F19000019B002B7FF4ABAE17E7D6073FF5A7AE78
:10F1A00013E7002301A88DF80430FFF707F99DF855
:10F1B0000430002B3FF410AFFFF7FAF897E600BFDA
:10F1C0000070024000E100E00400004000ED00E0BB
:10F1D00030010010DBE5B1510001004034010010A6
:10F1E00000EC064014EC064004F7050014ED064060
:10F1F000007802400478024001A800248DF8044001
:10F20000FFF7DCF89DF80430002B3FF444AF01A871
:10F210000194FFF7D1F8019B002B7FF468AEEBE679
:10F2200001A88DF80420FFF7C9F89DF80430002BE1
:10F230003FF489AEFFF7BEF888E6084B00221A605B
:10F2400043E7064BC0221A60A2E6054B00221A6073
:10F2500051E7034B03221A6075E700BF14EC064028
:10F2600014ED064008B50020FDF754FF00B108BDBD
:10F27000024B1B68DB07FAD500BE08BDF0ED00E0CD
:10F28000FDF742BFC378828803F003000228C2F36F
:10F290000A0205D0032819D0012807D000207047A2
:10F2A00002291CD0402A09D801207047022940F2C7
:10F2B000FF3308BF4FF480639342F6D20A4B1868BD
:10F2C00010F00100F1D000BE0020704702290CBFF1
:10F2D0004FF4806340239342F0D30120E5E7B2F579
:10F2E000007FE1D0EAE700BFF0ED00E00A44914280
:10F2F00016D230B44C78052C05D00C7821448A42C3
:10F30000F8D830BC70478C7804F07F0500EB4505D9
:10F31000E4092B550C7821448A42EBD830BC704765
:10F32000704700BF72DF704773DF704777DF704749
:10F3300038B5054608460C4602F04CFA102803D0B2
:10F3400080280ED0012038BDEB7FA2881B2B0EDC5D
:10F35000E9180320E85448704A80EB7F0433EB77C8
:10F36000F0E7A368002BEDD0E97F0D2901DD002037
:10F3700038BD6A18112068540721517058681C68FC
:10F380009968DB68C2F80E30C2F80600C2F8024085
:10F39000C2F80A10EB7F1233EB77012038BD00BFB3
:10F3A0000022C2770270704730B5D1E9042485B0DD
:10F3B000CD68074B00936946CDE902240195FFF71C
:10F3C000B7FF0446684602F0E5F9204605B030BDB7
:10F3D0005CF70500F0B589B006462022134869465F
:10F3E00002F056FEF37FC2181D2A0CDDC3F11D0486
:10F3F000E4B2E2181D2A4FF00005D8BF082705DD4A
:10F40000284609B0F0BD044601250927F218601C02
:10F41000F05469465770901C22461AF06FFBF27F39
:10F42000023214442846F47709B0F0BD74990020E4
:10F4300010B50446094802F089FEE37F1C2B01DD6C
:10F44000002010BDE2180221E1540A23907053708D
:10F45000E37F0333E377012010BD00BF74990020E0
:10F46000C27F1C2A01DD0020704710B403469C189F
:10F47000022098540120A1706070DA7F0332DA779D
:10F480005DF8044B704700BFC37F1B2B01DD0020DC
:10F49000704710B4C2180324C45419235180537008
:10F4A000C37F0433C3775DF8044B0120704700BF6E
:10F4B00010B4084A084C094902620022C0E90A4116
:10F4C000C0E90C225DF8044B0270C277426282638D
:10F4D000704700BFFF0101002000F40020001E0063
:10F4E000C1857047018581854285704780F822106B
:10F4F000704700BFF0B5154605EB8503274A89B074
:10F50000044603EB830300200E469B001168029023
:10F51000CDE90460ADF8143094F821308DF808304E
:10F52000CB07CDE90600039009D41D491D4BC87FC8
:10F53000E77F988101201C6099609F8010601949C5
:10F5400002AA04F12000FFF7EDFE10B1002009B07F
:10F55000F0BD94F820101448019102F0F7FD0199D4
:10F5600002460120FFF7E2FE0028EFD194F82000C8
:10F570000121FFF7D9FE0028E8D10B4802F052FE26
:10F58000628EA68595424FF0010094BF521B921ADD
:10F59000628684F8230009B0F0BD00BF5C990020AA
:10F5A000F09F00206099002074990020F0B500239E
:10F5B00061F30F032D4D044661F31F4389B00363CC
:10F5C000FA21284602F0C6FDE68D2949278D0868F4
:10F5D000049706EB860303EB830300229B0005924E
:10F5E000ADF8143094F8213002928DF80830C3073A
:10F5F000CDE9062203920BD41E4BE27F95F89B06C1
:10F600009A8005F27C6501221C609D6098810A60E9
:10F61000184902AA04F12000FFF784FE10B100206F
:10F6200009B0F0BD94F820101048019102F08EFD51
:10F63000019902460120FFF779FE0028EFD194F8E6
:10F6400020000121FFF770FE0028E8D1074802F0F2
:10F65000E9FD638EA7859E424FF0010094BF9B1B7E
:10F66000DB1A638684F8230009B0F0BD749900208A
:10F670005C9900206099002030B50B888D88112B93
:10F6800085B0044605D0262B33D0102B25D005B0ED
:10F6900030BD436AEB40DB07F9D52E4801F03CF959
:10F6A0000028F4D1636A94F82310012202FA05F5C8
:10F6B00023EA050363620029E9D194F82230002B84
:10F6C000E5D0238E23486386FA2102F043FDE28DC4
:10F6D000218D2046FFF70EFFD9E7CB7B012BD6D13A
:10F6E000426A03FA05F515430023456280F823308A
:10F6F000CDE70B7A012BCAD1002380F823304FF4D9
:10F70000FA71144802F026FD238E5BB1658E95B127
:10F71000A36B0BB19847658E618D2A462046FFF793
:10F72000E9FEB4E7A36B03B19847618D0022204640
:10F73000FFF7E0FEABE7074802F088FD626B002AA6
:10F74000A5D0009503AB29462846039511F014FB7C
:10F750009DE700BF7499002075DF704710B44FF02B
:10F7600010144FF448010022C0E90041C0E9022210
:10F770005DF8044B704700BF014800F0D3BE00BFE6
:10F7800064A00020F8B500250D4F2E4601E0142D91
:10F7900014D0A9B2384602F02DFD013504460028E8
:10F7A000F5D000F06DFD0028F1D0204600F072FD8C
:10F7B000022804BF0136F6B2142DEAD13046F8BD56
:10F7C0007499002070B58E881B480C4694B0314661
:10F7D00002F010FD23881A2B05D01F2B1CD0102BF4
:10F7E0000FD014B070BD054600F04CFD0028F8D0D5
:10F7F000284600F049FD0028F3D1284600F0AAFD74
:10F80000EFE7694600F08EFD0028EAD06A463146EF
:10F810000A4801F01FFCE4E754F8080F61686B46E2
:10F8200003C33046BDF80030ADF802306946FFF73B
:10F8300093FF14B070BD00BF74990020949900200C
:10F84000AADF7047ABDF7047ACDF7047ADDF7047B2
:10F85000AEDF7047B0DF704710B5044B044640F888
:10F86000043B01F097FF204610BD00BF14F70500D0
:10F8700010B5054B044640F8043B01F08BFF2046D1
:10F8800010F04AFD204610BD14F7050070B57B4B03
:10F8900004461B68836196B0043001F0ABFF94F816
:10F8A0002E30A06913F0320208BF84F82F2013F025
:10F8B0000C0308BF84F830300DF10102694601F0F5
:10F8C0005FFF94F82F209DF8010015070DD09DF8DB
:10F8D000001002F00F0301F00F059D424FEA1212D3
:10F8E0006DD243EA021284F82F2094F830301907C1
:10F8F0000BD003F00F0100F00F058D424FEA1313F8
:10F9000069D241EA031384F8303094F82E1011F0D4
:10F91000300340F096800FAD0F93C5E90133C5E980
:10F9200003338DF83C10AB610021ADF809109DF850
:10F930000A10206A1493012363F342018DF8082012
:10F940008DF80A1008B1037873BB94F8263013B110
:10F9500004F12603129394F831200023D207089370
:10F96000079358BFE38AADF81C3004F1080004F196
:10F970002F01CDE9050154BF1846E08AADF82000FB
:10F98000294604F13203E569099505AA0020FFF72D
:10F9900057FF054628B994F8253043BB237D002B3B
:10F9A00064D0284616B070BD10901AF0CCFF02ABA0
:10F9B00080B2ADF84400ADF846001393C5E74FEAB6
:10F9C000111101D191428CD30A462B4643EA02120F
:10F9D00084F82F2089E74FEA101001D1984290D384
:10F9E0000346294641EA031384F830308DE7ADF829
:10F9F0000D009DF80E2094F82F600C90012363F306
:10FA0000420242F608118DF80E208DF8123004AA39
:10FA10000223ADF8101003A90D90ADF83030ADF809
:10FA200034300A9204F124030B910DF102020AA969
:10FA30008DF80C600E93FFF705FF0028AED0054649
:10FA4000AFE70F4B8DF805200FAD1B788DF8043014
:10FA5000022000230F938DF80600C5E90133C5E9A4
:10FA60000333AB618DF83C1001AB5DE721460548DF
:10FA700000F014FF284616B070BD00BF709900203A
:10FA800008F70500B49D00202DE9F0410B888E8811
:10FA9000502B8AB00C46054609D0512B04D18B79E6
:10FAA000012B19D0022B26D00AB0BDE8F081CB88FB
:10FAB000428E9A4235D0EA8E9A42F5D16B6D002B78
:10FAC000F2D095F84420648A920700F18A80224699
:10FAD000294630469847E7E7836C002BE4D090F83E
:10FAE0004420520701F108076CD43A4629463046B3
:10FAF0009847A379D6E7A27B042A46D0062A20D0CD
:10FB0000012AD1D1EB6C002BCED095F844201707F9
:10FB100004F1080400F1A5802246294630469847A2
:10FB2000C2E7076D002FC6D090F84430D90768D4DB
:10FB300004F11208238A424629463046B847E38832
:10FB4000B9E7EA6B002AAFD0002202A93046CDE91E
:10FB50000222CDE90422ADF80C208DF80830FFF721
:10FB600079FE2C6D54B195F84430D80700F192809D
:10FB7000B5F84230EA6B30462946A047E86B0EF0F4
:10FB800075F80023C5E90F338EE7E86B002878D0BD
:10FB9000B5F84010278A628A07EB020C00234FF069
:10FBA000020E8C45CDE90633CDE908338DF818E017
:10FBB00039DD40F20913ADF81C3006A93046FFF7D5
:10FBC00049FE71E703211A46009106AB0821384629
:10FBD000CDE90665089711F0CFF8002889D1AB6C04
:10FBE00083E7032000211A46009006AB0846CDE9C2
:10FBF0000665089411F0C0F800287FF455AF6B6DCE
:10FC000065E7218A069604F11208042300933A4618
:10FC1000404606ABCDE90881079511F0ADF8002804
:10FC20008DD12F6D86E79DF81EC0ADF81C3004F114
:10FC300014014CF001033844ADF822208DF81E3039
:10FC40000991ADF8207019F059FF238A618AB5F83F
:10FC500042200B449BB2934238BF1346A5F8423072
:10FC6000ABE703211A46009106AB0E212046CDE9F1
:10FC70000665089411F080F800287FF415AFEB6C4E
:10FC80004AE74FF480600DF0D7FF4FF48061C5E97B
:10FC90000F017FE7E86BB5F8421006960423009346
:10FCA000224606ABCDE90750099111F065F800280E
:10FCB0007FF464AF2C6D5BE72DE9F04F0F464FF6F4
:10FCC000FF718F4289B0064615461C4626D0F18A40
:10FCD00096F82E308C4228BF0C46DB0615D40DF169
:10FCE000100B8C4228BF0C464FF00008718EADF807
:10FCF00010405A464FF6FF700595ADF81280FFF799
:10FD0000A3FD404609B0BDE8F08F3948394602F0FE
:10FD100059FA08B1F18E31B9F18AE0E7344802F0BE
:10FD20005DFA0746D3E7002002230DF1100BADF872
:10FD30001200ADF810305A460DF10E033846059307
:10FD4000FFF784FD43F2014398424FD000284AD187
:10FD50009DF80E8008F00108B8F1000F46D0244845
:10FD6000394602F047FA8246A0B300F095FA03380C
:10FD700083B2002CC5D0CDF804804FF0000998461E
:10FD800005E0BDF80E30E41AA4B21D4444B3504659
:10FD900000F096FAA04503464246594628BF22463F
:10FDA0003846BBB1ADF80E204FF00102738E8DF8CE
:10FDB00012200DF10E02CDE90625CDF813908DF835
:10FDC0001790ADF81030FFF743FD0028D9D050460A
:10FDD00000F080FA4FF00008404609B0BDE8F08F0F
:10FDE000DDF804808DE700F00108B5E7F18A78E7D7
:10FDF0007499002010B5154B044640F8043B01F0FF
:10FE0000D1FC134A0023127884F8443014200321D3
:10FE1000A384C4F82630C4F82A3084F82E30E08257
:10FE2000C4E90F33C4E91233C4E9143384F8311040
:10FE30002375A3612362E36163866363238784F888
:10FE40002F2084F83020204610BD00BF14F7050095
:10FE500008F7050070B44E68164A86600260D1E962
:10FE60000262154B154D1C78456002611425002275
:10FE70000321C0E90F22C0E91222C0E91422C660A2
:10FE8000C58280F8311080F84420027582610262D8
:10FE90008284C0F82620C0F82A2080F82E20C26173
:10FEA00042864263028780F82F4080F8304070BC61
:10FEB000704700BF14F7050008F705005CF7050060
:10FEC00010B4D1E90142CB680361C0E902425DF898
:10FED000044B70478069704701230375704700BF6A
:10FEE00080F82E10704700BF41B190F83130C182C8
:10FEF000002262F3000380F83130704790F831300F
:10FF0000012262F3000380F83130704780F82F102F
:10FF100080F83020704700BF90F84430016562F3EC
:10FF2000000380F84430704780F8241080F82520C2
:10FF3000704700BF51F8322F026049684160704736
:10FF400030B5C48A83B0944223460D4628BF134679
:10FF5000418E019500246A464FF6FF70ADF80030DF
:10FF6000ADF80240FFF770FC18B9BDF8000003B00F
:10FF700030BD204603B030BD30B5C38A85B00A46D7
:10FF8000012B28BF0123418E8DF8072000240DF19D
:10FF9000070502AA4FF6FF70ADF80830ADF80A4029
:10FFA0000395FFF751FC18B9BDF8080005B030BD46
:10FFB000204605B030BD00BF10B490F82E4014F0BC
:10FFC000100403D05DF8044BFFF776BE20465DF8C1
:10FFD000044B7047A1DF7047A3DF7047A4DF704771
:10FFE00000238383704700BF006A00F0E3B800BFBE
:10FFF000808B70472DE9F0410B88CE88382B86B076
:020000024000BC
:100000000C46054606D0392B66D0362B43D006B0B9
:10001000BDE8F08100F12407002E36D10A8A384667
:10002000314602F03FFD94F80C80B8F1010F2CD05E
:10003000B8F1040FEBD1286A00F0BCF801465C4827
:1000400002F0D8F800F028F92A8E053883B29342DE
:1000500028BF1346002B00F09A80218AE289286A83
:10006000AC8B8DF80D600A44E96A05918DF80C801F
:10007000ADF81230ADF81020ADF80E4000F09AF84F
:1000800003A9FFF7A9FF0028C1D0384602F022FDDE
:1000900006B0BDE8F081006A00F08CF801464448E3
:1000A00002F0A8F800F0F8F807466EBB05F1240648
:1000B000E289304604F1100102F0F4FC2B8E2BB1E2
:1000C000F81EE38980B20138834255DA304602F0E7
:1000D00001FD06B0BDE8F0810B7B012B1AD0022B8D
:1000E00095D1836B002B92D090F83C208F8892079B
:1000F0001FD401F11006E2893146284698476189EC
:100100003846FFF76BFF82E705F12407384602F017
:10011000E1FCBDE7436B002B3FF479AF90F83C2046
:10012000D10717D404F11006E289314628469847D2
:100130006DE7C989039004F1100603201A46009068
:1001400003AB3046CDE9046110F016FE0028D6D18D
:10015000AB6BD0E7E189039004F1100603201A4647
:10016000009003AB3046CDE9046110F005FE002895
:100170007FF44DAF6B6BD7E7286A00F01BF86A8EEF
:10018000A98B92B2FFF726FF00289FD13FE7AA8BE9
:10019000286AADF80E2040F20511ADF80C10CDE93B
:1001A000043300F007F803A9FFF716FF6DE700BF5F
:1001B00074990020808870478FDF704790DF704708
:1001C000B1DF7047B5DF704710B5074B03600446D9
:1001D000806A0EF093FBE06A0EF090FB206B08B192
:1001E0000EF08CFB204610BD2CF7050010B5094B16
:1001F00003600446806A0EF081FBE06A0EF07EFB2D
:10020000206B08B10EF07AFB204610F085F82046EE
:1002100010BD00BF2CF7050070B504460D4692E8EE
:100220000300A5800E0CA061A183144DA6771720B2
:100230001B2156892560E0809589D089E181D1799B
:100240006581012222752274A081617418461946C5
:1002500026819DF810500DF0B3FD2946A062284676
:100260000DF0AEFD4FF4885100234FF6FF72E1828E
:10027000E062628223636375204670BD2CF705003F
:10028000007D7047407D7047C07D113818BF012048
:10029000704700BF407C7047C08870470089704736
:1002A0004B7D10B44BB11F310C688A888B79046088
:1002B00082805DF8044B837170471831F4E700BF0A
:1002C00008B56621806A0EF09DF9003818BF01203C
:1002D00008BD00BF08B500231A461946806A0DF014
:1002E000A1FD003818BF012008BD00BF818800F1C2
:1002F0001F02407C02F034BC38B50A4605460C4665
:100300008188407C02F018FC2146012051F8483FCA
:10031000C5F81F308B888A7985F82520A5F8233009
:10032000687538BD38B50A4604460D4600F1180117
:10033000407C02F04BFC607550B1294651F8483FB3
:10034000C4F81F308B888A7984F82520A4F82330DC
:1003500038BD00BF10B5447D24B100F11F01407CC1
:1003600002F012FC204610BD70B50B88113B82B024
:100370000C460546462B2BD8DFE803F0383B2A2AEB
:100380002A2A2A2A2A422A2A2A2A2A2A50585E64F3
:100390002A2A2A2A2A2A2A2A2A2A2A2A2A2A2A2ABD
:1003A0002A2A2A2A2A672A942A2A2A2A2A2A2A2A06
:1003B0002A2A2A2A2A2A2A2A2A2A2A2A2A246A2A63
:1003C000752C84000023A8881A461946FFF7F8FE0A
:1003D00002B070BD8B79002BFAD1006BAB75002891
:1003E000F6D01A4619460DF01DFDF1E700230375FE
:1003F000EEE74B8903818B894381CB898381E7E7D2
:100400000B7AC375112BE3D0818800F11F02407C69
:1004100002F094FC03460028DAD1D4E7002301A9B6
:100420008088ADF80430FFF7C7FED1E70B7A002BC8
:10043000CED14B7A0374CBE7002211468088FFF7B8
:10044000BDFEC5E70B89C381C2E74B89C380BFE707
:10045000006B0123AB750028BAD000231A46194659
:100460000DF0E0FCB4E7417C164801F0BBFEE388E8
:100470000146994228BF194689B2A888E980FFF74A
:10048000A1FEA5E78B79002BA2D0002600231A46F7
:100490001946A86A0DF0C6FC0136A279F3B29A4259
:1004A000F4D895E78B7A002B92D0002600231A46C9
:1004B0001946E86A0DF0B6FC0136A27AF3B29A4208
:1004C000F4D885E77499002070B58AB086880B4609
:1004D00006A84FF42851144605934FF6FF7501F016
:1004E0006BF90120CDE90105059B0094314606AA70
:1004F000044800F06FF8044606A801F04BF92046C6
:100500000AB070BDB49D002010B50446043002F05E
:1005100065FA034B236000232375204610BD00BFFE
:100520000100FFFF017D01B1704710B504460430A2
:1005300002F05EFA0123237510BD00BF007D7047F5
:100540000B88322B10B504D0332B17D0302B08D0AA
:1005500010BDCB88DBB1041D2046BDE8104002F081
:10056000B9BACB88041D002BF6D14B89002BF3D0F0
:100570000A3120460A2202F095FAEDE7CB88002BDB
:10058000E9D14A89002AE6D002EB420204E04A8916
:10059000002AE0D002EB82025200041D023292B225
:1005A0000A31204602F07EFAD6E700BFA0DF70478E
:1005B00010B5044600F5F87002F010FA2046F82253
:1005C000002119F0C3FAF822A018002119F0BEFA90
:1005D000204610BD2DE9F04782B00546BDF82C60DD
:1005E000BDF830402048ADF80460BDF828A0ADF853
:1005F0000640904699460F4601F0FCFD05F5F8755A
:10060000064603E0FFF74AFE0DF0FAFA284602F02C
:1006100047FA04463046002CF4D10121284602F066
:10062000E7F952464946284602F0FEF908F104016E
:10063000384601AAFFF7BAFF30B1284602F0E2F9C6
:10064000204602B0BDE8F0874FF4FA71284602F068
:10065000F1F920EAE074284602F0D4F9A4B2204669
:1006600002B0BDE8F08700BF749900202DE9F04F7B
:100670008F880D8885B0884604463946864801F043
:10068000B9FDA5F11003012B814640F2908094F84A
:1006900054203AB3002633461633502D54F823A085
:1006A00069D0512D1AD198F80630B8F808B0022B4D
:1006B00053D0BBF1000F11D051466846FFF73AFC0A
:1006C000BDF800305B4559D0514602A8FFF732FC17
:1006D000BDF80C305B4551D094F854200136F3B28C
:1006E0009342D9D394F84C31002B00F0D18004F51B
:1006F000A679002604E094F84C310136B34220DD9F
:1007000059F8040FFFF770FCB842F4D1382D03D02C
:10071000392D01D0362DEED1B8F80AA0BAF1000F6C
:10072000E9D0D9F800B05846FFF762FC5045E2D155
:1007300058464146FFF75EFC94F84C310136B3420F
:10074000DEDC112D55D0352D04D1B8F80A30002B40
:1007500040F08F8005B0BDE8F08F98F80E30062B82
:10076000A7D1DAF800305046DB6841469847484642
:10077000FFF78AFDB0E7B8F806B09AE7DAF800307C
:100780005046DB68414698474846FFF77DFD002804
:10079000A2D0502DA0D1514602A8FFF7CBFBBDF847
:1007A0000C305B4598D14846FFF7A0FD94E72378CD
:1007B000002B3FF46CAF0026112D33460CD004EB18
:1007C00083033946586803685B6898470136227886
:1007D000F3B29A42F3D85AE704EB830339465868D8
:1007E00003681B68984701362278F3B29A42F3D81F
:1007F0004DE7D3B10026334605E094F84C2101368D
:10080000F3B29A4211D904EB8305D5F85001FFF7F2
:10081000EBFBB842F1D1D5F85001FFF7E1FB01360F
:1008200094F84C21F3B29A42EDD894F8F820002ABB
:1008300090D000252B4604EB8303D3F8FC0083887B
:10084000BB420AD00135EBB2934283D204EB83035F
:10085000D3F8FC008388BB42F4D103681B68984737
:10086000013594F8F820EBB29342E4D305B0BDE82B
:10087000F08F04F5F874B8F80C20204608F1100148
:1008800002F010F9204605B0BDE8F04F02F022B9A1
:10089000112D7FF458AFC8E77499002090F85420C8
:1008A000272A0CD810B4034602F11604013280F84E
:1008B000542043F8241001205DF8044B70470020B9
:1008C000704700BF0378132B06D800EB8302013377
:1008D00003700120516070470020704778DF704737
:1008E0007ADF7047054A034692E80300002283E856
:1008F0000300C3E902221846704700BF34F7050021
:1009000008B5FFF7EDFF08B1002008BDFFF7E6FFCF
:10091000B0FA80F0400908BDF8B500250D4F2E460D
:1009200001E0142D14D0A9B2384601F063FC013562
:1009300004460028F5D0FFF7A3FC0028F1D020469C
:10094000FFF7A8FC012804BF0136F6B2142DEAD146
:100950003046F8BD7499002008B501804280FFF749
:10096000BFFFB0FA80F0400908BD00BF704700BF6C
:100970008ADF704730B40D4CC4621F25002250241A
:100980008584A025C0E91122C0E90F22A0F84650B5
:10099000A0F84840006230BC8262028680F83820AD
:1009A0004263C264A0F85020704700BF000180007D
:1009B0002DE9F04F10468DB016460C4600F00AFFA8
:1009C000C5B2102D4FD0B66807220623A16994F84E
:1009D0001C9001918DF80D208DF80C30ED080DF173
:1009E0000C080DF10E0A0027B9F1010F0A97CDE9A5
:1009F0000477CDE90677CDE90877CDF82B700ED9CD
:100A000098F8000001994B464A7882420FD00A7844
:100A1000D4432344013213F0FF031144F4D108F10D
:100A20000108C245E0D100200DB0BDE8F08F11F8FB
:100A3000024B013CE4B2224604A819F05FF80DF124
:100A4000100B1CB9EBE714F0FF04E8D058462A4617
:100A5000314619F045F8641BAB440028F3D101205E
:100A60000DB0BDE8F08F043603220223AEE700BFCD
:100A70002DE9F0430B888E88103B87B00D46044665
:100A80000D2B2CD8DFE803F077072B2B2B2B2B2BF0
:100A90002B2B2B842B2E836AF340DB071FD5564864
:100AA000FEF770FED8B9A36A94F82C20012505FA48
:100AB00006F623EA0606A6628AB994F82D3073B1C9
:100AC0001F232462A38404F1200104F14400FFF7F2
:100AD0004FFF20B9494801F0A5FB84F82C5007B01E
:100AE000BDE8F08390F92E2091F91B309A423ADC50
:100AF00090F8383001F108080BB3DFF804910026B4
:100B000002E0D6B2B34218D9636BCDF8089003EB7C
:100B1000061302AA59680391D3E90273414620469D
:100B200005930497FFF744FF074602A800F032FE42
:100B300094F83830721C002FE3D09E4213D094F802
:100B40002F30002B49D095F82430012B0BD9296A7E
:100B50004A78FF2A30D00A78D0430344013213F098
:100B6000FF031144F4D104F120010020FFF700FF3E
:100B700007B0BDE8F083CB7B022BB0D1836A0122A2
:100B800002FA06F633430022836280F82C20A6E79F
:100B90000B7A012BA3D1002580F82C50174801F0C7
:100BA00055FB226C002A9AD0009502AB29462846B4
:100BB000029510F0E1F892E711F8025B6A1ED2B2DA
:100BC000022A28BF022202A818F098FF012DCAD0DD
:100BD000228EBDF808309A42C5D1E26B002A3FF45C
:100BE0007EAF01230093404602AB2421CDF808805C
:100BF00010F0C2F873E700BF8499002074990020B8
:100C00005CF7050046DF70477FDF704780DF704785
:100C100081DF704785DF704786DF704738B51C4637
:100C20000D460346114628462246984734B10146F0
:100C300000222846BDE83840FFF7E8BF38BD00BFB6
:100C400010B50C4682B003466946204698476A466E
:100C500020460121FFF7DAFF02B010BD10B50446AF
:100C6000083002F095FA074B23600322002322711B
:100C7000C4F81034C4F81434C4F81834C4F81C345C
:100C8000204610BD3507100330B50446ADF55F7D35
:100C900000F108058F4802F00FFA0821284602F0FB
:100CA0007BFA684602F082FA6846082102F082FA6E
:100CB0006946284602F020FA04F54F714122684641
:100CC00002F086FA684602F07FFA94F85C0394F822
:100CD0005B2394F83D1394F83E3384F83D0384F885
:100CE0003E2394F85A0394F8592394F83F5384F818
:100CF0005C1384F85B3394F8401394F8413384F820
:100D00003F0384F8402394F8580394F8572384F859
:100D10005A5384F8591394F8425394F8431384F8BF
:100D2000410384F8583394F8560394F8443384F814
:100D3000422394F8552384F8575384F8430384F8E6
:100D4000442384F8553384F8561394F8451394F8E3
:100D5000540394F8532394F8463384F8450384F8F5
:100D6000462394F8520394F8512394F8475384F897
:100D7000541384F8533394F8481394F8493384F89F
:100D8000470384F8482394F8500394F84F2384F8D9
:100D9000525384F8511394F84A5394F84B1384F83F
:100DA000490384F8503394F84E0394F84C3384F894
:100DB0004A2394F84D2384F84F5384F84B0384F866
:100DC0004C2384F84D3384F84E1394F85D1394F853
:100DD0007C0394F87B2394F85E3384F85D0384F8F5
:100DE0005E2394F87A0394F8792394F85F5384F897
:100DF0007C1384F87B3394F8601394F8613384F89F
:100E00005F0384F8602394F8780394F8772384F8D8
:100E10007A5384F8791394F8625394F8631384F83E
:100E2000610384F8783394F8760394F8643384F893
:100E3000622394F8752384F8775384F8630384F865
:100E4000642384F8753384F8761394F8651394F862
:100E5000740394F8732394F8663384F8650384F874
:100E6000662394F8720394F8712394F8675384F816
:100E7000741384F8733394F8681394F8693384F81E
:100E8000670384F8682394F8700394F86F2384F858
:100E9000725384F8711394F86A5394F86B1384F8BE
:100EA000690384F8703394F86E0394F86C3384F813
:100EB0006A2394F86D2384F86B03012084F86F5340
:100EC00084F86E1384F86C2384F86D330DF55F7D20
:100ED00030BD00BF00A100200B7803F0FE03042BFF
:100EE00001D00020704770B515468CB00C4620220A
:100EF000002104A818F02AFE28686968AA68EB682F
:100F00006D460FC59DF800109DF80F209DF80160FB
:100F10009DF80E509DF802008DF80F1023469DF8A5
:100F20000D108DF800209DF803208DF80E608DF8CF
:100F300001509DF80C609DF804508DF80D008DF85F
:100F400002109DF80B009DF805108DF80C209DF8FF
:100F50000A208DF803608DF80B508DF804008DF891
:100F600005208DF80A109DF8061033F8042FADF80F
:100F700010209B789DF809209DF81D009DF81060B9
:100F80009DF81F508DF809108DF806209DF811105E
:100F90009DF81E208DF81D309DF807308DF8120049
:100FA0008DF81F609DF808009DF813608DF81050B3
:100FB0008DF81E109DF81C509DF814108DF811200E
:100FC0008DF808309DF81B209DF81A308DF8070029
:100FD0008DF81C608DF813509DF815608DF81B106E
:100FE0008DF8142068468DF815309DF819109DF87D
:100FF00017209DF818309DF816508DF818208DF8A0
:1010000016108DF817308DF81A608DF81950FFF70B
:10101000F9FD62789DF82F309DF82E009DF82D1077
:101020008DF821009A428DF8221004F1010404D0B9
:10103000012080F001000CB070BD6278C3B29A420A
:1010400004F10104F4D16278CBB29A42F0D10020CD
:10105000EFE700BF08B5137CDB0758BF1C3208461A
:1010600002F11201FFF7D6FDB0FA80F0400908BD89
:10107000F0B58F880E46ADF56B7D0446394646487F
:1010800001F0B8F83388133B0546072B2FD8DFE86B
:1010900013F03E005F006D002E002803870008005B
:1010A0003100337AB3B9737B9B070ED4294602A86B
:1010B000FFF7F6F80299BDF80C209DF80E3084F881
:1010C0000C34C4F80614A4F80A24284604F2BE31ED
:1010D000FFF712F9D4F818244AB1307A0D900223A0
:1010E0000021009308460CAB0C970FF045FE0DF560
:1010F0006B7DF0BDD4F81C24002AF8D00123002118
:10110000009308460CAB0C970FF036FEEFE704F2A5
:10111000BE3304F2DA320C9304F2F6330025109257
:10112000119304F23D3204F27E330F921393CDE912
:101130000D551295FFF7AEF801280CBF22462A463E
:101140000CAB29463846FFF75FFD0DF56B7DF0BD12
:101150000CA9FFF7E7F80346002800F0D2820CA99B
:10116000384600231AAAFFF757FDC0E7D4F8101439
:101170000029BCD0B37B094A03F001030F93042379
:10118000CDE90C1706F10800009306210CAB0E9078
:101190000FF0F2FDABE700BF749900201D0C0400B6
:1011A00094F87E3394F89D2394F87FC394F89C635D
:1011B00094F8805394F89B0384F89D33042194F8A9
:1011C0009A3384F87D1384F87E2394F8811394F87D
:1011D000822384F89CC384F87F6394F899C394F8BD
:1011E000836384F89B5384F8800394F8985394F8AD
:1011F000840384F89A1384F8813394F8971394F84D
:10120000853384F8992394F8962384F882C384F86C
:10121000986384F8835384F8970384F8841384F8DC
:10122000852384F8963394F8862394F8953394F8BC
:1012300087C394F8946394F8885394F8930394F8CC
:10124000891384F8952384F8863394F8922394F8CC
:101250008A3384F894C384F8876394F891C394F82C
:101260008B6384F8935384F8880394F8905394F82C
:101270008C0384F8921384F8892394F88F1394F8DC
:101280008D2384F8913394F88E3384F88AC384F8DC
:10129000906384F88B5384F88F0384F88C1384F85C
:1012A0008D3384F88E2394F89E2394F8BD3394F8FC
:1012B0009FC394F8BC6394F8A05394F8BB0394F8CC
:1012C000A11384F8BD2384F89E3394F8BA2394F8CC
:1012D000A23384F8BCC384F89F6394F8B9C394F82C
:1012E000A36384F8BB5384F8A00394F8B85394F82C
:1012F000A40384F8BA1384F8A12394F8B71394F8DC
:10130000A52384F8B93394F8B63384F8A2C384F8DB
:10131000B86384F8A35384F8A41384F8B62384F83C
:10132000A53384F8B70394F8A60394F8B51394F89A
:10133000A72394F8B43394F8A86394F8B35384F8CB
:10134000B50384F8A61394F8A90394F8B21384F8AB
:10135000B42384F8A73394F8AA2394F8B13384F81B
:10136000B36384F8A85394F8AB6394F8B05384F84B
:10137000B20384F8A91394F8AC0394F8AF1384F87B
:10138000B12384F8AA3394F8AD2394F8AE3384F8EB
:10139000AD3384F8AE2384F8B06384F8AB5384F89B
:1013A000AF0384F8AC130CA801F000FF0CA80821CF
:1013B00001F000FF04F27D310CA8412201F01AFF78
:1013C0000CA904AA202304F1080001F0C3FE0CA814
:1013D00001F0FAFE9DF810109DF82F009DF81130D5
:1013E0009DF82E209DF812609DF82D508DF810006C
:1013F0008DF82F109DF813009DF82C108DF81120FA
:101400008DF82E309DF814209DF82B308DF8125059
:101410008DF82D609DF815509DF82A608DF81310F9
:101420008DF82C009DF816109DF829008DF81430C9
:101430008DF82B209DF817309DF828208DF8156029
:101440008DF82A508DF816008DF817208DF8283069
:101450008DF829109DF818109DF827009DF8193077
:101460009DF826209DF81A609DF825508DF81800EB
:101470008DF827109DF81B009DF824108DF8192079
:101480008DF826309DF81C209DF823308DF81A50D9
:101490008DF825609DF81D509DF822608DF81B1079
:1014A0008DF824009DF81E109DF821008DF81C3049
:1014B0008DF823209DF81F309DF820208DF81D60A9
:1014C0008DF822508DF821108DF81F208DF82030D6
:1014D0008DF81E0094F87E0394F89D1394F87F23F2
:1014E00094F89C3394F8806394F89B5384F89D039C
:1014F00084F87E1394F8810394F89A1384F89C235B
:1015000084F87F3394F8822394F8993384F89B63AA
:1015100084F8805394F8836394F8985384F89A037A
:1015200084F8811394F8840394F8971384F899232A
:1015300084F8823394F8852394F8963384F898637A
:1015400084F8835384F8841384F8962384F88533CD
:1015500084F8970394F8860394F8951394F88723F6
:1015600094F8943394F8886394F8935384F895032B
:1015700084F8861394F8890394F8921384F89423DA
:1015800084F8873394F88A2394F8913384F893632A
:1015900084F8885394F88B6394F8905384F89203FA
:1015A00084F8891394F88C0394F88F1384F89123AA
:1015B00084F88A3394F88D2394F88E3384F89063FA
:1015C00084F88B5384F88C1384F88E2384F88D333D
:1015D00084F88F0394F89E0394F8BD1394F89F2326
:1015E00094F8BC3394F8A06394F8BB5384F8BD031B
:1015F00084F89E1394F8A10394F8BA1384F8BC23DA
:1016000084F89F3394F8A22394F8B93384F8BB6329
:1016100084F8A05394F8A36394F8B85384F8BA03F9
:1016200084F8A11394F8A40394F8B71384F8B923A9
:1016300084F8A23394F8A52394F8B63384F8B863F9
:1016400084F8B70384F8A41384F8B62384F8A53388
:1016500084F8A35394F8A65394F8A72394F8B433CA
:1016600094F8B50394F8A81394F8B36384F8B553C9
:1016700084F8B42394F8A95394F8AA2384F8A733E0
:1016800094F8B13394F8B0C384F8A60384F8B31384
:1016900094F8B20394F8AB1384F8A86384F8B253B7
:1016A00094F8AC6394F8AF5384F8B12384F8AA3368
:1016B00094F8AD2394F8AE3384F8A90384F8B013FA
:1016C000384604A984F8ABC384F8AF6384F8AC53FC
:1016D00084F8AE2384F8AD33FFF79AFA0DF56B7DED
:1016E000F0BDD4F81424002A3FF401AD02230021F8
:1016F00000930C920CAB064A0D9708460FF03CFB8A
:10170000F5E438461A461946FFF786FAEFE400BFBB
:10171000410C0400A8DF7047704700BF30B5044695
:1017200083B0083000F066F804F10C010DF10602F8
:101730000120FFF7EFFF054628B9044B04481C6061
:101740002146FFF7BFF8284603B030BD709900204E
:10175000B49D002030B44C68C460D1E90241054A10
:10176000054D0260054A8560C0E90441426030BC15
:10177000704700BF44F705005CF705000000111139
:1017800083790B70C3791370704700BF62DF7047B5
:1017900063DF7047704700BF10B504460EF0BCFD14
:1017A000204610BD034A02600022C0E90222827175
:1017B000828070475CF7050010B4054C81800022E0
:1017C00001210460C0E902225DF8044B8171704779
:1017D0005CF705008379012B0AD0826832B9C268B0
:1017E00022B9012B8CBF80200020704780207047D9
:1017F000102070472DE9F047857982B0002D47D140
:10180000C7680646002F47D010200CF015FA824614
:10181000384619F098F8441E30B3DFF88490A84693
:1018200004E00134023C1FD4102D1DD017F804C071
:10183000BCF12D0F07EB0402F3D099F80030ADF89E
:1018400005808DF8043012F8013C8DF80430102228
:10185000002101A88DF805C019F0F8FF6B1C023CAF
:101860000AF80500DDB2DFD5C6F808A0BAF1000F0E
:101870000ED0B11D5046FFF789FFB168321D102010
:10188000FFF786FFB0FA80F0400902B0BDE8F087AC
:10189000012002B0BDE8F087D0F808A0E6E700BF5D
:1018A00050F705004DDF70474EDF70474FDF704740
:1018B00050DF70474BDF704710DF70477CDF7047A9
:1018C0007DDF704760DF704769DF704761DF704719
:1018D00066DF704767DF7047704700BF0C200FF06E
:1018E000B5BC00BF30B5224C224D83B0D4F82807D8
:1018F0004FF0FF310CF086FE0028F7D0C5B101A8EB
:10190000FFF7D8FF0528F1D00028F8D1019B032B61
:101910001BD8012BF3D9184609F008FAEFE70A2B78
:1019200004D0092B21D00B2B02D10120FDF7D6FAD0
:1019300001A8FFF7BFFF0528D8D00028F8D1019BE8
:10194000A3F10902022AF3D8E9E7A3F10902022A66
:10195000D5D80A2B04D0092B05D00B2BCFD10120D1
:10196000FDF7BCFACBE70220FAE70220DEE700BF72
:10197000749900202DAD04002DE9F04F2DED028B60
:101980004FF4FA7089B00CF057F9B24E00F1080329
:1019900008EE103A054606F5F06706F5C86AD6F86F
:1019A00024074FF0FF310CF02DFE0028F7D04FF444
:1019B000FA730DF116012846ADF81630FFF786FFD1
:1019C00010B10528F3D1EAE7B5F80490B9F1130F87
:1019D00000F2398106EB8903D3F834473CB129463C
:1019E0002046FEF7C1FC9C482946FFF741FB2B88A7
:1019F000013B1B2B5AD8DFE813F0160159005900A0
:101A0000590059005900590059005900590059000E
:101A10005900590059005900B4001C0059005900E0
:101A200059005900590059005900590059005900EE
:101A3000A200DFF838824FF0000B58F8040F30B1E5
:101A4000FEF71EFC18B10BF1010B5FFA8BFBB845DA
:101A5000F3D1BBF1000F06D196F830371BB15946D0
:101A60000C200FF0B3FB2046FEF714FC012800F019
:101A7000EC80F26962B10223002195F808C000935E
:101A8000084606ABCDF81890CDF81CC00FF074F9DD
:101A900009F5E67806EB8803586810B103685B68BF
:101AA000984706EB88080023C8F8043029465046BA
:101AB000FDF7E2FD69482946FEF7DAFFB6F832374E
:101AC0004B452B8800F0B480102B1ED02CB3204641
:101AD000FEF7E0FB012803D15E482946FEF746FFEA
:101AE0002046FEF7D7FB02281BD05D48FEF726FDF7
:101AF00000BB5C482946FEF7B9FDD6F88837002BB5
:101B00003FF455AF2846984751E7EB7B012BDDD1D9
:101B1000AB88A6F83237002CD9D14E482946FEF7BB
:101B200025FF51482946FDF74DFE4D48FEF706FDBD
:101B30000028DED04A482946FEF702FDD9E7D6F84C
:101B40008427002AB2D00223002195F908C000930F
:101B5000084606ABCDF81890CDF81CC00FF00CF974
:101B6000A4E74FF00008D6F82C07CDF800804346D4
:101B7000424603213D4C0EF0BFF854F8040F30B13B
:101B8000FEF77EFB18B108F101085FFA88F8BC4245
:101B9000F3D196F830376BB1B8F1000118BF0121CD
:101BA0000C200FF013FB96F830371BB101210C20ED
:101BB0000FF00CFB09F5E67806EB8804606820B1AD
:101BC00003685B68984700236360EB7B012B0BBFC6
:101BD00096F8123796F8183796F8134796F819477B
:101BE000039334200EF094FB06EB8808039B0094CB
:101BF00018EE102A04464946FEF70EFB2046C8F8A8
:101C00000440FEF747FB012832D0B269002A3FF4B6
:101C10004DAF012300210093084606ABCDF8189084
:101C20000FF0AAF842E700214846FFF751FE3DE7D2
:101C3000102B3FF46AAF112B7FF448AF4FF6FF73C0
:101C4000A6F8323742E70446D1E6F268002A7FF46C
:101C500012AF1DE7749900209499002010A0002075
:101C600064A00020B49D002084990020A4A000203E
:101C7000B268002A3FF41AAF0021009006AB084674
:101C8000CDF818900FF078F810E700BF38B504468B
:101C9000FEF728FE04F11000FDF760FD04F12000BE
:101CA000FEF7DCFF04F58860FEF782FC04F5C860EF
:101CB000FDF7FEFB04F27C60FDF772FB04F29C6012
:101CC000FEF758FE04F5DE60FEF71EFC4FF480536D
:101CD0000025C4F8083716481649174AC4F80C07F7
:101CE00040F20113C4F81017C4F81427A4F81837E9
:101CF000A4F81A5704F234702946502217F026FF30
:101D000001224FF6FF73A4F81C5784F81E57C4F83D
:101D10002457C4F82857C4F82C57C4F88857C4F877
:101D2000845784F83027A4F83237204638BD00BFE6
:101D3000010A17000300010117000300F0B5BF4EB0
:101D400080F81C178DB080F81D2704460EF062FB4A
:101D50000EF068FB0EF026FB3369B949039303A824
:101D6000FFF7AAFD18B1002528460DB0F0BD0120EF
:101D7000FFF79AFD0120FFF795FD0120FFF796FD83
:101D800009A8FFF795FD099B9B0705D5AD4BD3F837
:101D90000435002B00F0FE800023AB4A94F80D5769
:101DA000049209A90120CDE909330B938DF8245041
:101DB000FFF78AFD0028D6D194F81D370B90CDE9A6
:101DC0000900181E18BF012094F81C578DF8270031
:101DD000049A8DF8263009A940208DF82550FFF788
:101DE00073FD0028BFD194F80C170990034661F3E6
:101DF0000003CDE90A00049A8DF8243009A9A02037
:101E0000FFF762FD0028AED1D4F808370A900B9096
:101E1000049A099309A9A120FFF756FD0028A2D131
:101E200094F81C37002B40F0B98094F81D37002B34
:101E300048D00023B4F81477049A0993022509A91D
:101E40002320CDE90A338DF82450ADF82670FFF732
:101E50003BFD002887D1CDE9090094F81D77B4F83F
:101E600016370B90049A8DF8245009A920208DF87C
:101E70002670ADF82830FFF727FD00287FF473AFF8
:101E80000990CDE90A0094F81837049A8DF8245087
:101E900009A922208DF82630FFF716FD00287FF4CF
:101EA00062AFCDE9090094F819370B90049A8DF8C8
:101EB000245009A921208DF82630FFF705FD0028C0
:101EC0007FF451AF04A8FFF7FDFC00287FF44BAF6F
:101ED000CDE9070040F0010307A902208DF81C306E
:101EE000FFF7F8FC00287FF43EAF2046FEF708FD20
:101EF000054600283FF437AF04F12000FEF7C4FE8A
:101F0000337D52498DF808300D2202A8FFF7D6FC28
:101F100000287FF428AF94F81D37002B40F088800C
:101F20000322002101200BF009FFC4F82407002838
:101F30003FF419AF05AB0326CDE90063444945489A
:101F400000234FF4A0620CF077FE324600210120FE
:101F50000BF0F4FEC4F8280700283FF404AF06ABEA
:101F6000CDE900633C493D480023C8220CF064FEE3
:101F70003B4B4FF480021A603A4B00930023184603
:101F800001224FF480710DF061FEC4F82C0700F0BF
:101F9000ADFDE9E60220FCF7A1FFFDE60990CDE9E1
:101FA0000A00B4F80E37049AADF82630012509A9C5
:101FB00023208DF82450FFF787FC00287FF4D3AE50
:101FC000CDE9090094F81C77B4F810370B90049A07
:101FD0008DF8245009A920208DF82670ADF82830FE
:101FE000FFF772FC00287FF4BEAE0990CDE90A002D
:101FF00094F81237049A8DF8245009A922208DF8FC
:102000002630FFF761FC00287FF4ADAECDE9090072
:1020100094F813370B90049A8DF8245009A92120C5
:102020008DF82630FFF750FC00283FF4FEAE9AE60C
:1020300004F11000FDF7A0FB72E700BFA8F7050050
:10204000D91804000070024000600020D8F5050097
:10205000A0F7050079190400A4F70500E5180400AD
:1020600000E100E0DD18040000B5084B85B01B7DE1
:10207000019108468DF80C3018F065FC019982B288
:1020800003A8FFF71BFC05B05DF804FBA8F70500EB
:1020900000B583B008460DF10601ADF80620FFF744
:1020A0000FFC20B99DF8060003B05DF804FB00208A
:1020B00003B05DF804FB00BF70B4234B0E46054629
:1020C0000FCB85B06C4607C49DF900202380B24237
:1020D00034D09DF90130B34230D09DF90230B34283
:1020E0002CD09DF90330B34228D09DF90430B3427F
:1020F00024D09DF90530B34220D0FEB19DF90730C0
:10210000B3421BD09DF90830B34217D09DF9093076
:10211000B34213D09DF90A30B3420FD09DF90B3072
:10212000B3420BD09DF90C30B34207D09DF90D306E
:10213000B34203D0002005B070BC7047012085F881
:102140001E6705B070BC7047C0F7050090F91E0708
:10215000704700BF70B5044682B0D0F82C070D461A
:102160000DF0F6FD4FF47A7206460023A90DA80281
:1021700017F092FA002302460421D4F82C070093AA
:102180000DF0BAFD0EB102B070BD0096D4F82C0768
:102190003346324603210DF0AFFD02B070BD00BFE3
:1021A00070B500F5E66400F5F065002654F8040FFC
:1021B00020B1FEF765F808B10136F6B2AC42F5D1B0
:1021C000304670BD132906D800EB8101D1F83407E1
:1021D00008B1FEF755B80020704700BFB0F83207CD
:1021E000704700BF01290CBFB0F80E07B0F8140704
:1021F000704700BF13299ABF00EB8101D1F8340763
:102200000020704710B5064C0021D4F828070CF0C8
:102210006DF8D4F824070021BDE810400CF066B832
:102220007499002090F8303703B9704710B582B028
:10223000D0F82C470CF0F0FE002302460093204615
:1022400001210DF059FD02B010BD00BFF0B583B003
:10225000002405462346D0F82C070094224603218B
:102260000DF04AFD05F5E66605F5F06756F8040F32
:1022700020B1FEF705F808B10134E4B2BE42F5D151
:1022800095F8303743B1211E18BF01210C2003B04F
:10229000BDE8F0400EF09ABF03B0F0BD0148FFF773
:1022A000F5BC00BF74990020C16180F83D207047E3
:1022B000016380F84220704770B584B0044641F64F
:1022C0000A016846FFF778FA69462046FFF742FAA6
:1022D0006846FFF75FFA20460E4B40F8183B242271
:1022E000002117F033FC0C4E0C480D4AE06200232D
:1022F0002364E36384F844300D250621132320462C
:10230000E66184F83D5084F84110226384F842303D
:1023100004B070BDF4F70500D8F50500D0F705004E
:10232000D8F705002DE9F0479AB00646FFF7F6F911
:102330008046002846D1336A002B4ED0736A002BAA
:1023400056D0C6F5275909F1270906F1140406F1FC
:10235000380706F13C0554F8043F04A873B3FDF7B1
:1023600049FD2268B36B09EB05019A4289B26846C0
:1023700008BF42F65021FFF71FFA694604A8FDF78F
:102380009FFD6846FFF706FA04A8FDF7A5FD0221A8
:1023900004A8FDF7A5FD297804A8FDF7A5FD04A86C
:1023A000FDF774FA824604A8BAF1000F0ED12A781C
:1023B0002168FDF7C5FD04A8FDF74EFABC4205F102
:1023C0000105C8D140461AB0BDE8F087FDF744FAD0
:1023D000D04640461AB0BDE8F0870EF077FD0446BF
:1023E00018F0B1FA736A346286F83E00002BA8D167
:1023F0000EF02CFD044618F0A6FA746286F83F0031
:102400009FE700BF10B5002304460122032100F01E
:102410008FF8044B2360002384F8AC30C4F8B0304C
:10242000204610BDBCF8050070B584B0457F9DF90D
:1024300020608DF8092000228DF80A308DF80B609D
:102440008DF8081080F8AC108DF80C20052335B9F4
:1024500002AA4FF6FF7100F067F804B070BD009358
:10246000032202AB4FF6FF7100F04CF804B070BDD0
:1024700030B5154B044693E8030085B0002301AA4C
:1024800001250290ADF80C10204602A9ADF80450C9
:1024900000F034F82046294600F028F82046294666
:1024A00000F026F820460949AB2200F023F8204628
:1024B00000F082FA044620B905480C220921FEF7F3
:1024C0004BFA204605B030BD00F8050008F80500BD
:1024D0007499002010B514460846FDF7FBFC2378DC
:1024E000003B18BF0123437710BD00BFC176704782
:1024F00001777047C0E90912704700BFC0E90B12AD
:102500004363704730B414461A46029B34B1013C11
:10251000E4B204EB840504EB4504E400C06B9BB219
:10252000204430BCFDF748BD006D9BB2FDF744BDB3
:102530002DE9F04184B004460E46684641F612018A
:1025400015461F46FFF738F969462046FFF702F99E
:10255000A0466846FFF71EF93A4B48F8543B42F64E
:102560004C216846FFF728F969464046FDF772FCA2
:102570006846FFF70FF90020334A26764FF40073C0
:10258000C4E90900C4E90C00C4E91000C4E913005F
:102590006576A776E2612384E062E076A063E0637B
:1025A000A06436B9EDB9A57E9DBB204604B0BDE858
:1025B000F0814FF05808082518FB065528460DF005
:1025C000A9FE00F10807C0E9008646193D462846E5
:1025D0005835FDF70FFCB542F9D1657EE763002D54
:1025E000E1D04FF05808082618FB056630460DF07C
:1025F00091FE00F10807C0E9008506443D462846E3
:102600005835FDF7F7FBB542F9D1A57E2764002DBB
:10261000CBD04FF05808082618FB056630460DF061
:1026200079FE00F10807C0E9008506443D462846CA
:102630005835FDF7DFFBAE42F9D12046676404B0A0
:10264000BDE8F081D0F80500000101012DE9F0435B
:10265000C37EB1B004460DF16808002B40F09180B4
:10266000037F002B40F08D80002533E0E36B03EB0C
:10267000C609FFF7A1F841464846FDF721FC404650
:10268000FFF788F8E06B12213844FDF729FCE06B76
:10269000002238442121FDF739FC05F10109E06BE6
:1026A0005FFA89F9384449460122FDF73DFCE36AA7
:1026B000E06B2DB22BB1384433F81510FDF714FC44
:1026C000E06B50F8363038449B6898470546002840
:1026D00053D14D46237E05EB850605EB4606AB42FE
:1026E000404642F64D214FEAC607BFD8637E002B15
:1026F00073D0002606E0206C4844FDF73DFC637E65
:10270000B3426AD9206C06EB860706EB470700EB5D
:10271000C70542F64D214046FFF74EF84146284690
:10272000FDF7CEFB4046FFF735F8206C4FEAC709AE
:1027300048440E21FDF7D4FB206C21221146484469
:10274000FDF7E4FB731C206C3546DEB2484431468D
:102750000222FDF7E9FB236B2BB1206C33F8151037
:102760004844FDF7C1FB206C50F8373048449B6863
:102770009847054601460028BDD0284631B0BDE83F
:10278000F08342F64E214046FFF716F858200DF030
:10279000BFFD41460546FDF75DFBA5634046FEF7DC
:1027A000F9FFA06B002800F08D800621FDF798FB53
:1027B000A06B0121FDF798FB7E49A06B0122FDF77C
:1027C000ABFBA06B03689B68984705460028D4D1F3
:1027D000617FA06BFDF7D0FB46E742F64B214046F8
:1027E000FEF7EAFF414604A8FDF734FB4046FEF73A
:1027F000D1FF04A8FDF770FB04A80221FDF770FBD0
:10280000002204A82121FDF781FB218D04A8FDF7FA
:102810006BFB04A8FDF73AF8054600284BD1228D42
:10282000616A04A8FDF78CFBE37E002B74D1237F43
:10283000002B4CD142F64A216846FEF7BDFF69469F
:102840004046FDF707FB6846FEF7A4FF4046FDF74C
:1028500043FB02214046FDF743FB00222121404675
:10286000FDF754FB04214046FDF73EFB4046FDF7D3
:102870000DF80546E0B9042204F11E014046543427
:10288000FDF75EFB20460421FDF72AFB29462122A5
:102890002046FDF73BFB20460121FDF725FB2046A6
:1028A000FCF7F4FF054618B920462946FDF764FBFE
:1028B0004046FCF7D1FF04A8FCF7CEFF284631B014
:1028C000BDE8F0830425284631B0BDE8F08342F628
:1028D00033214046FEF770FF58200DF019FD4146A8
:1028E0000546FDF7B7FA25654046FEF753FF206D14
:1028F0001221FDF7F5FA206D0521FDF7F5FA206D9F
:1029000000222121FDF702FB206D03689B68984798
:10291000054600288ED0CEE742F622214046FEF73B
:102920004BFF58200DF0F4FC41460646FDF792FAA5
:10293000A6644046FEF72EFFA06C1221FDF7D0FAE8
:10294000A06C0821FDF7D0FA2A46A06C2121FDF7E2
:10295000DDFAA06C03689B68984705460028AAD159
:1029600042F632214046FEF727FF58200DF0D0FCFA
:1029700041460546FDF76EFAE5644046FEF70AFF5C
:10298000E06C0E21FDF7ACFAE06C0121FDF7ACFA2A
:102990002122E06C1146FDF7B9FAE06C03689B68F0
:1029A00098470546002886D10146E06CFDF7E4FA19
:1029B0003DE700BFD5240400436A6BB1836A10B5BC
:1029C00004463BB1FEF7AAFE28B92046BDE81040F8
:1029D000FFF73CBE072010BD0720704700220121F1
:1029E0004270C0E901220170C2818281704700BF3C
:1029F00010B50446017001B110BD0A200BF0E0F9DA
:102A0000606010BD037810B5044643B10023012275
:102A10006370C4E90133E381A381227010BD406873
:102A20000BF06CFFF2E700BF002381608281C3815D
:102A3000704700BF037870B504460D46B3B94668C9
:102A4000012363704FF47A720023A802A90D16F0D7
:102A500023FE014630460BF0D5FD98B923780026B9
:102A60004FF0FF356670A3B9284670BD03220021E0
:102A700001200BF063F9064660600028E0D14FF0BA
:102A8000FF35F1E7E58923780026ADB26670002BAB
:102A9000EAD060680BF032FF6660284670BD00BF68
:102AA0004078704738B504468089824228BF024684
:102AB000154619B1A06817F021F8A089E389A2682A
:102AC00015FA83F3401B9BB22A44A081E381A260E4
:102AD000284638BD406820B100231A4619460BF03D
:102AE000A1B97047B1DF7047B2DF704708B50F4832
:102AF00007F0AAFF0E490D4802F08AFA28B10D49E5
:102B00000A4802F085FA50B108BD0949074802F0A9
:102B10009BFA0849054802F07BFA0028F4D1BDE889
:102B200008400449014802F08FBA00BF14A20020F7
:102B3000DCF80500F0F8050070B586B00E460323FA
:102B40000021054614460093044A0496084603AB48
:102B5000039505940EF010F906B070BD252E040003
:102B600070B586B00323144606460D460093104602
:102B700003AB044A05940721CDE903650EF0FCF888
:102B800006B070BD552F040030B50A4691B0897962
:102B90005379039111790293D378094D094C01912E
:102BA00000939378527801280CBF2946214604A847
:102BB00017F06AFE04A9044802F09EFA11B030BD75
:102BC00004F9050034F9050014A200202DE9F043B2
:102BD000D1B00B78032B04AF0D460446904668D95C
:102BE0005A08022A5ED14F4A4F49504BDFF84891AC
:102BF000012818BF11460022381D02F055FC4B4930
:102C000007F1680002F086FB07F1CC0611E00246EE
:102C1000414607F1680002F06FFC08F138022946CE
:102C20004846FEF759F9044678BB07F1680002F000
:102C3000D9FC0022391D304602F006FD07F1D00014
:102C40000DC8D7F8DC10D7F8E4407B67D7F8E83038
:102C500097F8E0C0F8663A67B967412207F1EC01DE
:102C600007F18800C7E9204387F87CC016F046FFCB
:102C700007F1680002F0E2FC044607F1680044B185
:102C800002F0E8FA5028D0D1C1E707F1680002F05D
:102C9000A9FC381D02F0A6FC204607F59A77BD4630
:102CA000BDE8F0830024204607F59A77BD46BDE8CD
:102CB000F083E9468CB08979AB786A7803916979B9
:102CC0000291297901911A4E1A49E878009004ADD1
:102CD000012C08BF3146284607F1CC0617F0D4FD79
:102CE0001249304602F016FB29463046002202F017
:102CF000BFFB044650B90024304602F073FC204666
:102D0000CD4607F59A77BD46BDE8F083304602F020
:102D1000A1FA021EEFDD92B24146304602F0ECFB12
:102D2000EAE700BFF0F80500DCF8050014A2002077
:102D300004F9050034F9050094990020F0B5ADB010
:102D400095799378344E14465278039565790295B7
:102D500094F804C0CDF804C0304DE478009404AF7A
:102D60000C4601280CBF3146294607F10C0017F02C
:102D70008BFD2B4B07F10C0107F13C00002202F008
:102D800093FB07F13C0002F059FC40B9002407F125
:102D90003C0002F027FC2046A437BD46F0BD07F1F9
:102DA0003C0002F057FA051E08DD07F13C0002F076
:102DB000E1FB291807F13C0002F0BEFB07F13C00E3
:102DC00002F048FA051E08DD07F13C0002F0D2FBD4
:102DD000291807F13C0002F0AFFB07F13C0002F0BC
:102DE00039FA0028D2DDC31D23F007036D46ADEB91
:102DF000030D82B204A907F13C00C7E9001202F0FA
:102E00007BFB2046D7E900120323FFF76BFEB0FAE5
:102E100080F46409AD46BAE704F9050034F9050009
:102E200014A20020F0B5B5B092F84E5092F84A3096
:102E3000434E144692F84920039594F84D5002955C
:102E400094F84C50019594F84B5000950D463D492F
:102E500004AF012818BF314607F12C0017F014FD0C
:102E6000394807F12C0102F0D3F86E4600284AD108
:102E7000354B07F12C0107F15C00012202F014FB35
:102E800007F15C0002F0DAFB18B9C437B546BD465D
:102E9000F0BD502107F15C0002F00AFA50222146F1
:102EA00007F15C0002F042F90023294627487B61C4
:102EB000C7E90333C7E90633C7E90833BB62FFF745
:102EC00099F907F10C012022FDF7FEFA3B7B03B3D1
:102ED00007F10C0017F037FD013082B2C1B207F1E3
:102EE0005C007A6002F0E4F97A6807F10C0107F1FE
:102EF0005C0002F01BF907F15C0002F073FBC437C1
:102F0000B546BD46F0BD07F12C010F4802F0F4F8BC
:102F1000AEE794F8491094F84D3094F84E200391A0
:102F200094F84A10029194F84B10019194F84C10C7
:102F3000009107F10C00064917F0A6FCC8E700BF96
:102F400034F9050004F9050014A20020749900204A
:102F500064F905002DE9F043ADB00C4604AF002143
:102F6000032306461546204607F10A027981FFF73A
:102F7000BBFD7B89E84623B9A437C546BD46BDE8FD
:102F8000F0830733DB08A8EBC3039D460DF110095E
:102F9000204607F10A0249460323FFF7A5FD044630
:102FA0000028E9D1A979AB786A780391697902910F
:102FB000297901913D483E49ED780095012E08BFE1
:102FC000014607F10C0017F05FFC3A4B07F10C01CA
:102FD00007F13C00012202F067FA07F13C0002F021
:102FE0002DFB0028C8D0214607F13C0002F0A4FACE
:102FF00007F13C0002F02EF9041E08DD07F13C0049
:1030000002F0B8FA211807F13C0002F095FA07F136
:103010003C0002F01FF9041E08DD07F13C0002F03D
:10302000A9FA211807F13C0002F086FA07F13C00EA
:1030300002F010F97C8980B2A04213D0E1B207F10E
:103040003C0002F035F92246494607F13C0002F007
:103050006DF807F13C0002F0C5FAA437C546BD463D
:10306000BDE8F083E31D6D46DB08A5EBC3039D4679
:1030700004A9224607F13C00796002F03DFA796824
:103080007A89484616F02CFD08B9AD46E1E707F10C
:103090003C0002F08BFA7B89DB43191807F13C00F6
:1030A00002F04AFAAD467C89C8E700BF04F9050082
:1030B00034F9050014A2002038B590F8E8500DB19D
:1030C000284638BD012380F8E83004460FF0FCFFA5
:1030D0000028F5D12046BDE8384000F0ADB800BF6B
:1030E00010B5044C204600F0A3F8002384F8E83023
:1030F00010BD00BF00A1002003680A689A4201D0F9
:103100000020704770B5044684B04FF453700D46EC
:103110000AF092FD0646B0B10C4800F0ABF8234629
:103120000435002153F8042B0095CDE901610849CD
:103130000FF064FE044630460AF098FDB4FA84F0BD
:10314000400904B070BD002004B070BD00A1002093
:10315000D91B0500F0B585B006464FF453700D46F7
:10316000174603930AF068FD78B1044600903A468A
:10317000281D311D03AB0FF0BFFE054620460AF0A7
:1031800075FD15B9039805B0F0BD002005B0F0BD80
:1031900000220260704700BF10B5044608460FF0D9
:1031A0001DFF2060003818BF012010BD0022026002
:1031B000704700BF10B5044608460FF00FFF2060AF
:1031C000003818BF012010BD00230360704700BF06
:1031D00000B583B00430019201AB0A4604210FF020
:1031E00087FD18B9019803B05DF804FB002003B017
:1031F0005DF804FBF0B5044683B04FF463700E46EF
:1032000017460AF019FD054678B1019054F8040BF1
:1032100000943A46314601230FF0A6FC04462846A6
:103220000AF024FDB4FA84F0400903B0F0BD00BFF9
:10323000002280F8E420704770B590F8E4400CB1AB
:10324000204670BD012380F8E43005464FF4BF509E
:103250000AF0F2FC06460028F2D0314628460EF06D
:10326000A7FE0446B4FA84F4304664090AF0FEFC72
:10327000204670BD704700BFF0B5044687B01C20E3
:103280000DF046F801254FF0100C0026D4E9051288
:103290003346CDF800C0CDE901560746039500F04E
:1032A000CDF827601C200DF033F8CDE902650195BB
:1032B0001123D4E9051207460093334600F0BEF807
:1032C00067601C200DF024F8CDE9026501951223FA
:1032D000D4E9051207460093334600F0AFF8A76023
:1032E0001C200DF015F8CDE9026501950B23D4E9FA
:1032F000051207460093334600F0A0F8E7601C2053
:103300000DF006F8CDE9026501952527D4E90512EF
:1033100033460097064600F091F8616826612A4618
:1033200004A8022300F040FA294604A800F0CCFAD1
:1033300001E00AF065FC04A800F03EFA0128F8D08C
:1033400021680423032204A800F02EFA022104A815
:1033500000F0BAFA012321681A4604A800F024FA02
:1033600004A8012100F0B0FA012007B0F0BD00BFB1
:10337000704700BF70B500268EB0044686611020ED
:10338000CDE904210CF0C4FFDDE90421054600F07D
:1033900039FB65612846012100F03EFB08B90EB0FB
:1033A00070BD01230F22CDE9002303930296D4E9D7
:1033B0000512334607A800F041F807A800F024F9E9
:1033C000B12802D030460EB070BD2046FFF754FF42
:1033D0000EB070BD30B58DB00124D0E905120023C8
:1033E000039403252824CDE9015305A8009400F097
:1033F00025F805A800F008F9030248BF40F07F4017
:1034000015F08AFC044B002215F0F0FC15F0E6FFE5
:1034100000EE100A0DB030BD0000303F10B582B094
:103420000C46042301680322684600F0BDF92146DA
:10343000684600F049FA02B010BD00BF70B49DF8B4
:103440001850426000269DF8142001600373BDF8F7
:103450000C109DF8103086614574C18170BC827477
:1034600003747047F0B5C58985B004460068ADF8AF
:103470000C5040B1637C019303AB0093012300F037
:10348000E1FA05B0F0BD60680B461746E8B194F864
:103490000CC0BCF1030FEEB22AD0BCF1000F0FD06C
:1034A000BCF1020F1AD166F07F068DF80C60627CC9
:1034B000009219463A4603AB00F042FB05B0F0BD5E
:1034C00006F07F068DF80C60F1E7A0680028D8D0E0
:1034D0000092627C03A900F085FAD2E7BCF1010FEB
:1034E000E5D106F07F0646F040068DF80C60DEE779
:1034F000637C8DF80D6001332D0A009325F00105E2
:1035000003AB8DF80C5000F01BFBBAE702B9027C4C
:10351000042A4DD870B5816184B09AB1837C002BA8
:1035200035D08318012A4FEA112499740AD0022A4F
:103530005C744FEA114405D0032A1C744FEA1161F0
:1035400000D0C174C3890568ADF80C30DEB21C0A26
:1035500000F113014DB1437C019303AB0093284666
:10356000012300F06FFA04B070BD436813B3057B0C
:10357000032D39D045BB06F07F068DF80C60407CEA
:103580000090184603AB00F0DBFA04B070BD012ACE
:10359000C1744FEA1123D5D0022A03754FEA1143B3
:1035A000D0D0032A43754FEA1161CBD08175C9E7AA
:1035B0000020704784682CB30092427C0B46204662
:1035C00003A900F00FFACEE7022D04D166F07F06C2
:1035D0008DF80C60D3E7012DD1D106F07F0646F0BF
:1035E00040068DF80C60CAE7407C8DF80D60013014
:1035F000009024F00104184603AB8DF80C4000F055
:103600009FFAB0E72046AEE7F0B5C289044685B020
:1036100000F113030068217CADF80C20002832D0A3
:103620000022CDE9001203A9627C00F039FA0028DB
:103630003FD0237C002B45D0A27C8AB1012BE07CBB
:103640000CD0227D022B42EA002007D0627D032BA2
:1036500042EA002002D0A37D43EA002005B0F0BD7D
:103660001C44012BA07CF9D0627C022B42EA002092
:10367000F4D0227C032B42EA0020EFD0E37B43EA24
:10368000002005B0F0BD6068F8B1257B032DD6B2EF
:103690002BD095B1022D21D106F07F068DF80C605C
:1036A000FF22CDE9001203A9627C00F0F7FB00289D
:1036B000BFD14FF0FF3005B0F0BD66F07F068DF84A
:1036C0000C60EDE7184605B0F0BDA0680028F0D00A
:1036D0000091627C03A900F075F9A8E7012D04BFF1
:1036E00066F03F068DF80C60DAE7677C0091120AFD
:1036F000FF2142F0010501917A1C03A98DF80C50BD
:103700008DF80D6000F0CAFB91E700BF70B5C58968
:1037100084B004460068ADF80C500B4640B100215F
:103720000092627C019103A900F0BAF904B070BD67
:103730006068C0B1217B0329EEB224D071B10229A7
:103740001AD106F07F068DF80C600092FF21627C92
:10375000019103A900F0A2FB04B070BD66F07F06E2
:103760008DF80C60F1E7A0680028DFD00092627C41
:1037700003A900F027F9D9E7012904BF66F03F0645
:103780008DF80C60E1E7647C0092FF212D0A45F082
:1037900001050191621C03A98DF80C508DF80D6094
:1037A00000F07CFBC2E700BF10B45DF8044B016081
:1037B00002714371704700BFF0B5046885B0E389BA
:1037C000ADF80C3005462068267CDFB2190A04F1FA
:1037D0001303002838D00021627C0191009603A9D0
:1037E00000F05EF9002844D0227C002A49D0A37C56
:1037F000C3B1012AE37C0CD0217D022A41EA0323D4
:1038000007D0617D032A41EA032302D0A27D42EA68
:10381000032329796A7901208840D3400138184070
:1038200005B0F0BD1444012AA37CF2D0617C022AC9
:1038300041EA0323EDD0217C032A41EA0323E8D0A7
:10384000E27B42EA0323E4E76068E0B1227B032ADB
:1038500029D08AB1022A1FD107F07F078DF80C709A
:10386000FF21627C0191009603A900F017FB00285C
:10387000BAD14FF0FF33CCE767F07F078DF80C70BB
:10388000EEE71346C5E7A0680028F2D0627C0096F8
:1038900003A900F097F8A5E7012A04BF67F03F07E6
:1038A0008DF80C70DCE7627C00964FF0FF0C41F065
:1038B00001060132CDF804C003A98DF80C608DF823
:1038C0000D7000F0EBFA8DE7F8B5056806460C467A
:1038D0002A7C05F113012846FFF718FF00286CD059
:1038E0002B7C002B6CD0AA7C002A3AD0012BEF7CD9
:1038F0000CD02A7D022B42EA072707D06A7D032BD2
:1039000042EA072702D0AB7D43EA07273068027CF2
:10391000042A3BD83179757901238B40013B03EAB6
:103920000401AB40A94027EA03031943816192B126
:10393000837C6BB38318012A4FEA112499740AD04F
:10394000022A5C744FEA114405D0032A1C744FEA22
:10395000116100D0C174BDE8F84000F11301FFF718
:1039600081BD1D44012BAF7CD0D06A7C022B42EA82
:103970000727CBD02A7C032B42EA0727C6D0306822
:10398000EB7B027C042A43EA0727C3D90020F8BD59
:10399000012AC1744FEA1123DDD0022A03754FEAD0
:1039A0001143D8D0090E032A18BF81754375BDE8AD
:1039B000F84000F11301FFF755BD4FF0FF37A5E7C1
:1039C0001F46A3E730B4047CBDF8085034B18468C6
:1039D00024B10295A446406930BC6047002030BC49
:1039E000704700BF30B4047CBDF8085034B1C468DF
:1039F00024B10295A446406930BC6047002030BC29
:103A0000704700BF30B4002520240572C4600170E7
:103A100030BC4260704700BF38B5044640680D4670
:103A2000F6F712FC0120207205B938BD21786068D4
:103A3000F6F724FD6068F6F789FDB0FA80F04009DA
:103A400038BD00BF2DE9F041079F0446C068154608
:103A50003A44824202D90020BDE8F0810E466068F7
:103A600021789846F6F70AFD4FB1069B3BB1606896
:103A7000194603683A465B689847B842EBD16068DC
:103A8000036831465B682A4698478542E3D16068FF
:103A90004146F6F7FDFCB0FA80F04009BDE8F08140
:103AA0002DE9F0470446C068DDF820809DF82470B9
:103AB000824202D90020BDE8F08760680E46217876
:103AC00015469946F6F7DAFC6068036831465B688C
:103AD0002A4698478542EDD160683946F6F7D8FC0A
:103AE0000028E7D10746B8F1000F25D0E368217818
:103AF0006068A8EB07059D4228BF1D46A8EB05039B
:103B0000BB428CBF00230123EAB2F6F723FC8542B7
:103B1000D0D175B14FF0000A5646606803681B6942
:103B20009847013609EB0A03B6B2B542D855B246FA
:103B3000F3D82F44B845D9D80120BDE8F08700BF9D
:103B40002DE9F04F044687B00068109DCDE90221B1
:103B5000994620B1636893E8060000F0E1FB94F910
:103B60000E00461C40F09581002D5CD009EB050B42
:103B70009B4F0BF1FF33019309F1FF3947F0010728
:103B8000206819F8018F8DF81780002840F07581A2
:103B9000237B944EA268B6FBF2F6002B0CBF0125E6
:103BA000802518EA050FF6B20CBF4FF0010A4FF05E
:103BB000000A4FEA861B0EB15846B847637B13F0E4
:103BC000FD0F00F01181032B00F0EA80A269E36A87
:103BD00011680B43136016B15846B847A26994F9AF
:103BE0001030013309D06069636A016818EA050F73
:103BF00014BF0B4321EA030303601168E36A21EA5F
:103C00000303136094F9113001331CBFE3691B688F
:103C1000237B002B40F013816D0015F0FF05CAD106
:103C2000019B9945ACD1029B002B58D01A46924675
:103C3000039A6B4B92440AF1FF31019102F1FF3B71
:103C400043F0010820681BF8017F8DF817700028E9
:103C500040F01981237B634EA268B6FBF2F6002B7D
:103C60000CBF012580252F42F6B20CBF4FF0010991
:103C70004FF000094FEA861A0EB15046C047637BE9
:103C800013F0FD0F62D0032B40D0A269E36A1168E4
:103C90000B43136016B15046C047A26994F9103027
:103CA000013308D06069636A01682F4214BF0B4377
:103CB00021EA030303601168E36A21EA0303136046
:103CC00094F9113001331CBFE3691B68237BABB946
:103CD0006D0015F0FF05CFD1019B9B45B2D194F942
:103CE0000E00451C02D001210DF070FA206808B1C9
:103CF00000F078FB012007B0BDE8F08F6B10DDB25B
:103D0000002BB9D1019B9B459CD1E8E794F9103079
:103D1000013308D06169636A0A682F4214BF1343F4
:103D200022EA03030B60A269E36A116821EA030334
:103D30001360002E00F097805046C047A169E36AE7
:103D40000A6813430B605046C047B9E794F9103036
:103D50005A1C10D017EA050014BF012300234B455D
:103D600009D06169636A0A68002800F08180134302
:103D70000B604FF00109A269E36A11680B431360FD
:103D800016B15046C047A26994F9113001331CBFE7
:103D9000E3691B681168E36A21EA0303136095E78E
:103DA00094F91030013309D06169636A0A6818EA2E
:103DB000050F14BF134322EA03030B60A269E36AF1
:103DC000116821EA03031360002E47D05846B84714
:103DD000A169E36A0A6813430B605846B84711E7C4
:103DE00090F9050020A1070094F91030591C0ED05D
:103DF00018EA050014BF01230023534507D0616969
:103E0000636A0A6828B313430B604FF0010AA26982
:103E1000E36A11680B43136016B15846B847A269AC
:103E200094F9113001331CBFE3691B681168E36A20
:103E300021EA03031360237B002B3FF4EDAE6B10EC
:103E4000DDB2002B7FF4B7AE019B99457FF498AEAD
:103E5000E9E622EA030382460B60D8E71168E36AC9
:103E60000B431360CEE61168E36A0B43136027E748
:103E700022EA030381460B607DE701220DF1170161
:103E800000F0B6FACCE601220DF1170100F0B0FA0D
:103E900022E700210DF09AF966E600BF2DE9F04F08
:103EA000824687B000689DF844B002938846144665
:103EB00028B1DAF8043093E8060000F031FA9AF9F4
:103EC0000E00451C40F0E381002C6BD008EB040988
:103ED00009F1FF33A64E019308F1FF3346F00106C6
:103EE0009946CDF80CB0DAF8000019F8017F8DF88A
:103EF0001770002840F0BD819AF80C309D4DDAF81B
:103F00000820B5FBF2F5002B0CBF012480242742CA
:103F1000EDB20CBF4FF001084FF000084FEA851BCF
:103F20000DB15846B0479AF80D3013F0FD0F00F070
:103F30004881032B00F02081DAF81820DAF82C30C1
:103F400011680B4313601DB15846B047DAF81820CA
:103F50009AF9103001330AD0DAF81400DAF8243074
:103F60000168274214BF0B4321EA03030360116871
:103F7000DAF82C3021EA030313609AF91130013387
:103F80001CBFDAF81C301B689AF80C30002B40F08C
:103F90004B81640014F0FF04C2D1019B4B45A2D1B8
:103FA000DDF80CB0109B002B70D00299704ACB1832
:103FB000013B02934B1E019342F00108DAF8000026
:103FC0008DF817B0002840F05A819AF80C20694EFD
:103FD000DAF80830B6FBF3F6002A0CBF012480247F
:103FE0001BEA040FF6B205460CBF4FF001094FF073
:103FF0000009B7010EB13846C0479AF80D3013F0EA
:10400000FD0F7FD0032B56D0DAF81820DAF82C30C9
:1040100011680B4313601EB13846C047DAF8182008
:104020009AF9103001330BD0DAF81410DAF8243092
:1040300008681BEA040F14BF034320EA03030B6064
:104040001168DAF82C3021EA030313609AF9113071
:10405000013307D0DAF81C20DAF8283012681A4247
:1040600018BF25439AF80C3003BB640014F0FF041A
:10407000C0D19AF91130013308BF9DF81750019B48
:10408000029A03F8015F9342019397D19AF90E00C7
:10409000441C02D001210DF099F8DAF8000008B1B3
:1040A00000F0A0F9012007B0BDE8F08F6310DCB28A
:1040B000002B9FD1DDE79AF9103001330BD0DAF8ED
:1040C0001410DAF824300A681BEA040F14BF1343F3
:1040D00022EA03030B60DAF81820DAF82C301168B2
:1040E00021EA03031360002E00F0B3803846C04776
:1040F000DAF81810DAF82C300A6813430B603846E7
:10410000C047A3E79AF910305A1C12D01BEA0401E9
:1041100014BF012300234B450BD0002900F09F80E2
:10412000DAF81410DAF824300A6813430B604FF001
:104130000109DAF81810DAF82C300A6813430B601A
:104140001EB13846C047DAF818109AF91130013319
:1041500007D0DAF81C20DAF8283012681A4218BFA3
:1041600025430A68DAF82C3022EA03030B6079E76A
:1041700090F9050020A107009AF9103001330AD008
:10418000DAF81410DAF824300A68274214BF13430F
:1041900022EA03030B60DAF81820DAF82C301168F1
:1041A00021EA03031360002D4DD05846B047DAF8DA
:1041B0001810DAF82C300A6813430B605846B047E1
:1041C000DBE69AF91030591C10D017EA040014BF2E
:1041D00001230023434509D0DAF81410DAF824301B
:1041E0000A6858B313430B604FF00108DAF818203F
:1041F000DAF82C3011680B4313601DB15846B047F4
:10420000DAF818209AF9113001331CBFDAF81C30A3
:104210001B681168DAF82C3021EA030313609AF85E
:104220000C30002B3FF4B5AE6310DCB2002B7FF4F2
:1042300077AE019B4B457FF456AEB1E622EA03030D
:1042400080460B60D2E71168DAF82C300B4313601C
:1042500093E61168DAF82C300B431360F6E6DAF8CF
:104260001420DAF82430106820EA0303894613602A
:104270005FE701220DF1170100F0BAF88DE6012287
:104280000DF1170100F0B4F89DF81750F7E6002182
:104290000CF09CFF18E600BF437C03B1704730B5BB
:1042A0004FF4807285B002820321FF2201930446FD
:1042B0008DF803208DF806208DF80510827B417B58
:1042C0008DF800204FF080451A4602958DF80110B8
:1042D000057BC373694603938DF802500CF024F9F3
:1042E000A37B1F2B86BF03F01F030C4A4FF0A04295
:1042F00003F5E07340F2013142F82310637B1F2B7A
:1043000086BF03F01F03054A4FF0A04203F5E07398
:1043100040F2033142F8231005B030BD00030050D5
:1043200010B483B002AB03E906009DF805109DF8B8
:1043300004200368013918BF01210024022AC3F8B0
:1043400000450C460174C27332D0032A2DD0012AD5
:1043500028D0224A0099B2FBF1F2B2F5007FC3F8EF
:10436000544504D2FF2A0DD94FF0806101E04FF08F
:1043700000710722C3F82415C3F8002503B05DF8C7
:10438000044B70477F2A16D83F2A17D81F2A18D8FF
:104390000F2A19D8072A02D811498B4217D04FF09B
:1043A0000041E6E741F00204D3E741F00604D0E71C
:1043B00041F00404CDE74FF00061DAE74FF080519F
:1043C000D7E74FF00051D4E74FF08041D1E7032AFF
:1043D0008CBF4FF020614FF0A051CAE70090D0038E
:1043E00000F0024003680022C3F80025704700BFB8
:1043F0008AB32DE9F041074684B00C4615464FF6C6
:10440000FF7845452E464FF0000269463846009435
:1044100028BF464654B1CDE9016403960CF0C6F9B5
:10442000AD1B3444EDD104B0BDE8F0814FF6FF7808
:1044300004E045452E46009428BF464600226946C2
:104440003846CDE9014403940CF0B0F9AD1BF0D12E
:1044500004B0BDE8F081704730B587B001230D4648
:104460000DF10704002202A9CDE903348DF80750AD
:10447000029405930CF09AF99DF8070007B030BD3F
:104480000F49104A1048114B70B44D6A0C6A1573ED
:1044900001251060886A15714E6E947350734C6FCD
:1044A000886E0B4D1E7300219C735873D17311825B
:1044B0001971D97319821D60916070BC9960704741
:1044C00008080600ECA1002000F0024000A2002035
:1044D0000030024010B50446406A064B236010B11C
:1044E00003685B689847A06A10B103685B689847E7
:1044F000204610BDA0F905002DE9F0418EB04FF027
:104500000F0C012600252B4604460F46D0E9071262
:10451000CDF800C0CDE90165039607A8FEF78EFF30
:1045200007A8FFF771F8C0B2B12803D028460EB033
:10453000BDE8F081BFB2394AA78100233744E78143
:10454000226163611C200BF0E3FECDE902561023CB
:1045500000930196D4E907122B460746FEF76EFF3B
:10456000E7621C200BF0D4FECDE902561123009324
:104570000196D4E907122B460746FEF75FFF276333
:104580001C200BF0C5FECDE90256122300930196C4
:10459000D4E907122B460746FEF750FF67631C203D
:1045A0000BF0B6FECDE902560C2701960097D4E930
:1045B00007122B468046FEF741FF2046C4F838809C
:1045C00000F0F2F80423E16A032205A8FFF7ECF8F3
:1045D00005A80321FFF778F92A468421606B6576E8
:1045E000FEF794FF38460BF093FE0D49A062034698
:1045F0002622C3E900129C6038460BF089FE094967
:104600008460034625226062C3E900120A2009F093
:10461000F7FA30460EB0BDE8F08100BF0000C84296
:10462000F4F90500D8F9050010B50446406A084BB6
:10463000236010B103685B689847A06A10B10368F3
:104640005B68984720460BF067FE204610BD00BF10
:10465000A0F9050030B583B00C460546C16A0423B5
:1046600003226846FFF7A0F821466846FFF72CF9B9
:10467000B4FA84F14909697603B030BD704700BFD0
:10468000704700BF704700BF10B504460BF044FEF2
:10469000204610BD10B504460BF03EFE204610BD6E
:1046A00038B5282204460846002115F04FFA0A4979
:1046B0000A4D0B2216F061F90022C27203466468AB
:1046C0001C61012406480749DC6006245A625C61CB
:1046D000DD619861196238BDACF9050000008243C4
:1046E00000809D4418F57F3938B5282204460846D5
:1046F000002115F02BFA0A490B2216F03EF9002290
:10470000C272034664681C61012406480649DC60E5
:104710000D25064C5A625D61DC619861196238BDF5
:10472000B4F905000000D2429C50083B0000F0C1E3
:10473000084A02604FF07E510022C0E90722C0E91A
:104740000922C0E90B22C0E90D2201614161028307
:10475000704700BFC4F9050070B50446C069002564
:1047600082B01E46256228B1CDE900120BF0D4FDBF
:10477000DDE900121020CDE900120BF0C9FDDDE9E2
:1047800000120546FFF73EF9E56128460121FFF7D3
:1047900043F938B123689B683146204602B0BDE832
:1047A0007040184702B070BD00B583B0016B0223A2
:1047B00068460122FEF7F8FF68460121FFF784F8FA
:1047C00001E009F01DFA6846FEF7F6FF03460120F6
:1047D000002BF6D103B05DF804FB00BF2DE9F047D4
:1047E000026A94B00446002A72D0077E47F0A806F9
:1047F00047F0AB07637E0DAD002B53D100964FF011
:10480000010A0026CDE9026A4FF00308CDF80480C2
:10481000E16933464FF0020906A8FEF70FFECDE925
:10482000026ACDE900793346D4E907122846FEF73B
:1048300005FE4A4605A92846FEF768FF9DF9153092
:104840009DF81450424645EA032505A906A8FEF73F
:104850005DFFB542BCBF55442DB207EE905A94EDB2
:10486000046ABDF815309DF81400D4ED056AF8EE21
:10487000E77A40EA032087EE867A030244BF00F11C
:104880007F40013077EE267AC4ED017A14F044FAC5
:10489000114B002214F0AAFA14F0A0FDA06014B08D
:1048A000BDE8F087216B284600230122FEF77CFF3C
:1048B00028460121FFF708F801E009F0A1F9284690
:1048C000FEF77AFF03460120002BF6D1226A95E716
:1048D000AB27A8268EE700BF0000303F70B5054625
:1048E00080680C46FFF77AFFAE6809F07DF9202258
:1048F00005460021201D15F029F9B389B2686261CF
:1049000063602421062321602561A360012070BD1E
:1049100070B5054680680C46FFF760FFAE6809F089
:1049200063F9202205460021201D15F00FF9F389B7
:1049300072686261636024210D2321602561A36098
:10494000012070BD2DE9F0410D461446064609F0E0
:104950004BF907463046FFF741FF281D2022002172
:1049600015F0F4F8B189B36869604FF024080621A6
:10497000A9606B6120222F61C5F80080201D0021F5
:1049800015F0E4F87268F18962610D23C4F80080C3
:1049900061602761A3600120BDE8F0810022C0F8BA
:1049A0001620C0F81A208277704700BFF8B52C4F48
:1049B00000F10F06044607F13805314607F14000C3
:1049C000002200F09DFA31462846012200F098FAB4
:1049D000207CE27B617CA37C42404A405A4082EAD0
:1049E000520253B283EA920282EA1212314602F074
:1049F0000102284600F084FA204600F05BFA3146B6
:104A000007F14400002200F07BFA314607F148002C
:104A1000002200F075FA314607F15000002200F044
:104A20006FFA31462846012200F06AFA207CE27BC8
:104A3000617CA37C42404A405A4082EA520253B20F
:104A400083EA920282EA1212314602F001022846FB
:104A500000F056FA204600F02DFA2046F8BD00BFBF
:104A600028FA050070B504461D4600F0DDF928203F
:104A700009F0C6F82068F5F7E7FB002D53D1661D55
:104A8000204600F0E1F93146304800F02DFA04F1FB
:104A90000F05024629462E4800F032FA31462D48CD
:104AA00000F022FA294602462B4800F029FA314646
:104AB0002A4800F019FA29460246294800F020FA4F
:104AC00029460122274800F01BFA294600222648E1
:104AD00000F016FA29460022244800F011FA29466F
:104AE0000022234800F00CFA29460122214800F058
:104AF00007FAE27B267C617CA37C1E4872404A4018
:104B00005A4082EA520253B283EA920282EA1212B5
:104B1000294602F0010200F0F3F9204600F0CAF93C
:104B200000B9207570BD002120682579F5F7A6FC35
:104B3000206803685E2D0CBFFF2100211B68984789
:104B400020680121F5F7A4FC99E700BF54FA05009D
:104B500080FA050058FA050084FA05005CFA0500A1
:104B600088FA05007CFA05006CFA050070FA050069
:104B700078FA050060FA0500024901235E22FFF77A
:104B800071BF00BF9C8B0020F0B5037D83B004464D
:104B9000002B00F095800027012B0FD00721204625
:104BA00000F06AF980B1651D01272946654800F0CB
:104BB0009BF90130A077384603B0F0BD03212046B1
:104BC00000F05AF90028EED1651D29465E4800F034
:104BD0008BF9294606465D4800F086F9030176B256
:104BE000DBB243EA06231B11E3822946584800F052
:104BF0007BF929460646574800F076F9030176B25C
:104C0000DBB243EA06231B1123832946524800F0F6
:104C10006BF929460646514800F066F9030176B261
:104C2000DBB243EA06231B11638329464C4800F09C
:104C30005BF9294606464B4800F056F9360336B272
:104C400046EA001646F30B16A683002F30D004F177
:104C50000F0100224448019100F052F901994348A4
:104C6000002200F04DF901994148002200F048F976
:104C700001994048012200F043F9E27B267C607CE8
:104C8000A37C0199724042405A4082EA520253B2D8
:104C900083EA920282EA1212364802F0010200F020
:104CA0002FF9204600F006F900287FF47EAF20752A
:104CB0003148294600F018F9071E18BF022774E78B
:104CC00000F10F0101222848019100F019F9019922
:104CD0002648012200F014F901992548012200F02C
:104CE0000FF901992348012200F00AF9E27B257CA3
:104CF000607CA37C01996A4042405A4082EA520299
:104D000053B283EA920282EA12121A4802F00102B6
:104D100000F0F6F8204600F0CDF838B904232375EA
:104D20000A2008F06DFF0127237D35E7237D134A14
:104D300003EB430302EB4303651D988808F060FF13
:104D4000012732E748FA050028FA05002CFA050089
:104D500030FA050034FA050038FA05003CFA05007F
:104D600040FA050044FA05006CFA050070FA0500E7
:104D700078FA050060FA05004CFA050008FA05000B
:104D8000B0F9160007EE900AF8EEE77A08B517EECC
:104D9000900A13F0D3FF06A3D3E9002314F026F8FA
:104DA00014F01CFB00EE100A08BD00BFAFF300803A
:104DB0004A0C022B8716B93FB0F9180007EE900A8B
:104DC000F8EEE77A08B517EE900A13F0B7FF06A3DE
:104DD000D3E9002314F00AF814F000FB00EE100AE7
:104DE00008BD00BFAFF300804A0C022B8716B93F05
:104DF000B0F91A0007EE900AF8EEE77A08B517EE58
:104E0000900A13F09BFF06A3D3E9002313F0EEFFF3
:104E100014F0E4FA00EE100A08BD00BFAFF3008002
:104E20004A0C022B8716B93F002310B45DF8044BDF
:104E300001600271C0F80530C0F80930A0F80D30EB
:104E4000C0F80F30704700BF70B50A2201790446E0
:104E50000068F5F7D3FA0A2801D0012070BD251D9E
:104E600004F10E06206803681B69984705F8010FD6
:104E7000B542F7D1002070BD70B50A290E4628BF93
:104E80000A260C460546017900683246F5F7B6FA5F
:104E9000864201D0012070BD4CB12C1D26442868EB
:104EA00003681B69984704F8010FB442F7D100204A
:104EB00070BD00BF70B505460179044655F80F0B6B
:104EC000F5F7DCFA04F11306206815F8011B0368F6
:104ED0001B689847B542F7D12068F5F737FB0038D3
:104EE00018BF012070BD00BF10B443788478CB5C3C
:104EF000C27803EA04001041C0B25DF8044B704769
:104F00000378012B01D00020704730B44478C57875
:104F10000B578078AA405A4002405A400A55002058
:104F200030BC7047704700BF10B504460BF0F4F971
:104F3000204610BD38B50A4B04460D46442240F8C1
:104F40000C3B002114F002FE0023A560237104F144
:104F50005401012009F016F92065204638BD00BF34
:104F600094FA050070B504460E46006D4FF0FF310F
:104F700009F048FB257955B98EB1A660314604F198
:104F80000C0005F0BBFBB0FA80F56D09257100231C
:104F9000206D1A46194608F045FF284670BDA668E0
:104FA000002EF4D0EAE700BF70B505464FF0FF31A0
:104FB000006D09F027FB2B7993B1002305F10C0656
:104FC0002B71304605F0AEFC044680B10023286DFD
:104FD0001A46194608F026FFB4FA84F0400970BD5D
:104FE000A96805F10C0004F029FF0446EEE7A96862
:104FF000304604F023FF04460028E7D1A968304674
:1050000005F07CFB04460028E0D101232B71DDE78D
:1050100030B5044695B00D46006D4FF0FF3109F0F4
:10502000F1FA294601AA04F10C0004F0DBFC00238C
:1050300002461946206D14461A4608F0F3FEB4FAEB
:1050400084F0400915B030BD2DE9F04F83B00B78E6
:1050500000AF2F2B78600CBF4C1C0C4606460D464B
:10506000006D4FF0FF3109F0CDFA06F10C084FF05A
:10507000000917E0ADEB030D68468B4500F8019B76
:10508000EA4601DD14F062FD29465A46504614F006
:1050900035FD5146404603F00BFD08B1113028D1D3
:1050A0000134B54620462F2115F01DFCA0EB050B61
:1050B0000BF108036E460021044623F007035A460D
:1050C0000028D7D12946404603F0F2FC60B90124FC
:1050D0007A680023106D19461A4608F0A3FE204690
:1050E0000C37BD46BDE8F08F113014BF00240124F9
:1050F000EEE70024B546EBE738B504460D46006DF3
:105100004FF0FF3109F07EFA294604F10C0004F05B
:10511000C1FC002302461946206D14461A4608F0C9
:1051200081FEB4FA84F0400938BD00BF036970B550
:1051300004460D46186D4FF0FF31164609F062FA2D
:10514000237D4BB1002522690023106D19461A46B4
:1051500008F068FE284670BD2069A1692A463346DA
:105160000C3003F0F3FF20EAE075ECE770B503695B
:10517000044682B0186D4FF0FF3109F043FA267DE6
:105180004EBB2069A1690C3004F01EFC0546206965
:10519000A1698DF8076001230DF107020C3004F0BE
:1051A0005FFB00282069A169C8BF9DF807602A46F7
:1051B00000F10C004FF00003D8BF4FF0FF3604F0B1
:1051C000D3FB22690023106D19461A4608F02AFE07
:1051D000304602B070BD4FF0FF36F2E738B50369D4
:1051E00004464FF0FF31186D09F00CFA237D4BB1E6
:1051F000002522690023106D19461A4608F012FE98
:10520000284638BD2069A1690C3004F0DFFB054653
:105210002069A1690C3004F0D7FB2D1AE9E700BF23
:10522000036910B504464FF0FF31186D09F0EAF933
:10523000237D43B122690023106DBDE810401A465A
:10524000194608F0EFBD2069A1690C3004F0E4F9BB
:10525000F0E700BF30B50369044683B0186D4FF026
:10526000FF3109F0CFF9257D55B122690023106D7A
:1052700019461A4608F0D6FD4FF0FF3003B030BD96
:105280002069A1690DF1070201230C3004F0E8FA4E
:1052900023692A4604462946186D2B4608F0C2FDAC
:1052A000002CCCBF9DF807004FF0FF3003B030BD9D
:1052B00030B50368164A5B6883B093428DF80710D7
:1052C0001ED1036904464FF0FF31186D09F09AF9B9
:1052D000237D53B1002522690023106D19461A461B
:1052E00008F0A0FD284603B030BD2069A1690C304C
:1052F00001230DF1070203F029FF20EAE075EAE738
:1053000001220DF1070198470546284603B030BD3C
:105310002D51040030B4074C016100224FF47A751E
:10532000C0E900428560C0E9062230BC027580F801
:1053300020207047A8FA0500F0B5836997B00446AD
:105340000D46164693B1077D006919460C30002FB3
:1053500045D003F0ADFDA06908F088FCE0690023AA
:10536000A36108B108F082FC0023E361206903AA6D
:105370000C30294604F036FB98B99DF80C30112BFF
:1053800034D02C2008F058FC0146A06130B12069CF
:105390002A460C3003F064FD002839D0002017B0F5
:1053A000F0BD0230FAD1012EF8D1382008F044FCCB
:1053B0000146A0610028F1D0206940F203130C30AF
:1053C0002A4603F011FE06460028E7D12069A169AC
:1053D0000C300223324604F0C7FA267509E004F0C7
:1053E0009DF9A06908F042FCA761BFE7EEB1012E6C
:1053F0003AD02F21284615F0D3FA203400B1451CAD
:1054000029462046402215F0B8FA012017B0F0BD19
:1054100001232375284615F096FA013008F00CFC9C
:105420002946E06115F076FAE3E70123382001937D
:1054300008F002FC019BA06101460028AED0206963
:105440002A460C3003F0D0FD0028A7D1012E02D04F
:1054500000232375CDE72369A169024603F10C00FF
:10546000022304F081FAF3E740F20313DEE700BF02
:1054700030B5036983B004460D46186D01924FF0B4
:10548000FF3109F0BFF8019A29462046FFF754FF83
:105490002169002302461446086D1A46194608F091
:1054A000C1FC204603B030BD70B504460025C4E9F8
:1054B00006551048236182B0206084F820504FF4D4
:1054C0007A700E46A0604FF0FF31186D656025754B
:1054D000019209F097F8019A31462046FFF72CFF18
:1054E00022692B46106D29462A4608F09BFC20466F
:1054F00002B070BDA8FA0500036970B504460D46F8
:10550000186D4FF0FF31164609F07CF8237D4BB142
:10551000002522690023106D19461A4608F082FC06
:10552000284670BD2069A1692A4633460C3004F034
:1055300097F90546EDE700BF38B5036904460D4607
:10554000186D4FF0FF3109F05DF8237D4BB1002558
:1055500022690023106D19461A4608F063FC28469C
:1055600038BD2069A1692A460C3004F0FDF9C54315
:10557000ED0FEDE738B5036904464FF0FF31186DC4
:1055800009F040F8237D4BB1002522690023106DFE
:1055900019461A4608F046FC284638BD2069A1691C
:1055A0000C3004F011FA0546EFE700BF38B5036987
:1055B00004464FF0FF31186D09F024F8237D4BB1FC
:1055C000002522690023106D19461A4608F02AFCAE
:1055D000284638BD2069A1690C3004F0F7F905466A
:1055E000EFE700BF036970B504464FF0FF31186D57
:1055F00009F008F8A16981B12069257D0C30ADB1B1
:1056000003F056FCA06908F031FBE0690023A361B8
:1056100008B108F02BFB0023E36122690023106D21
:10562000BDE870401A46194608F0FCBB04F076F855
:10563000A06908F01BFBA561EFE700BF8069003897
:1056400018BF0120704700BF2DE9F04F95B00B69DE
:1056500006460C46186D4FF0FF3100AF904608F03B
:10566000D1FF00232069337586F82030227D2B4935
:1056700030614FF47A70C6E90013C6E90633B060B2
:10568000DAB342F62E652069A1690C303A1D03F0A9
:1056900023FC012831D1BB892E2BF4D0AB4238D06A
:1056A000D4F81C90484615F04EF9054607F10C0059
:1056B00015F049F92B18093323F00703EA46ADEB3F
:1056C000030D68466A1C494614F018FA99F8003030
:1056D0002F2BEB4602D199F801301BB1104B1B88E0
:1056E0002BF8053007F10C01584615F0EDF842464D
:1056F00059463046FFF720FED54622690023106D3B
:1057000019461A4608F08EFB30465437BD46BDE8B0
:10571000F08FBB7B002BB6D0C2E700BFA8FA050014
:105720009CFA05002DE9F04F85B0DDE90E4B109F86
:1057300081460D4690461E46002F63D0B8F1000FFB
:1057400003D0D8F80030B34249D0D9F800002B6814
:105750009E422BD04369B4FBF3F203FB1242BAB969
:10576000BB4215D8B7FBF3F203FB127AA7EB0A038F
:1057700000930393436822461F4631465B46B84771
:1057800088B9039B57469B441C44002FD6D139E06F
:105790000093A21AC5E90062D0F804A0AB683146B4
:1057A000D0470028CAD005B0BDE8F08F69684369CA
:1057B000A142D0D8CA18A242CDD9A2EB040ABA4558
:1057C000AB6828BFBA46611A524658461944BF1AF8
:1057D000544414F093F9D344002FAFD112E0D8F819
:1057E0000430A342B1D8D9F8000082691A44A24219
:1057F000ADD9A2EB040ABA45D8F8081028BFBA46BA
:10580000E31AE1E7002005B0BDE8F08F2DE9F04F85
:10581000074687B00D4672B30368D1F800B09046D2
:105820009A69D1E901104AB3013A01F101098618D8
:10583000A9EB0009441E4FF0010A08E014F8012FFB
:105840009DF817309A4223D1A6423B6814D01A6AB9
:10585000934509EB040320D20DF11702CDE9003284
:10586000CDF808A05B46002241463846FFF75AFFB4
:105870000028E3D009DB3B68A8689A69FF2114F08F
:1058800065F94FF0FF332B60002007B0BDE8F08FC3
:105890006FF0330007B0BDE8F08F034B034A0448B4
:1058A000122114F089F800BFC4FA0500E0FC0500DD
:1058B000E4FA05002DE9F04F87B0DDF840A005922D
:1058C000002B64D0D0F800908B46D9F81C105C1ED9
:1058D000A1F108084445074651D3B4FBF8F001385C
:1058E00013F0F2FED04500F10200A4EB8003B3FBFD
:1058F000F8F560D8BAFBF8F0013813F0E5FE861C25
:10590000AAEB8606B6FBF8F6304613F0DDFEAAEBEE
:10591000800006FB180AB54243D9D9F82020059B20
:105920004FF004090DF114080BE0012B45D93A683A
:10593000126A934241D8012101FA04F42D1BB542A9
:1059400030D9AC1BB4FA84F495FAA5F1C4F11F0464
:10595000B1FA81F18C4228BF0C4693424FEA840190
:1059600032D20091CDE90189002259463846FFF72D
:10597000D9FE059B0028D8D007B0BDE8F08FD045F0
:1059800088BF1346BAFBF8F00CD80025B4E711998C
:105990004FF0FF320A60129A1846136007B0BDE854
:1059A000F08F059B119A1360129B0020C3F800A092
:1059B00007B0BDE8F08F0026ADE7064B064A074862
:1059C0004FF48F6113F0F8FF054B064A034812218C
:1059D00013F0F2FF54FB050000FD0500E4FA05009A
:1059E000C4FA0500E0FC05002DE9F04F89B0074638
:1059F000149C129D8B4692461E46002C55D0DBF817
:105A00000030B3425CD0013340F0A1803868826935
:105A1000B5FBF2F302FB1353002B4AD1A24248D844
:105A2000B4FBF2F302FB13430593E31A00930493D0
:105A30008468139B2A463146A04700287ED1BAF1DC
:105A4000000F29D0049B3BB3139B5C1E049B04EB0B
:105A50000309139B05F10108A8EB030807E014F8FC
:105A6000012F9DF81F309A4266D14C4514D03B68F7
:105A70001A6A964208EB040363D2012202920DF1E6
:105A80001F02CDE900325146334600223846FFF767
:105A900049FE0028E3D051DB139A049B059C114674
:105AA000194413911D44002CA9D1002009B0BDE870
:105AB000F08FEB1ACBE90063DBF80030B342A2D1E0
:105AC000DBF80410A9429ED83A6892690A44AA42B7
:105AD00099D9A2EB0508A045DBF8080028BFA0462D
:105AE000691A08444246139914F008F83868139963
:105AF000826945444144B5FBF2F302FB1353A4EB26
:105B000008041391002B7FF478AFDBF800104B1CD6
:105B10003FF473AF0092DBE90123D0F80880C0475F
:105B200060B9524659463846FFF770FE00283FF4E8
:105B300064AF09B0BDE8F08F6FF0330009B0BDE885
:105B4000F08F064B064A0748122113F035FF064B2B
:105B5000064A0448B72113F02FFF00BFC4FA05001E
:105B6000E0FC0500E4FA050080FB0500F0FC050000
:105B70002DE9F04F0446D2E9003091B04FF0010B0F
:105B80000A9300230B90069104F114080DF12809E3
:105B90000593236859F8045B1B6A9D427BD210234E
:105BA0000DF1300A0022CDE901A300922B464146B7
:105BB0002046FFF7B7FD002839D1059B002B60D1A7
:105BC0000D9B23F00043132B4FD92268D2699342D7
:105BD0004BD84FF0FF3309A810225146099304F027
:105BE000BFFE0D9B23F00043102B28D0CDF81C9056
:105BF00010260DF12307994607E0013601223946A8
:105C000009A804F0ADFEB14517D023681B6A9D4278
:105C100041D20123CDE9017300962B460022414673
:105C20002046FFF77FFD0028E7D0DDF81C9010F13B
:105C3000340F1AD011B0BDE8F08FDDF81C90099B2D
:105C40009BB99AE80F000BF0010610AF07EB860C2A
:105C5000069F1026FE603E467D601C365CF8185C90
:105C6000BD6086E80F0001230593BBF1020F0FD141
:105C7000059B002B14BF00206FF0330011B0BDE86E
:105C8000F08F069A0C9BD2699B1A002B98DAECE7EE
:105C90004FF0020B7DE7034B034A0448122113F037
:105CA0008BFE00BFC4FA0500E0FC0500E4FA050025
:105CB0004368013337D02DE9F0438368013383B063
:105CC000044628D015460E464FF000084FF0010953
:105CD0006A462946CDE90089FFF74AFFE0B905F198
:105CE00024086B6A591C16D0AF6A7A1C13D0D6F8F8
:105CF00000C09C4513D0D6F804E0BE450FD07345D4
:105D00004246294620460AD0BC4508D0FFF730FF5E
:105D10000028E6D000E0002003B0BDE8F0830120B9
:105D200003B0BDE8F0830020704700BF2DE9F041CB
:105D3000D1F820C00C46C9682CF00043043B01F1A7
:105D40000C069E4284B0054617461FD904F124086C
:105D5000102612E0424621462846FFF709FF90B977
:105D6000D4F820C0A169E6602CF00043043B143154
:105D70001B2BA1614FF0100108D8BCF1000FE9DB2B
:105D800039606FF0010004B0BDE8F0812A46636815
:105D900052F8140B066AB34207F104001AD20C261B
:105DA000CDE900100296114628460022FFF7BAFC02
:105DB0000028E8D17B79BA79FD79A16904331344CD
:105DC000E2683A602B441A440B44E260A36104B0D9
:105DD000BDE8F081024B034A0348122113F0ECFDA9
:105DE000C4FA0500E0FC0500E4FA0500F0B593B044
:105DF00000260D46012707A96A46CDE9006704463B
:105E0000FFF7B6FE064610B121E0831C22D1109B9D
:105E100001331CD0119B013319D010AA07A92046C9
:105E2000FFF7A6FEB0B903AA07A92046FFF77EFF39
:105E30000028EAD19DF91030002B4FF008022946C6
:105E400005A8F0DB13F04CFE0028ECD1012630460B
:105E500013B0F0BD0646304613B0F0BD2DE9F04753
:105E6000164600240122C6E90942824688461D469C
:105E700006F124094A4631465046FFF779FE0746A7
:105E800068B92A4631465046FFF750FF50B1831C8F
:105E90001FD1736A013302D0B36A0133EAD13846A5
:105EA000BDE8F0872C7904F07004202CE9D1AB68B0
:105EB000D8F80020934208D0E868D8F80410884247
:105EC00003D08B4201D08242DBD101273846BDE8A6
:105ED000F0870746E3E700BF2DE9F04F2DED028B79
:105EE0008DB090461C46099340F622032268C8F8FC
:105EF00004300892D0E90123724EC8F80820824687
:105F00008946C8F80C3000F1140B089D314628462C
:105F100014F05AFD2B4603440446314618460593B7
:105F200014F000FD0128049000F0B080022804D194
:105F3000059B1B782E2B00F0B280DDE9042313446F
:105F400008931F4601243146384614F03DFD0744AE
:105F50003846314614F0E6FC78B1022802D001340C
:105F60000744F0E73B782E2BF9D17B782E2BF6D126
:105F7000013CF5D1BB1C0893C7E7059C207800289D
:105F80005FD0099B1C6098F80430222B40F08D8074
:105F900008F108031A464946504608EE103AFFF742
:105FA000E7FD00284DD1049B013B23440793424663
:105FB00049465046FFF7BAFE002842D198F804201F
:105FC00002F07F03112B01D0222BF0D198F807307B
:105FD00004998B42EBD1D8F8003098F8051098F866
:105FE0000650D9F8047004330B441D44049BA3B33A
:105FF000059BCDF818800135DDF81C80ED1A5C1E7C
:1060000007E014F8012F9DF82F309A421ED1444525
:106010001FD0DAF800301A6A974205EB040347D222
:10602000012202920DF12F02CDE9003259463B4682
:1060300000225046FFF776FB0028E2D0DDF81880FA
:1060400009DA0DB0BDEC028BBDE8F08FDDF81880E9
:10605000ADE7DDF8188098F8042013067FF555AFFA
:10606000DAF8043001330CD0DAF80830013308D004
:1060700018EE101A5046FFF7B9FE00281ED198F806
:10608000042002F07F0288F804203EE72B5D2E2BCF
:106090007FF453AFDDE904231344089335E7059BF0
:1060A0005B782E2B7FF449AFF4E76FF01300C8E75D
:1060B000054B064A0648122113F07EFCC1DB6FF047
:1060C0000100BEE79CFA0500C4FA0500E0FC0500EB
:1060D000E4FA05002DE9F04F8B469DB00BF1040367
:1060E00004930BF10C03CDE9053B016B04464FF023
:1060F00001080025D4E90D3010E05A09E66B01389B
:106100005F1CA063676356F822C003F01F0208FA01
:1061100002F212EA0C0F00F027813B469942ECD1C3
:10612000002800F0F2812268E36AD2E9086219448B
:10613000904228BF1046B1FBF6F306FB1311206313
:10614000E162E06B6563D208002113F0FFFC636835
:10615000013300F05781A368013300F0538100221E
:1061600001230025CDE9082304F1140701222E465E
:10617000D4F800C0E16ADCF82030206B591A0E44D4
:10618000B6FBF3F503FB1565854210D26909E26B96
:1061900005F01F0552F8213008FA05F51D4342F8B5
:1061A0002150DCF82030E16A099A206B591A0A4420
:1061B000B2FBF3F103FB112383420AD25809E16BCE
:1061C00003F01F0351F8202008FA03F3134341F8AA
:1061D000203008AA11A92046FFF7CAFC002840F089
:1061E0000E810C25149A24E02068129B006A8342D9
:1061F00080F01A820EA9CDE90021029500223946CD
:106200002046FFF78FFA002840F0F9809DF83920EA
:106210009DF83A309DF83B60149904321A449DF879
:106220003830324403F070030A44102B149200F00B
:10623000EB80199B23F00043043B02F10C009842D1
:10624000D2D9DDE91A62701CCDE9086201D0511C77
:106250008ED1D4F80C904D46B9F1000F00F0DE81DC
:10626000EB69DA0340F156816F69002F00F052812B
:10627000D4F800A0DAF81C60013F083EB742C0F035
:10628000CF81B7FBF6F0013813F01EFA0230A7EB0E
:106290008002B2FBF6F6D4F830E0E16A2B6907958C
:1062A00005F12C000546DAF82020704604F11409A7
:1062B0008E4601469818A0EB0E0EBEFBF2F002FBD4
:1062C00010E28A420AD25709E06B02F01F0250F82E
:1062D000271008FA02F20A4340F82720002E00F0A7
:1062E0001781DAF8202006F00107C7F1020A93426D
:1062F0004FEA8A0080F098810BA90022CDE90110B5
:10630000009249462A462046FFF70CFA002876D12B
:106310000AF1FF3CD4F800A013E0BBFBF2F302FB50
:1063200013B38B424FF0010014D24FEA531EE16BBE
:1063300003F01F0351F82E2000FA03F3134341F832
:106340002E30D4F82CE0DAF820200B9B216BA2EB46
:106350000E0B9B446045E0DB1CAB03EB8C0C023F57
:106360005CF8443C3E44A5E72068E26A016A1344B5
:10637000B3FBF1F201FB1233049A42F8043BD4E977
:106380000C139942049207D10FE0A26B0133013A3A
:106390008B42C4E90D3208D05D0903F01F0256F8A4
:1063A000255008FA02F22A42EFD1DDE90432934285
:1063B0007FF49FAEDDF818B0006ADBF8043083424A
:1063C0000BF11C0204F1140180F02E8104250192CE
:1063D0000022204602950092FFF7A4F9002840F021
:1063E0008B80DBF81C304FF0FF32CBE90922142000
:1063F00001331021CBE90730CBF80C1000201DB081
:10640000BDE8F08F216B75E6109B002B3FF411AFB8
:10641000D4F800A0DAF81C6003F1FF3BA6F10809EC
:10642000CB4570D3BBFBF9F0013813F04DF9861C56
:10643000ABEB8606B6FBF9F60F9BE16ADAF8202093
:10644000D4F830E09818401AB0FBF2F102FB1102C8
:1064500072450BD24FEA521CE16B02F01F0251F859
:106460002C0008FA02F2024341F82C20002E3FF4DF
:10647000B9AEDAF8202006F00109C9F1020A934208
:106480004FEA8A0080F0D0800BA90022CDE90110EC
:10649000009239462046FFF745F90028AFD10AF1AE
:1064A000FF3CD4F800A013E0BBFBF2F302FB13B3F4
:1064B00073454FF0010014D24FEA531EE16B03F015
:1064C0001F0351F82E2000FA03F3134341F82E3036
:1064D000E16ADAF820200B9BD4F830E0A2EB010B44
:1064E0009B446045E0DB1CAB03EB8C0CA9F102097B
:1064F0005CF8443C4E44A5E710F1340F3FF471AF13
:106500001DB0BDE8F08F064696E76FF01B0076E7FA
:10651000079DEB699B037DD52F6A002F7AD0D4F8B5
:1065200000A0DAF81C60013F083EB7427AD3B7FBFF
:10653000F6F0013813F0C8F80230A7EB8003B3FB84
:10654000F6F6D4F830E0E16A6B6A079505F12C00A5
:106550000546DAF82020704604F114098E460146FB
:106560009818A0EB0E0EBEFBF2F002FB10E28A427E
:106570000AD25709E06B02F01F0250F8271008FA00
:1065800002F20A4340F82720002E42D0DAF82020F9
:1065900006F00107C7F1020A93424FEA8A0043D28C
:1065A0000BA90022CDE90110009249462A46204657
:1065B000FFF7B8F800287FF422AF0AF1FF3CD4F8C7
:1065C00000A013E0BBFBF2F302FB13B38B424FF0CE
:1065D000010014D24FEA531EE16B03F01F0351F880
:1065E0002E2000FA03F3134341F82E30D4F82CE0A8
:1065F000DAF820200B9B216BA2EB0E0B9B4460452D
:10660000E0DB1CAB03EB8C0C023F5CF8443C3E44EB
:10661000A6E7079D2D68002D7FF422AE216B68E56B
:10662000002638E600268CE7024B034A0348122175
:1066300013F0C2F9C4FA0500E0FC0500E4FA050015
:106640002DE9F04F2DED028B9BB0012504460491FE
:10665000A9464FF00008D4E90D31D4F830C00FE05E
:106660005A09E76B0139581CA163606357F822602F
:1066700003F01F0205FA02F2324200F02A810346BB
:106680009C45EDD1002900F052822368E66AD3E9E7
:106690000802B444914228BF1146BCFBF0F300FB52
:1066A00013C32163E362E06BC4F83480D208002195
:1066B00013F04CFA63680133CDD0A3680133CAD01C
:1066C00000220123CDE906230122002004F1140752
:1066D00096462268E36A116A266BCB1A03EB000C1C
:1066E000BCFBF1F001FB10C0864210D94609E16BFA
:1066F00000F01F0051F8263005FA00F0184341F869
:106700002600D4E90B36116ADDF81CE0CB1A73447D
:10671000B3FBF1F201FB1233B3420AD25809E16B29
:1067200003F01F0351F8202005FA03F3134341F847
:10673000203006AA0FA92046FFF71AFA002840F0D9
:10674000E9804FF00C08129A0CAE23E02168109BF0
:10675000096A8B4280F0F5810092CDE90168002240
:1067600039462046FEF7DEFF002840F0D3809DF832
:1067700031209DF832109DF833C0129B04320A4438
:106780009DF8301062441A4401F07003102B1292ED
:1067900000F0C580179B23F00043043B02F10C017D
:1067A0009942D3D9DDE9180E411CCDE9060E02D07D
:1067B000BEF1FF3F8DD1D4F80C804646B8F1000FF2
:1067C0003FF447AFF369DA0340F128817769002F7E
:1067D00000F02481D4F800A0DAF81C30013FA3F1C6
:1067E00008084745C0F0A881B7FBF8F0013812F05F
:1067F0006BFF0230A7EB8007B7FBF8F704F114003A
:10680000E16AD4F830C0DAF820203369059683466F
:1068100006F12C0008EE100A0E4661469818A0EB0F
:10682000060EBEFBF2F002FB10E28A420BD2E06BD6
:106830004FEA521C02F01F0150F82C2005FA01F11A
:106840000A4340F82C20002F00F0E680DAF82020E0
:1068500007F00108C8F1020A93424FEA8A0080F06B
:10686000708109A90022CDE901100092594618EE65
:10687000102A2046FEF756FF00284BD10AF1FF3CB4
:10688000D4F800A012E0BEFBF2F302FB13E38B424C
:106890004FF0010012D25E09E16B03F01F0351F8C3
:1068A000262009FA03F3134341F82630E66ADAF8A2
:1068B0002020099B216BA2EB060E9E446045E2DB83
:1068C0001AAB03EB8C0CA8F102085CF8443C47447B
:1068D000A4E72168E26A096A1344B3FBF1F201FB01
:1068E0001233049A1360D4E90C03834211D00125BA
:1068F00006E0A26B0133013A8342C4E90D3208D0AD
:10690000590903F01F0257F8211005FA02F20A4252
:10691000EFD100201BB0BDEC028BBDE8F08F0E9EC6
:10692000002E3FF411AFD4F800A0DAF81C20013E8D
:10693000A2F1080B5E450AD3B6FBFBF0013812F05A
:10694000C3FE0230A6EB8003B3FBFBF31846E16AFB
:10695000D4F830C00D9BDAF8202008EE107A8E466D
:10696000074661469818A0EB0E0EBEFBF2F002FB44
:1069700010E28A420AD25609E06B02F01F0250F878
:10698000261005FA02F20A4340F82620002F00F0F4
:10699000D580DAF8202007F00106C6F1020A9342FA
:1069A0004FEA8A0080F0CD8009A90022CDE90110CC
:1069B000009218EE101A2046FEF7B4FE0028A9D166
:1069C0000AF1FF3CD4F800A013E0BBFBF2F302FB9A
:1069D00013B38B424FF0010014D24FEA531EE16B08
:1069E00003F01F0351F82E2009FA03F3134341F873
:1069F0002E30D4F82CE0DAF82020099B216BA2EB92
:106A00000E0B9B446045E0DB1AAB03EB8C0C023EA3
:106A10005CF8443C3744A5E7059EF3699B0340F1CD
:106A20008180376A002F7DD0D4F800A0DAF81C20CE
:106A3000013FA2F1080847457CD3B7FBF8F00138C5
:106A400012F042FE0230A7EB8007B7FBF8F704F123
:106A50001400E16AD4F830C0DAF82020736A059691
:106A6000834606F12C0008EE100A0E46614698187F
:106A7000A0EB060EBEFBF2F002FB10E28A420BD244
:106A8000E06B4FEA521C02F01F0150F82C2005FA6F
:106A900001F10A4340F82C20002F42D0DAF82020E0
:106AA00007F00108C8F1020A93424FEA8A0048D26F
:106AB00009A90022CDE901100092594618EE102ACA
:106AC0002046FEF72FFE00287FF424AF0AF1FF3C9A
:106AD000D4F800A012E0BEFBF2F302FB13E38B42FA
:106AE0004FF0010012D25E09E16B03F01F0351F871
:106AF000262009FA03F3134341F82630E66ADAF850
:106B00002020099B216BA2EB060E9E446045E2DB30
:106B10001AAB03EB8C0CA8F102085CF8443C474428
:106B2000A5E7059E3668002E7FF44CAE91E56FF028
:106B30001B00EFE600278AE700275FE618EE107AD1
:106B400001E6034B034A0448122112F035FF00BF4F
:106B5000C4FA0500E0FC0500E4FA05002DE9F04F59
:106B6000044687B00F4600F1140905A92046FFF737
:106B700067FD064640B920680599C36898470646F0
:106B800030B110F1340FF0D0304607B0BDE8F08FCF
:106B9000BB6A83B307F12C0A35460DF1130804F1E3
:106BA000200B13E02268059B126A934247D2012210
:106BB000CDE9018200954A4659462046FEF714FF6A
:106BC000002831D1BB6A0135AB4214D922687B6AF7
:106BD000126A93422DD20122CDE9018200955246DC
:106BE00049462046FEF79EFD0028DBD0064630468B
:106BF00007B0BDE8F08F2368A16A9A69786B12F03C
:106C00007DFFD4E908122368A06AC7E90B12FF21AF
:106C10009A6912F09BFF059B4FF0FF3230462262CB
:106C20007B6207B0BDE8F08F10F1340F9DD00646AF
:106C3000DDE7064B064A0748122112F0BDFE034B62
:106C4000054A04489C2112F0B7FE00BFC4FA0500B3
:106C5000E0FC0500E4FA0500F0FC05002DE9F04F2A
:106C60002DED028BC9B004462C2200211CA812F085
:106C70006DFF4FF00043282227A80021249312F033
:106C800065FF23681B6A01223192002B00F0C98145
:106C900000274FF00C09319B013300F0B18130AA7D
:106CA00027A92046FEF764FF0546002840F00C8126
:106CB000249B002BC0F20E816368013300F04E81EB
:106CC000A368013300F04A8132AE32460CAB25A9ED
:106CD0002046FFF7C3F80028C0F2F58000F03E819F
:106CE0000E9B259A0F982699934200F090818B4233
:106CF00000F09381DDE91D51239A269020682593A9
:106D000001320023CDE91D150B9505932392C3682D
:106D10000A9198474FF0FF380546F0B115F1340F4E
:106D200040F0D2800A9BC4F82080012B40F2798188
:106D30000B9B012B40F275811DA92046FFF780FCBB
:106D40000546002840F0C08020681D990123059366
:106D5000C368984705460028E0D123AF0DF1500ADB
:106D6000A146102239465046CDF8508003F0F8FD78
:106D700059F8202B1D9B126A934280F01582102631
:106D8000CDE900572A46029649462046FEF72CFEDA
:106D900005460028C2D1249B23F00043043B102B5E
:106DA00032D904F1140B3DAF22680B9B126A934257
:106DB00080F0F4810122CDE901720096002259464B
:106DC0002046FEF7AFFC054600287DD1012239465A
:106DD000504603F0C5FD22681D9B126A934280F065
:106DE000E3810122CDE9017200962A4649462046F8
:106DF000FEF7FAFD0546002890D1249B23F00043BE
:106E00000136043B9E42CFD322681D9B126A9342F7
:106E100080F0CA8104220292CDE9006A494600222C
:106E20002046FEF7E1FD054600287FF477AF216A92
:106E3000C4F814804A1C12D02068A36A82690092A8
:106E40008568626AA847054600287FF467AF236813
:106E5000A06A9A69FF2112F079FEC4F820802068A8
:106E600003699847054600287FF458AF249EDDF853
:106E700074B0CDF8F48026F0004604F11403043E0B
:106E800008EE103A00F0968107460DF1400908E03F
:106E90000137012249463DA803F062FDBE4240F29F
:106EA000898123681B6A9B4580F078810123CDE9A5
:106EB000019318EE101A00975B4600222046FEF759
:106EC00031FC0028E4D00546284649B0BDEC028BD1
:106ED000BDE8F08F32AE4FF00008324627A92046B9
:106EE000FEF724FFF0B1831CEDD10DF19C0CBCE842
:106EF0000F001CAE0FC6BCE80F000FC69CE80700D1
:106F000086E8070023681B6A01379F4280F089806A
:106F1000309B01337FF4BFAE284649B0BDEC028BF5
:106F2000BDE8F08F9DF9CC309DF8CC20002BD4DA51
:106F30006368013341D0A36801333ED034A92046B1
:106F4000FEF754FF0028BEDB35D0324627A9204685
:106F500001F0C8F90028C0D00546B5E7DDE930509A
:106F6000DDE91D21239B1D91CDE92550013323939C
:106F700008911E9209924FF0000801262068C3680C
:106F80009847054600284FD015F1340F9CD1089B37
:106F90004FF0FF32012B226243D9099B012B40D9CC
:106FA0001DA92046FFF74CFB054600288CD11D99F2
:106FB0004FF00108E2E79DF8CC20DDF8C8E09DF82D
:106FC000CFC0CDF8F89002F07F020EF10C0033A98B
:106FD000CDE93F198DF8CC20419001233DAA27A986
:106FE0002046CDF80C81CDF8F4E0CDF808C1CDF8FD
:106FF00010C100F0F9F900283FF46FAF054663E7D0
:107000000025284649B0BDEC028BBDE8F08F8842D0
:107010003FF461AF8B427FF46DAE82427FF46AAE83
:1070200059E76FF033054FE723AFA2464FF0FF3328
:107030001022394607A8079303F092FC5AF8202B38
:107040001D9B126A934280F0AF804FF01009CDE98A
:1070500000572A46CDF8089051462046FEF7C4FC5A
:107060000546002890D1249B23F00043043B102BBD
:1070700034D904F1140B10AF2268099B126A9342B1
:1070800080F08C80CDE90176CDF800900022594641
:107090002046FEF747FB054600287FF415AF012286
:1070A000394607A803F05CFC22681D9B126A9342D4
:1070B0007AD22A46CDE90176CDF800905146204695
:1070C000FEF792FC054600287FF45EAF249B23F078
:1070D000004309F10109043B9945CDD322681D9B6A
:1070E000126A934260D2042207A9CDE9009102926C
:1070F000514600222046FEF777FC054600287FF423
:1071000043AF216A4FF0FF37B942676111D0206861
:10711000A36A826900928568626AA84705460028CA
:107120007FF432AF2368A06A9A69FF2112F00EFD46
:107130002762206803699847054600287FF424AF3A
:10714000249FDDF874B027F000474FF0FF3204F1C0
:107150001403043F08EE103A109245D081460DF119
:10716000F40A08E009F101090122514610A803F0D0
:10717000F7FB4F4538D923681B6A9B450ED2CDE9F2
:1071800001A618EE101ACDF800905B4600222046AA
:10719000FEF7C8FA0028E5D0054695E68E4B8F4AE3
:1071A0008F48122112F008FC8B4B8E4A8C489C2190
:1071B00012F002FC3D9A149B9A427FF4B3AD059BFA
:1071C000002B30D12369002B3FF47EAE5C681D9A02
:1071D000944271D099681E9881426DD084426BD0E0
:1071E0008A4269D01B68EEE7109A079B9A427FF4A7
:1071F000CEAEB8F1000F40F082802369002B3FF43F
:1072000063AE5C681D9A944200F0C48099681E9831
:10721000814200F0BF80844200F0BC808A4200F0CE
:10722000B9801B68EAE7636801334ED0A368013375
:107230003DAE0AAF4BD03246394610AB2046FEF782
:107240000DFE0028FFF63FAE41D0DDE91D03109F83
:10725000149731460C370C2612909DF8470018976A
:10726000139311AF15961796199000261B9052464E
:107270000123204616971A9600F0B6F800287FF4EE
:1072800022AE0A98636898421AD00B9AA1688A4283
:1072900016D0884214D0934212D00122013384F8D0
:1072A00040208FD0A36801338CD02046FFF7D6FC56
:1072B000002887D0054607E65A601E9A9A6091E733
:1072C000DDE91D32C4E90132E7E73DAE0AAF3946D8
:1072D00032462046FEF7ECFC0028FFF6F4AD3FF402
:1072E00071AF3146DDE91D60002347901A46204604
:1072F000469600F079F800283FF464AFDAE7636857
:10730000013350D0A36801333DAE4DD0324610ABAF
:1073100008A92046FEF7A2FD0028FFF6D4AD43D011
:10732000DDE91D02109B14930C33189312900C236B
:1073300011A89DF8477013923146159300261793B4
:107340001690012314AA204619971B971A9600F04D
:107350004BF800287FF4B7AD0898636898421DD0B9
:10736000099AA1688A4219D0884217D0934215D051
:107370000122013384F840203FF43FAFA36801337A
:107380003FF43BAF2046FFF769FC00283FF435AFE0
:10739000054699E55A601E9A9A6042E7DDE91D327A
:1073A000C4E90132E4E73DAE08A932462046FEF7C3
:1073B0007FFC0028FFF687AD3FF41FAF3146DDE9C3
:1073C0001D60002347901A462046469600F00CF8B0
:1073D00000283FF412AFDBE7C4FA0500E0FC05002B
:1073E000E4FA0500F0FC05002DE9F04F2DED028BCD
:1073F000CE690D46D1E90141A5B0013690462A1D5E
:1074000069608246EE61AC600892059383B11E46C6
:10741000D8F80400D8F80C302A6A1B1A022E1A4435
:1074200005D1D8F81C70D8F814603A44921B2A622F
:10743000DAF80000CDF818800023CDE90B14099389
:10744000C36898470446E0B114F1340F3DD10B9B5B
:107450004FF0FF32012BCAF8202034D90C9B012BAE
:1074600031D908995046FFF7EBF8044668BBDAF8C3
:107470000000696801230993C368984704460028FF
:10748000E2D105F11C07D0464FF0FF3310223946F8
:1074900011A8119303F064FA58F8202B6B68126A54
:1074A000934280F00D811026CDE9004722460296D6
:1074B00041465046FEF798FA834660B110F1340F0A
:1074C000C5D0044601E06FF03304204625B0BDEC82
:1074D000028BBDE8F08F2B6A23F00043043BB342DC
:1074E0006BD90AF1140308EE103A37460DF164091E
:1074F00034E0DAF800200C9B126A934280F0E680B8
:107500000122CDE9019218EE101A00970022504690
:10751000FEF708F904460028D7D10122494611A8F0
:1075200003F01EFADAF800206B68126A934280F0CA
:10753000C7800122CDE9019200962246414650467D
:10754000FEF752FA044600287FF47EAF0137013679
:107550002B6A23F00043043B9E422ED2059B5B45E1
:10756000C7DD069A4FEA0B1302EB0B11D3580791B4
:10757000BB42BED10C4611A8D1E9021203F0F0F9CA
:10758000DAF800206B68106AE168A268834280F034
:107590009780CDE901210096002241465046FEF732
:1075A00023FA044600287FF44FAF079B5A68DB6834
:1075B0000BF1010B17441E44CAE7DAF800206B6890
:1075C000126A93427CD2042211A9CDE90061029291
:1075D000414600225046FEF707FA044600287FF491
:1075E00033AFDAF820104FF0FF339942CAF8143065
:1075F00019D0DAF80000DAF828308269009284683D
:10760000DAF82420A047044600287FF41DAFDAF8FA
:107610000030DAF828009A69FF2112F097FA4FF04B
:10762000FF33CAF82030DAF80000036998470446AF
:1076300000287FF409AF2B6AD5F8048023F00043BB
:107640004FF0FF32B3F1040919920AF1140B1DD067
:1076500007460DAE07E001370122314619A803F0B5
:107660007FF9B94512D0DAF800301B6A98452DD25F
:107670000123CDE901630097434600225946504655
:10768000FEF750F80028E6D004461EE7199A119B31
:107690009A427FF4DCAE099B13BBDAF81030002B62
:1076A0003FF413AF5E686A68964215D09968A8687F
:1076B000814211D086420FD08A420DD01B68EEE77E
:1076C0003D4B3E4A3E489C2112F076F93A4B3D4AEA
:1076D0003B48122112F070F95A60AA689A60EDE7EF
:1076E000DAF80430013347D0DAF80830013319AE44
:1076F0000BAF43D0324639460DAB5046FEF7AEFBDA
:107700000028C1DB3AD0D5E901030D9F119731461E
:107710000C370C260F909DF83B00159710930EAF79
:107720001296149616900026189011AA012350461E
:1077300013971796FFF758FE0028A5D10B98DAF893
:107740000430984231D00C9ADAF808108A422CD0D2
:1077500088422AD0934228D0012201338AF840205F
:107760009BD0DAF80830013397D05046FFF776FA0D
:10777000002892D00446A8E619AE0BAF394632462F
:107780005046FEF795FA0028FFF67EAF85D03146C9
:10779000D5E90160002323901A4650462296FFF750
:1077A00023FE00283FF479AFE4E76B68CAF80430A1
:1077B000AA68CAF80820CFE7C4FA0500F0FC050063
:1077C000E4FA0500E0FC05002DE9F04F2DED028BF9
:1077D0000D46BDB0824616461F4601F1240809E059
:1077E000002B52DA424629465046FEF7C1F90028DE
:1077F00040F008817479B179F279DAF800002B6AE7
:1078000004340C441444C1691C448C42E8D8B44686
:107810001E1F4CF8046BE96924974C1C6F68A9681B
:1078200025920C3313442B62C5E901170C23002267
:1078300021932B1DCDF880C01E962296139712918E
:10784000EC611F92239207920693C36898470446FF
:10785000002800F0DE8014F1340F65D1129B4FF048
:10786000FF32012BCAF820205CD9139B012B59D978
:1078700006995046FEF7E4FE0446002854D1012341
:107880006968DAF800000793DFE7AC46BCE80F0050
:1078900026AC0FC4BCE80F000FC49CE8070084E8C6
:1078A000070029465046FEF715FC044600283BD148
:1078B000DDE92F122B6A69623046191FAA6240F86F
:1078C000041BF6791794CDE91B47334406941691AF
:1078D0006C681A91A968EA691D960C332B62C5E998
:1078E00001140C23013219932B1D18900F940E9143
:1078F000EA6107934FF00109DAF80000C36898477E
:107900000446002800F0AA8014F1340F0CD10E9B1D
:107910004FF0FF32012BCAF8202003D90F9B012B17
:1079200000F2BF806FF0330420463DB0BDEC028B07
:10793000BDE8F08FDAF800206B68126A934280F09D
:107940004C8204220BA9CDE900610292414600223B
:107950005046FEF749F804460028D5D1DAF8201041
:107960004FF0FF339942CAF8143018D0DAF800000B
:10797000DAF82830826900928468DAF82420A04777
:1079800004460028C0D1DAF80030DAF828009A69F5
:10799000FF2112F0DBF84FF0FF33CAF82030DAF89D
:1079A00000000369984704460028ADD12E6A26F0EE
:1079B00000464FF0FF33321F0C930AF1140B6B6833
:1079C000059200F0EA81074631AE1C4609E001222B
:1079D00031460CA802F0C4FF059B0137BB4200F002
:1079E000DC81DAF800301B6A9C4280F0FC81CDE932
:1079F000016900972346002259465046FDF792FE42
:107A00000028E4D0044620463DB0BDEC028BBDE822
:107A1000F08F05F11C07D0464FF0FF331022394696
:107A200009A8099302F09CFF58F8202B6B68126A92
:107A3000934280F0D2811026CDE90047224602967B
:107A400041465046FDF7D0FF8346002800F0AA804B
:107A500010F1340F3FF402AF5C4665E705F11C07F7
:107A6000D0464FF0FF33102239460BA80B9302F09B
:107A700077FF58F8202B6B68126A934280F0AD8133
:107A80001026CDE900472246029641465046FDF7B2
:107A9000ABFF834688B110F1340F3FF438AF5C463A
:107AA00042E707995046FEF7CBFD044600287FF4D5
:107AB0003BAF0123696806931EE72B6A23F000435E
:107AC000043BB3427FF636AF0AF1140308EE103AD6
:107AD000374638E0DAF800200F9B126A934280F0B4
:107AE00082810CAACDE9007218EE101ACDF8089028
:107AF00000225046FDF716FE044600287FF414AF1E
:107B000001220CA90BA802F02BFFDAF800206B6809
:107B1000126A934280F061810CAACDE90062CDF82F
:107B20000890224641465046FDF75EFF0446002875
:107B30007FF4EAAE013701362B6A23F00043043BA1
:107B4000B3427FF6F7AEBBF1010FC3DC16AA4FEAD2
:107B50000B1302EB0B11D3580591BB42BAD10C4663
:107B60000BA8D1E9021202F0FBFEDAF800206B68E4
:107B7000106AE168A268834280F02F81CDE901217B
:107B80000096002241465046FDF72EFF044600288D
:107B90007FF4BAAE059B5A68DB680BF1010B174402
:107BA0001E44C9E72B6A23F00043043BB3426CD95F
:107BB0000AF1140308EE103A37460DF1280935E0B2
:107BC000DAF80020139B126A934280F00C810122A4
:107BD000CDE9019218EE101A009700225046FDF7E9
:107BE000A1FD044600287FF49FAE0122494609A862
:107BF00002F0B6FEDAF800206B68126A934280F059
:107C0000EC800122CDE90192009622464146504681
:107C1000FDF7EAFE044600287FF41DAE0137013669
:107C20002B6A23F00043043BB3422ED9BBF1010F72
:107C3000C6DC1EAA4FEA0B1302EB0B11D3580591B9
:107C4000BB42BDD10C4609A8D1E9021202F088FE60
:107C5000DAF800206B68106AE168A268834280F05D
:107C6000BC80CDE901210096002241465046FDF737
:107C7000BBFE044600287FF4EEAD059B5A68DB6826
:107C80000BF1010B17441E44CAE7DAF800206B68B9
:107C9000126A934280F0A180042209A9CDE9006113
:107CA0000292414600225046FDF79EFE04460028FF
:107CB0007FF4D1ADDAF820104FF0FF339942CAF8C3
:107CC000143019D0DAF80000DAF82830826900920E
:107CD0008468DAF82420A047044600287FF4BBAD6E
:107CE000DAF80030DAF828009A69FF2111F02EFF47
:107CF0004FF0FF33CAF82030DAF8000003699847E4
:107D0000044600287FF4A7AD2A6AD5F804B022F013
:107D100000424FF0FF33171F0A930AF114091ED0D7
:107D200006460DF1C40807E00136012241460AA8C3
:107D300002F016FEB74212D0DAF800301B6A9B45FB
:107D400051D20123CDE9018300965B4600224946CA
:107D50005046FDF7E7FC0028E6D0044653E6DDE98F
:107D600009329A427FF47AAD079B002B41D1DAF8B1
:107D70001030002B3FF4D8AD5E686A68964200F080
:107D800089809968A868814200F08480864200F06A
:107D900081808A427ED01B68EBE7DDE90B329A4294
:107DA0007FF4B5AD069B002B40F06E81DAF81040F1
:107DB000002C00F0948060686B68984200F0B781F6
:107DC000A268A9688A4200F0B281884200F0AF81BF
:107DD000934200F0AC812468EAE7A74BA74AA84881
:107DE0009C2111F0E9FDA44BA64AA548122111F0EF
:107DF000E3FDDAF80430013357D0DAF80830013304
:107E000031AE12AF53D03246394616AB5046FEF76C
:107E100025F80028FFF6F6AD49D0D5E90102169BFA
:107E200026930C332A9318900C2317A89DF85F70A3
:107E3000199231462793002629932890012326AAD8
:107E400050462B972D972C96FFF7CEFA00287FF4FB
:107E5000D9AD1298DAF8043098421FD0139ADAF8A4
:107E600008108A421AD0884218D0934216D00122B4
:107E700001338AF840203FF47AAFDAF80830013352
:107E80003FF475AF5046FEF7E9FE00283FF46FAFB0
:107E90000446B8E55A60AA689A607CE76B68CAF83D
:107EA0000430AA68CAF80820E1E731AE12AF3946BB
:107EB00032465046FDF7FCFE0028FFF6A3AD3FF426
:107EC00056AF3146D5E9016000233B901A46504633
:107ED0003A96FFF789FA00283FF449AFD8E7D5E989
:107EE0000116DDE92D3227982F9128991190CDE9BF
:107EF0002710DAF80000309642F0004201332D934B
:107F00002E92C3681091059498474FF0FF370126D1
:107F1000C1460446F8B114F1340F7FF405AD109B4F
:107F2000CAF82070012B7FF6FDAC119B012B7FF668
:107F3000F9AC27A95046FEF783FB044600287FF4DE
:107F4000F3ACDAF80000279901230593C36898473A
:107F500004460028DFD10DF1B408102241460DA8D7
:107F60000D9702F0FDFCDAF80020279B126A93427D
:107F7000BFF433AF1025CDE90048224602954946AB
:107F80005046FDF731FD04460028C4D12E9B23F056
:107F90000043043B102B88BF0DF1C40830D9DAF838
:107FA0000020119B126A9342BFF41DAFCDE90186F8
:107FB0000095002259465046FDF7B4FB04460028C0
:107FC0007FF4B2AC012241460DA802F0C9FCDAF8F8
:107FD0000020279B126A9342BFF4FFAE2246CDE9F0
:107FE0000186009549465046FDF7FEFC04460028F0
:107FF00091D12E9B23F000430135043B9D42CED30B
:10800000DAF80020279B126A9342BFF4E6AE0422FE
:108010000DA9CDE900510292494600225046FDF7D4
:10802000E3FC044600287FF476AFDAF82010CAF8A3
:1080300014704B1C17D0DAF80000DAF82830826987
:1080400000928468DAF82420A047044600287FF4D0
:1080500062AFDAF80030DAF828009A69FF2111F0EF
:1080600075FDCAF82070DAF8000003699847002807
:1080700061D004464FE700BFC4FA0500F0FC0500DC
:10808000E4FA0500E0FC0500DAF80430013379D0A9
:10809000DAF80830013331AE0EAF75D032463946CA
:1080A00012AB5046FDF7DAFE041EFFF63DAC6BD076
:1080B000D5E9012312981E900C30229014920C20C6
:1080C00013AA9DF84F40159331461F90219020929E
:1080D000002601231EAA5046239425942496FFF7D8
:1080E00083F9044600287FF41FAC0E98DAF80430B8
:1080F000984263D00F9ADAF808108A425ED088421C
:108100005CD093425AD0012201338AF840203FF4D8
:108110004DAEDAF8083001333FF448AE5046FEF772
:108120009DFD0446002C3FF441AEFFF7FDBB6360AC
:10813000AB68A3604FE62E9ADDF89C80319722F061
:108140000042131F1C4640D0054607E001350122BE
:108150001EA931A802F004FCAC4236D0DAF8003097
:108160001B6A9845BFF43FAE1EABCDE900530296A3
:108170004346002259465046FDF7D4FA0028E5D080
:10818000044640E431AE0EAF394632465046FDF764
:108190008FFD041EFFF6C8AB3FF408AED5E90140E1
:1081A00000233B9031461A4650463A94FFF71CF99B
:1081B0000446002C3FF4FAADFFF7B6BB6B68CAF873
:1081C0000430AA68CAF808209DE7319A0D9B9A42AC
:1081D0007FF4A5AE059D95B9DAF81040002C3FF468
:1081E000A3AB6068279B984278D0A26828998A42FE
:1081F00074D0884272D0934270D02468EEE7DAF8E7
:10820000043001334BD0DAF80830013331AE10AD11
:1082100047D03246294612AB5046FDF71FFE041EDA
:10822000FFF682AB3DD0129B1E93DDE927420C3353
:108230009DF84F0022930C231494159200241F9351
:10824000219323902590314613AD01231EAA504659
:1082500024942095FFF7C8F8044600287FF464AB07
:108260001098DAF80430984233D0119ADAF80810EE
:108270008A422ED088422CD093422AD00122013348
:108280008AF84020A8D0DAF808300133A4D050464C
:10829000FEF7E4FC0446002C9ED0FFF745BB31AE50
:1082A00010AD294632465046FDF702FD041EFFF68A
:1082B0003BAB91D0DDE9274000233B9031461A4685
:1082C00050463A94FFF790F80446002C84D0FFF70C
:1082D0002BBBDDE92732CAE90132CFE76360289B77
:1082E000A3608AE72DE9F04F2DED028B15465379F7
:1082F0009279EE790433B1B013440A6A33440C46E0
:10830000059322F000411433994204F1040383469B
:10831000079365D0D4E901012E68E3690696059EAE
:108320000F90921BC4E901100133DBF800000E919D
:10833000C4E9073200230893C36809959847A0460B
:108340000646E8B116F1340F3CD10E9B4FF0FF32D8
:10835000012BCBF820203BD90F9B012B38D9079953
:108360005846FEF76DF9064660BBDBF80000D8F80A
:10837000041001230893C368984706460028E1D1FA
:1083800008F11C04DA464FF0FF331022214612A8F0
:10839000129302F0E5FA5AF8202BD8F80430126A4A
:1083A000934280F04B821025CDE90064324602955D
:1083B00051465846FDF718FB044620B310F1340F20
:1083C000C3D00646304631B0BDEC028BBDE8F08F1D
:1083D0006FF03306304631B0BDEC028BBDE8F08F54
:1083E00019461AAAFDF764FC061EEBDB229B002B44
:1083F000C0F2E0806B79A979EA7904330B44134425
:108400000593226A86E7D8F8203023F00043043B26
:10841000AB4242D90BF1140308EE103A2F460DF18E
:1084200094091CB9069BBB4200F0A680DBF8002033
:108430000F9B126A934280F0FB810122CDE90192E9
:1084400018EE101A009700225846FDF76BF9064601
:108450000028B7D10122494612A802F081FADBF8C0
:108460000020D8F80430126A934280F0E78101229C
:10847000CDE901920095324651465846FDF7B4FACF
:10848000064600287FF45EAF01370135D8F820306A
:1084900023F00043043BAB42C3D8DBF80020D8F8FC
:1084A0000430126A934280F0C981042212A9CDE9F6
:1084B00000510292514600225846FDF795FA0646B1
:1084C00000287FF43FAFDBF820104FF0FF339942D4
:1084D000CBF8143019D0DBF80000DBF828308269C3
:1084E00000928468DBF82420A047064600287FF429
:1084F00029AFDBF80030DBF828009A69FF2111F082
:1085000025FB4FF0FF33CBF82030DBF80000036988
:108510009847064600287FF415AFD8F82030D8F8E1
:10852000047023F0004A4FF0FF32BAF1040A25929A
:108530000BF1140900F00D8105461AAC08E0013575
:108540000122214625A802F00BFAAA4500F001817C
:10855000DBF800301B6A9F4280F06A810123CDE97D
:10856000014300953B46002249465846FDF7DAF89C
:108570000028E4D0064625E72246214612A802F04C
:10858000EFF9DBF80020D8F80430126A934280F04B
:108590005581CDE901440095224651465846FDF7E4
:1085A00023FA064600287FF4CDAEDDE90523012439
:1085B0009F186BE7226A2199D4E9090462F000420E
:1085C000134023904A1CDDE91B01CDE91B100D90DF
:1085D000DBF800002494CDE92123002305930C91BE
:1085E000C36898474FF0FF3801270646F8B116F1E7
:1085F000340F7FF4E7AE0C9BCBF82080012B7FF685
:10860000E7AE0D9B012B7FF6E3AE1BA95846FEF7A4
:1086100017F8064600287FF4D5AEDBF800001B995A
:1086200001230593C368984706460028DFD121AD92
:10863000D946102229460AA8CDF8288002F090F9E0
:1086400059F8202B1B9B126A934280F0F78010246C
:10865000CDE900653246029449465846FDF7C4F913
:1086600006460028C3D1229B23F00043043B102B75
:1086700033D90BF1140A0BADDBF800200D9B126A05
:10868000934280F0D580CDE90157009400225146F5
:108690005846FDF747F8064600287FF493AE0122BE
:1086A00029460AA802F05CF9DBF800201B9B126A3D
:1086B000934280F0C3803246CDE901570094494689
:1086C0005846FDF791F90646002890D1229B23F0E9
:1086D00000430134043B9C42CED3DBF800201B9BBB
:1086E000126A934280F0AA8004220AA9CDE90041CF
:1086F0000292494600225846FDF776F906460028C0
:108700007FF475AFDBF82010CBF814804B1C17D02A
:10871000DBF80000DBF82830826900928468DBF81F
:108720002420A047064600287FF461AFDBF8003024
:10873000DBF828009A69FF2111F008FACBF82080B5
:10874000DBF8000003699847002800F0D180064656
:108750004DE7259A129B9A427FF4F7ADDDE9083583
:108760004446002B70D1DBF810301A4672B1D2F8B3
:1087700004C061688C4557D09068A768B84253D050
:10878000BC4551D081424FD01268EFE7DBF80C2096
:1087900022B34FF0FF370BE0D2F808E0D4F808C05E
:1087A000E64509D0614507D0704505D01268AAB1E9
:1087B000516860688142EFD1D1682868814230D029
:1087C000F4D9687995F806E095F807C0043070444C
:1087D0006044091AD1601268002AE9D163B9F1E551
:1087E0009F68A06887420BD0824209D0B94207D067
:1087F0001B68002B3FF4E6AD5A6861688A42EFD1EE
:10880000D9682A689142F3D96A7995F806C0EF7958
:108810009869043262443A44891A821AD9609A618A
:10882000E6E7C2E90177C1E75160A1689160ABE773
:108830009B4B9C4A9C48122111F0BEF8984B9B4AD6
:1088400099489C2111F0B8F8DBF80430013379D055
:10885000DBF80830013325AF0DF1380875D012ABC5
:108860003A4641465846FDF7F9FA0028FFF682AE2F
:108870006BD0D4E9012312981A900C301E901492F8
:108880000C2013AA9DF84FC0159339461B90002762
:108890001D901C9201231AAA5846CDF87CC0CDF831
:1088A00084C02097FEF7A0FD00287FF463AE0E98E9
:1088B000DBF80430984260D00F9ADBF808108A4247
:1088C0005BD0884259D0934257D0012201338BF8B4
:1088D00040203FF448AFDBF8083001333FF443AFAA
:1088E0005846FEF7BBF900283FF43DAF064669E560
:1088F000229DDDF86CA0CDF82C8025F000450BF111
:108900001403043D1E463FD004460DF1940907E0D0
:108910000134012249460BA802F022F8A54233D0C7
:10892000DBF800301B6A9A4582D2CDE901970094AA
:108930005346002231465846FCF7F4FE0028E7D0A3
:1089400006463FE525AF0DF1380841463A46584600
:10895000FDF7AEF90028FFF60DAE3FF404AF39463F
:10896000D4E9017000232F901A4658462E97FEF73F
:108970003BFD00283FF4F7AEB8E76368CBF804305E
:10898000A268CBF80820A0E7DDE90A329A427FF41A
:1089900032AE059B93B9DBF81060002E3FF412ADA8
:1089A00070681B9B984276D0B2681C998A4272D03C
:1089B000884270D093426ED03668EEE7DBF8043020
:1089C00001334AD0DBF80830013325AF0CAC46D078
:1089D0003A4621460EAB5846FDF740FA061EFFF612
:1089E000F1AC3CD00E9B1293DDE91B420C339DF899
:1089F0003F0016930C231094119213931593179024
:108A0000199039460FAD0024012312AA5846149537
:108A10001894FEF7E9FC064600287FF4D3AC0C98C6
:108A2000DBF80430984231D00D9ADBF808108A4206
:108A30002CD088422AD0934228D0012201338BF8CF
:108A40004020A8D0DBF808300133A4D05846FEF708
:108A500005F90646002E9ED0B4E425AF0CAC2146A5
:108A60003A465846FDF724F9061EFFF6ABAC92D005
:108A7000DDE91B4000232F9039461A4658462E94B4
:108A8000FEF7B2FC0646002E85D09BE4DDE91B32E2
:108A9000CBE90132D1E773601C9BB3608CE700BF68
:108AA000C4FA0500E0FC0500E4FA0500F0FC05004E
:108AB0002DE9F04F90F84030BBB00546059163B901
:108AC00043680122013380F8402006D083680133D7
:108AD00003D0FEF7C3F8044668B909AA19A905AB83
:108AE0002846FDF7F9F9821C044608D105982F2184
:108AF00011F0F9FE58B120463BB0BDE8F08F0028D8
:108B000008BF6FF0100420463BB0BDE8F08F2B6823
:108B10001B6AAB6324A92846FDF7DCFA044600284B
:108B2000E9D1DDE92210259A2D9126992B9B0494F9
:108B3000CDE9251201332B932E90089207914FF027
:108B4000FF3A4FF001082868C36898470446B8B157
:108B500014F1340FCFD1079BC5F820A0012B40F2B0
:108B6000D580089B012B40F2D18025A92846FDF72E
:108B700067FD04460028BED1012325990493E2E74E
:108B80002BAFA9461022394611A8CDF844A001F018
:108B9000E7FE59F8202B259B126A934280F0BF8094
:108BA0001026CDE900472246029649462846FCF7A2
:108BB0001BFF04460028CBD12C9B23F00043043B31
:108BC000102B30D905F1140B2FAF2A68089B126ABD
:108BD000934280F09E80CDE90178009600225946AC
:108BE0002846FCF79FFD0446002884D1012239461F
:108BF00011A801F0B5FE2A68259B126A934280F005
:108C00008E802246CDE90178009649462846FCF739
:108C1000EBFE044600289BD12C9B23F00043013639
:108C2000043B9E42D1D32A68259B126A934276D296
:108C3000042211A9CDE9006102924946002228468A
:108C4000FCF7D2FE0446002882D1296AC5F814A098
:108C50004B1C12D02868AB6A8269009284686A6AE9
:108C6000A047044600287FF473AF2B68A86A9A696E
:108C7000FF2110F06BFFC5F820A028680369984712
:108C8000044600287FF464AF2C9B259FCDF8BCA040
:108C900023F0004BBBF1040B05F114091BD0064671
:108CA0002B681B6A9F4234D20DABCDE90063CDF82F
:108CB00008803B46002249462846FCF733FD04461F
:108CC00000287FF418AF013601220DA92FA801F06A
:108CD00047FEB345E4D12F9A119B9A427FF43BAFF4
:108CE000049B002B42D12A69FAB15468259B9C420F
:108CF00000F0898091682698814200F08480844247
:108D000000F081808B427ED01268EDE76FF0330473
:108D1000F1E64F4B4F4A5048122110F04DFE4C4B9C
:108D20004E4A4D489C2110F047FE059B8DF82A20A5
:108D3000184640F622020493ADF8282011F003FEF5
:108D4000DDE925648DF82B00049B0C9409AA19A970
:108D5000284623940B962296FEF736FD04460028FB
:108D60007FF4C9AE2B681B6AAB63C4E66B68013342
:108D700052D0AB6801332FAE07AF4FD032463946E1
:108D80000DAB2846FDF76AF8041EFFF6B4AE45D0D9
:108D9000DDE925400D9B11930C33159310900C23A6
:108DA0009DF83B000F9431461293149300241690C3
:108DB000189011AA0EAE0123284617941396FEF7B9
:108DC00013FB044600287FF496AE07986B68984220
:108DD0001DD0089AA9688A4219D0884217D09342B8
:108DE00015D00122013385F840203FF47CAFAB68F9
:108DF00001333FF478AF2846FDF730FF0446002CDE
:108E00003FF471AF77E65360269B93607CE7DDE922
:108E10002532C5E90132E4E72FAE07AF39463246C5
:108E20002846FCF745FF041EFFF665AE3FF45BAF36
:108E3000DDE925400023399031461A46284638940A
:108E4000FEF7D2FA0446002C3FF44DAF53E600BFC4
:108E5000C4FA0500E0FC0500E4FA0500F0FC05009A
:108E600070B5D0E9015386B0C1E90153019201AB5D
:108E700002AA06460C46FDF72FF8A0B99DF80C3063
:108E8000222B12D104AA21463046FCF771FE50B9BC
:108E9000D4E901123369216162610E211022A161BE
:108EA000E2602360346106B070BD6FF01300FAE732
:108EB000036943B1994202D107E0994207D01A46AB
:108EC0001B68002BF9D10020704700F110020B68DD
:108ED00013600020704700BFF0B515460E4689B0FC
:108EE00004464C222846002110F030FEB3690E2BB8
:108EF0004AD00F2B53D004AA31462046FCF716FF68
:108F000000285BD19DF8142002F07F03112B01D0C3
:108F1000222BF0D1110655D5626801320DD0A2681E
:108F200001320AD006A92046FCF760FF002829DBA1
:108F3000E1D19DF8143003F07F038DF81430214601
:108F40002B70112B51F8140B08BF079B049A08BF14
:108F50006B609DF815C07368066A9DF81670101D49
:108F60006044B3429DF8172005F1080538442BD220
:108F7000CDE90152009000222046FCF7D3FB0028E7
:108F800008BF012009B0F0BD124A222312882A81AD
:108F90002B70B36901200133B36109B0F0BD2B46DA
:108FA0000D4A222103F8081B1188927829819A70B2
:108FB000B36901200133B36109B0F0BD841C08BF5F
:108FC0000020DFE71346BAE7044B054A05481221A3
:108FD00010F0F2FC1CE60500A0E90500C4FA05004B
:108FE000E0FC0500E4FA05002DE9F0431F4693B0CC
:108FF00003F00303012B0C460192054603D090F8C1
:109000004030002B70D002AA07A901AB2846FCF71C
:1090100063FF064600283FD19DF80C30222B00F05C
:109020009180BB0500F18B80DDE908200299626028
:10903000049AA0600023C4E90637C4E9031223623E
:109040007A05059B636106D5002B5FD14FF0FF3297
:109050000023C4E904232B68586B4FF0FF32E2620F
:10906000002857D0EB68002B5FD16063E36903F001
:1090700003034FF0FF36012BE66205D02B68FF217A
:109080009A6910F063FDE662EB6823600026EC60ED
:10909000304613B0BDE8F083B01CF9D1DDF8048090
:1090A0002F21404611F01FFC02460028F0D1F9059F
:1090B000EED540F6110340468DF80E20ADF80C3089
:1090C00011F041FC4FF0000943468DF80F0002AA51
:1090D00007A94FF0FF382846CDE90489FEF774FB55
:1090E00006460028A0D0D3E743680122013380F868
:1090F000402088D08368013385D0FDF7AFFD064658
:10910000002880D0304613B0BDE8F08347F48037A4
:10911000E7619BE7E26902F00302012A08D098693F
:1091200004F0BAFD60630028A0D16FF00B06AFE732
:10913000586904F0B1FD6063002897D1F5E76FF03E
:109140001006A5E76FF01406A2E700BF2DE9F04F67
:109150002DED028BCC698FB004F00305012D059233
:10916000079300F0B98167038846834600F10D81BB
:10917000250500F11681A00340F1ED80079B002B2F
:1091800000F0D88008F12C090693D8F81C30990318
:1091900000F18980D8F82030002B40F06481DBF8A2
:1091A00000100B6ACBF83830D8E908730C930DAB7C
:1091B00008EE103A0BF114044FF0010ACDF82080AC
:1091C00018EE101A5846FDF73BFA00285ED10D99AB
:1091D000012940F29181DBF80000036A994200F214
:1091E0008B81C3689847002840F0AD80002F00F0C5
:1091F0006581DBF80010D1F81C807D1EA8F10806FF
:10920000B542C0F01B81B5FBF6F00138049110F0B7
:109210005BFA0230A5EB8005B5FBF6F5284610F0A9
:1092200053FAA7EB800005FB1607B845049900F038
:10923000C380002F00F03F8100250DF12F0616E0BE
:10924000DBF800200D9B126A934280F03F81CDE94C
:10925000016A0095224649465846FCF7C5FB00289E
:1092600071D10135BD4280F0EF80DBF800100A6A51
:109270000C9B934280F03A81CDE9016A009500226F
:1092800021465846FCF74EFA0028D9D0DDF8208058
:10929000D8F81C3043F40023C8F81C300FB0BDECE4
:1092A000028BBDE8F08FDBF80010D8F82870CD698C
:1092B000AF423FF476AFD8F824300BF11404069A8D
:1092C000059EED1B954228BF15460EE010F1340FA8
:1092D000DED141465846FDF741FC0028D8D1D8F8E8
:1092E0002870DBF80010D8F824300A6A9A4240F25D
:1092F000ED80CDE901650097224649465846FCF7C6
:1093000073FB0028E2D1D8F82020D8F82830DBF809
:1093100000102A442B44096AC8F82020C8F82830D5
:10932000059A069BCBF838102A445B1B05920693DE
:109330007FF42BAFD8F81C30079823F40023C8F82B
:109340001C30ABE7099F10F1340F9FD14FF0FF3372
:10935000CBF8203034E7D8F82040D8F814309C42BD
:109360007FF60CAFC8F820300DAE00250123324641
:10937000414658468DF83450FFF7E8FE00288DDB53
:10938000D8F820309C42F1D8F8E64FF0FF3224F4B0
:109390008023A603CA62CB6100F185802205DAD55D
:1093A0001C46D8F81430D8F820209A4238BFC8F8A4
:1093B0002030A003CFD5E1E6013595FAA5F3B3FA45
:1093C00083F31846013304930A6A099700250DF1C7
:1093D000300807460D9B93424FEA850676D2042259
:1093E000CDE901820096224649465846FCF7FCFA30
:1093F0000C9B0028A6D1AF4211D0DBF80020126AE6
:10940000934273D20422CDE901820096024621469E
:109410005846FCF787F900287FF438AF0C9B012BE6
:109420005DD9DBF800100A6A934258D8049B0135D5
:10943000AB42CFD1DDF820809F0009E047457FF4A3
:10944000FBAE01230493BFE7DDF82080DBF80010BA
:109450000D9BC8E90937D8F81C20CD6942F40032C9
:10946000C8F81C202BE708F1280108F12402CDE9F7
:109470000121013B0093D8E9042349465846FCF7F3
:1094800019FA00287FF404AFDBF80030D8F8340074
:109490009A69FF2110F05AFB4FF0FF33DBF8001000
:1094A000C8F82C307DE600F03DF800287FF4F6AED9
:1094B000D8F81C405CE6DDF82080C9E7DDF82080A4
:1094C0000D9BDBF80010C8E90937C4E70E4B0F4AC3
:1094D0000F489C2110F070FA6FF00800DEE60D4B8B
:1094E0000D4A0B4840F2D34110F066FA064B0B4A86
:1094F0000748122110F060FA094B074A044840F26D
:109500008C4110F059FA00BFC4FA0500F0FC0500C8
:10951000E4FA050054FB050010FD0500E0FC050021
:109520009CFB05002DE9F0430D4693B0064600F183
:1095300014072C22002104A8D5F8208010F006FB87
:1095400097E807004FF0FF33D5E904C40DF1480E4A
:1095500073610EE90700296A6A69CDF8308001203D
:109560009142CDF820C009940B901FD29946012357
:109570000DF10F0204A9304600F072F90446002CE8
:109580004FF001030DF10F02294630463ADBFFF799
:10959000DDFD041E36DB7369013337D0C6F8149045
:1095A0006A692B6ACDF83C909A42E0D805F12C0903
:1095B00018E030686B6B8269009284682A6BA04760
:1095C00004463A46494630461CB9FCF71FF90446A2
:1095D00058B114F1340F2946304613D1FDF7BEFAC5
:1095E000044678B9E96A4B1CE3D1EB69D5E9082157
:1095F00023F4003343F480332961EB616A61C5F8D9
:1096000020800024204613B0BDE8F0832A6A6B69ED
:109610009A42ACD3CAE700BFF0B5CB690C465903F8
:109620009DB0054605D523F480234FF0FF32E3615A
:10963000E2629A0309D521462846FFF773FF0246E6
:1096400010B110461DB0F0BDE36903F41023B3F56B
:10965000803F03D0002210461DB0F0BD6368013387
:10966000F8D0A3680133F5D0221D11A92846FCF7D4
:109670007FFA02460028E4D12946129B51F8140BC8
:109680000692076AE068059006AEBB42C6E9012271
:109690002CD20C27CDE9000602972846FCF742F8A9
:1096A00002460028CDD19DF81830112B24D1059BFE
:1096B0000B9603F10C060A9728460C979DF81B5051
:1096C00027690F9209930D9609AA6669079711A950
:1096D000012308960E951095FDF786FE0246002898
:1096E000AFD1E36923F48033E361AAE7064B074A6D
:1096F0000748122110F060F9064B074A044840F26F
:10970000136110F059F900BFC4FA0500E0FC050030
:10971000E4FA0500CCFB050020FD05002DE9F04131
:10972000CB690C4659039CB0054605D523F480232C
:109730004FF0FF32E361E2629A0321D521462846C9
:10974000FFF7F0FE0646D0B1EB6843B19C4202D170
:109750006AE09C426AD019461B68002BF9D1A369C4
:109760002BB11B681BB130461CB0BDE8F0812B68E3
:109770005B6B002BF7D1606B04F0A2FAF3E7E369AF
:1097800003F41023B3F5803F01D00026DCE76368C3
:109790000133FAD0A3680133F7D011A9221D28465E
:1097A000FCF7E6F906460028CED12946129B51F86F
:1097B000142B0696106AE268059206AF8342C7E949
:1097C000016636D24FF00C08CDE90027CDF80880AD
:1097D00032462846FBF7A6FF06460028B4D19DF87E
:1097E0001830112B2BD1059B22690F9060699DF8D1
:1097F0001B600B97099303F10C070792089011A9BE
:10980000012309AA28460E961096CDF82880CDF897
:1098100030800D97FDF7E8FD0646002894D1E369F6
:1098200023F48033E3618FE705F10C0123680B60BB
:1098300095E7064B064A0748122110F0BDF8064B83
:10984000064A044840F2136110F0B6F8C4FA050065
:10985000E0FC0500E4FA0500CCFB050020FD050056
:109860002DE9F04F0D46C96901F00304022C87B0C1
:109870004FD08046880317461E464FD42A6A69692E
:109880008A425CD2A1EB0209B1454B4628BF334660
:109890000593002B57D01E4605F12C0905F1280B26
:1098A00005F1240A1FE0D8F80000A96AC469A142A2
:1098B0001CD0641A026A6B6AB44228BF34469342D1
:1098C00045D20091CDE90174002249464046FBF79C
:1098D00029FF00BB2A6AAB6A22442344361B274473
:1098E0002A62AB622FD0EB695B03DCD4CDE901AB1C
:1098F0000092D5E9042349464046FBF7DBFF50B907
:10990000EB69D8F80000A96AC46943F48023EB61CD
:10991000CFE76FF0080007B0BDE8F08F4A0305D528
:1099200021F480214FF0FF32E961EA622946404686
:10993000FFF7F8FD0028A1D007B0BDE8F08F0020A8
:1099400007B0BDE8F08F059807B0BDE8F08F034B76
:10995000034A0448122110F02FF800BFC4FA050092
:10996000E0FC0500E4FA0500F8B50C46C9691646A6
:109970004A0307461D4605D521F480214FF0FF33E9
:10998000E161E3628B0305D538462146FFF7CAFD46
:1099900000B1F8BD2DB1012D0CD0022D04D0206AEC
:1099A000F8BD26623046F8BD002E606905DB304404
:1099B0002062F8BD002E206AF9DA72428242F6D99E
:1099C0006FF01500F8BD00BF086A7047CB699B03B4
:1099D00005D5086A4B69984238BF184670474869F0
:1099E000704700BFF0B597B01546059105AB07AAC3
:1099F0000BA90646FCF770FA044610B1204617B0D2
:109A0000F0BD4C220146284610F0A0F89DF8203009
:109A10002B70112B04BF0A9B6B607268099B9342E9
:109A200023D00A98B16888421FD08B421DD0824251
:109A30001BD03146079A51F8143B9DF821701C6ADF
:109A40000C9B9DF8220004323A44A342024405F1E3
:109A500008059DF823000ED2CDE901500092304652
:109A60000022FBF75FFE0446C8E7064B1B882B81EC
:109A7000204617B0F0BD044B044A054812210FF0F0
:109A80009BFF00BF9CFA0500C4FA0500E0FC05003E
:109A9000E4FA05002DE9F04F90F84030BBB00546E0
:109AA000059183B943680122013380F840200AD030
:109AB0008368013307D0FDF7D1F8044618B120467A
:109AC0003BB0BDE8F08F09AA19A905AB2846FCF701
:109AD00003FA04460028F2D19DF82830222B00F02A
:109AE000D08009AA19A92846FEF7FCFB04460028E5
:109AF000E5D19DF82830222BE1D119AA25A92846C5
:109B0000FCF7D6F8041EDADB00F00B81DDE92D400E
:109B1000209B2390DDE91A212868229401332093A9
:109B200000230493CDE91A12C3680892079198475D
:109B30004FF0FF3A4FF001080446E0B114F1340F42
:109B4000BDD1079BC5F820A0012B40F2A480089B43
:109B5000012B40F2A0801AA92846FCF771FD0446AB
:109B60000028ACD128681A9901230493C368984748
:109B700004460028E2D120AFA9461022394611A898
:109B8000CDF844A000F0ECFE59F8202B1A9B126A85
:109B9000934280F03A811026CDE900472246029692
:109BA00049462846FBF720FF04460028C6D1219BE2
:109BB00023F00043043B102B31D905F1140B2FAFD8
:109BC0002A68089B126A934280F02581CDE90178CA
:109BD0000096002259462846FBF7A4FD04460028BB
:109BE0007FF46DAF0122394611A800F0B9FE2A6852
:109BF0001A9B126A934280F008812246CDE90178CF
:109C0000009649462846FBF7EFFE0446002895D10A
:109C1000219B23F000430136043B9E42D0D32A68A7
:109C20001A9B126A934280F0F080042211A9CDE9B8
:109C300000610292494600222846FBF7D5FE044601
:109C400000287FF47BAF296AC5F814A04B1C12D002
:109C50002868AB6A8269009284686A6AA0470446F1
:109C600000287FF46BAF2B68A86A9A69FF210FF078
:109C70006DFFC5F820A028680369984770B10446B5
:109C80005CE70BAA24A92846FBF772FF04460028CC
:109C90003FF427AF13E76FF0330410E7219FDDF89F
:109CA00068B0CDF8BCA027F0004705F11403043FCD
:109CB0001C461DD006460DF1340907E0013601228D
:109CC00049462FA800F04CFEB74211D02B681B6A02
:109CD0009B4580F0A080CDE9019800965B4600226C
:109CE00021462846FBF71EFD0028E7D00446E6E69D
:109CF0002F9A119B9A427FF424AF049BC3B92C691D
:109D0000002C3FF4DCAE60681A9B98425AD0A268DF
:109D10001B998A4256D0884254D0934252D024682C
:109D2000EEE7404B404A414840F26E710FF044FE6E
:109D30006B6801334FD0AB6801332FAE07AF4CD007
:109D4000324639460DAB2846FCF788F8041EFFF66C
:109D5000B6AE42D0DDE91A400D9B11930C3315933A
:109D600010900C239DF83B000F94314612931493EE
:109D700000241690189011AA0EAE012328461794BD
:109D80001396FDF731FB044600287FF498AE079840
:109D90006B6898421AD0089AA9688A4216D08842FD
:109DA00014D0934212D00122013385F84020A6D06E
:109DB000AB680133A3D02846FCF750FF0446002CC3
:109DC0009DD07CE663601B9BA360A8E7DDE91A32A7
:109DD000C5E90132E7E72FAE07AF394632462846DC
:109DE000FBF766FF041EFFF66AAE88D0DDE91A4075
:109DF0000023399031461A4628463894FDF7F4FA84
:109E00000446002C3FF47BAF59E6094B094A07484A
:109E10009C210FF0D1FD064B074A044812210FF098
:109E2000CBFD00BFECFB050030FD0500E4FA0500AA
:109E3000C4FA0500F0FC0500E0FC05002DE9F04F38
:109E40002DED028B8B6A0160C5B00446002B00F03B
:109E50009780C361C86A002800F09E80A0628A696A
:109E6000FF210FF073FE4FF0FF332268236263611E
:109E7000536AD90640F02783002B00F01D83106B36
:109E8000002800F09280E063D2E90551B1FBF5F3C0
:109E900005FB1313002B40F0FA82D769B7FBF1F5ED
:109EA00001FB1575002D40F000834FF0FF36A7F140
:109EB0000803B6FBF3F33344B3FA83F3C3F120038F
:109EC000B7EB830FC0F0EA82526A25612946C4E9E4
:109ED0000265D20884F8405066600FF037FE2368B0
:109EE000E562D3E90823934228BF1346C4E90C3541
:109EF000A26322A92046FCF7EDF8054678B1236855
:109F00009A6A002A63D0DA6A002A5BD01B6B002BA6
:109F100054D0284645B0BDEC028BBDE8F08F2DA98A
:109F20002046FCF7D7F805460028E8D1DDE92E21C8
:109F3000349B0E92CDE92E120133049034930D918F
:109F40004FF001092068C36898470546002843D0B0
:109F500015F1340FD3D10D9B2662012B0DD90E9B29
:109F6000012B0AD92EA92046FCF76AFB05460028DA
:109F7000C5D101232E990493E4E76FF03305BEE7C2
:109F8000486903F089FEE061002800F0DF80216865
:109F9000C86A00287FF462AF886903F07DFEA06282
:109FA000002800F0D380216859E7D80803F074FE38
:109FB000E063002800F0CA80226865E7E06B03F0E8
:109FC0007FFEA6E7A06A03F07BFE23689EE7E069B8
:109FD00003F076FE236896E734AFA2461022394696
:109FE00009A8099600F0BCFC5AF8202B2E9B126A97
:109FF000934280F07D824FF01008CDE900572A4649
:10A00000CDF8088051462046FBF7EEFC05460028B7
:10A010009ED1359B23F00043043B102B474633D998
:10A0200004F1140B0DF1280822680E9B126A93426A
:10A0300080F06482CDE901890097002259462046CC
:10A04000FBF770FB054600287FF459AF012241461B
:10A0500009A800F085FC22682E9B126A934280F0CA
:10A0600047822A46CDE90189009751462046FBF7F1
:10A07000BBFC054600287FF46BAF359B23F0004303
:10A080000137043B9F42CFD322682E9B126A934232
:10A0900080F02E82042209A9CDE900710292514676
:10A0A00000222046FBF7A0FC054600287FF450AFB5
:10A0B000216A66614B1C11D02068A36A82690092F4
:10A0C0008568626AA847054600287FF441AF236887
:10A0D000A06A9A69FF210FF039FD266220680369A2
:10A0E0009847054600287FF433AF359BDDF8B8B0BC
:10A0F0000A9623F0004304F11402043B08EE102AF0
:10A100003CD01D46234608EE90AA38AF924604463E
:10A11000984607E00134012239460AA800F020FCE5
:10A12000A54228D0D8F800301B6A9B4580F0E68114
:10A13000CDE9017900945B46002251464046FBF789
:10A14000F1FA0028E6D005464446D8E623689A6A24
:10A15000002A00F0C881DA6A002A00F0BF811B6B78
:10A16000002B00F0B7816FF00B05284645B0BDEC21
:10A17000028BBDE8F08F18EE90AA4446DDE9093263
:10A180009A427FF4E8AE049B002B40F016822569CA
:10A190008DB168682E9B984200F0B681AA682F990D
:10A1A0008A4200F0B181884200F0AE81934200F013
:10A1B000AB812D68ECE7A74A23688DF86A50082622
:10A1C00041F22E47ADF868708DF86B6092E803009D
:10A1D000D3E907261D9220AA82E803002F9A06954C
:10A1E0004FF001102E9D1E9634211026A2601C9265
:10A1F0002C9202221F9065601B952B9519962A912F
:10A200004FF0010904921846DDE92331299A0C9395
:10A21000CDE923130132002307932992C3680B91E0
:10A2200098470546D8B115F1340F7FF468AE0B9B03
:10A230004FF0FF32012B226232D90C9B012B2FD918
:10A2400023A92046FCF7FCF9054628BB2068239982
:10A2500001230793C368984705460028E3D129AF37
:10A260004FF0FF331022394611A8119300F078FB0C
:10A270002268239B126A934280F03A811026CDE92E
:10A2800000572A46029651462046FBF7ADFB18B30D
:10A2900010F1340FCBD0054615F1340F7FF42FAEFB
:10A2A000049B012B14D1069B002B3FF466AE22A920
:10A2B0000026012738AA2046CDE93867FBF758FC6D
:10A2C000054600287FF41BAE23681A6AA26317E6CE
:10A2D00001232068049397E72A9B23F00043043B63
:10A2E000B34259D918EE108A37460DF1E00B0590AC
:10A2F0002FE022680C9B126A934280F0FF80CDE928
:10A3000001B90097002241462046FBF70BFA0546AB
:10A310000028C1D10122594611A800F021FB226872
:10A32000239B126A934280F0E3802A46CDE901B96B
:10A33000009651462046FBF757FB054600287FF460
:10A3400072AF013701362A9B23F00043043B9E4243
:10A3500022D2059B002BCCD1102FCAD11AAD2022BE
:10A36000294611A800F0FCFA2268239B126A934246
:10A3700080F0BE802021CDE900650291059A51460A
:10A380002046FBF731FB054600287FF44CAF012344
:10A39000203630270593D6E72268239B126A934222
:10A3A00080F0A680042211A9CDE9006102925146F5
:10A3B00000222046FBF718FB054600287FF433AF48
:10A3C000216A4FF0FF339942636113D02068A36A7A
:10A3D000826900928568626AA847054600287FF472
:10A3E00022AF2368A06A9A69FF210FF0AFFB4FF0FC
:10A3F000FF332362206803699847054600287FF4ED
:10A4000012AF2A9BDDF88C8023F0004B4FF0FF3217
:10A41000BBF1040B38921FD018EE105A07460DAE50
:10A4200007E001370122314638A800F099FABB4510
:10A4300012D023681B6A984560D2CDE90169009764
:10A440004346002229462046FBF76CF90028E8D055
:10A45000054621E7D4FC0500389A119B9A427FF407
:10A46000E6AE079B002B57D123696BB15D68239A39
:10A4700095424DD099682498814249D0854247D071
:10A480008A4245D01B68F0E70123069308E7914B09
:10A49000914A924840F61F010FF08EFA904B8E4A77
:10A4A0008E4840F623010FF087FA8E4B8A4A8B487C
:10A4B0004FF402610FF080FA8B4B874A874840F6D1
:10A4C00014010FF079FA894B834A844840F613014E
:10A4D0000FF072FAE06B03F0F3FB44E6A06A03F0BE
:10A4E000EFFB23683BE6E06903F0EAFB236832E612
:10A4F0007F4B804A79489C210FF05EFA7C4B7E4A64
:10A50000764812210FF058FA6B602F9BAB6050E633
:10A510005A60249A9A60B5E76368013300F09F801F
:10A52000A368013338AE0BAF00F09B80324639464A
:10A530000DAB2046FBF792FC051EFFF6ADAE00F01A
:10A540009080DDE923030D9D11950C3515950F9035
:10A550000C259DF83B0010933146129514951690EA
:10A560000025189011AA0EAE0123204617951396C8
:10A57000FCF73AFF054600287FF48EAE0B9863681F
:10A58000984267D00C9AA1688A4263D0884261D011
:10A5900093425FD04FF00102013384F840203FF432
:10A5A00063AFA36801333FF45FAF2046FCF756FB6F
:10A5B0000546002D3FF458AF6EE6636801336ED058
:10A5C000A368013338AE0DAF6BD03246394611ABBC
:10A5D0002046FBF743FC051EFFF691AC61D0DDE998
:10A5E0002E02119B19930C331D9313900C2312A868
:10A5F0009DF84B50149231461A931C931B900026E1
:10A60000012319AA20461E9520951F96FCF7ECFE03
:10A61000054600287FF473AC0D986368984239D0E2
:10A620000E9AA1688A4235D0884233D0934231D005
:10A630000122013384F840203FF4A9ADA36801331F
:10A640003FF4A5AD2046FCF709FB0546002D3FF47D
:10A650009EAD54E4DDE92332C4E901329AE738AE15
:10A660000BAF394632462046FBF722FB051EFFF6AC
:10A6700013AE3FF4F9AEDDE923500023429031469A
:10A680001A4620464195FCF7AFFE0546002D3FF4E3
:10A69000EBAE01E6DDE92E32C4E90132C8E738AE9F
:10A6A0000DAF394632462046FBF702FB051EFFF68A
:10A6B00026AC3FF46CADDDE92E50002342903146CC
:10A6C0001A4620464195FCF78FFE0546002D3FF4C3
:10A6D0005EAD14E428FC05003CFD0500E4FA05002D
:10A6E00088FC050058FC050010FC0500F0FB050087
:10A6F000C4FA0500F0FC0500E0FC0500F0B58B6A2B
:10A7000001609BB00446002B7CD0C361C86A00285E
:10A7100000F08380A0628A69FF210FF017FA4FF0E2
:10A72000FF33216823626361486AC30640F0C38037
:10A73000002800F0D5800B6B002B75D0E363D1E9C6
:10A740000503B3FBF0F200FB1232002A40F0C18097
:10A75000C869B0FBF3F203FB1202002A40F0B2809A
:10A760004FF0FF35A0F10803B5FBF3F32B44B3FA28
:10A7700083F3C3F12003B0EB830FC0F085800B6A35
:10A78000A363C4E90155C4E90322C4E90B2284F898
:10A79000402062630026012704AA0FA92046CDE9C4
:10A7A0000467FBF7E5F9054660B123689A6A002A59
:10A7B00046D0DA6A002A3ED01B6B002B45D02846D3
:10A7C0001BB0F0BD2146109B51F8142B126A934226
:10A7D00080F08D802020029007AE1020CDE9000689
:10A7E0002A462046FAF79EFF05460028DDD1DDE91E
:10A7F0000810424B0D9A9A42C4E9011029D06FF01B
:10A800003305D2E7486903F047FAE061002831D008
:10A810002168C86A00287FF47DAF886903F03CFA9C
:10A82000A06238B3216876E7C00803F035FAE06328
:10A8300000B3216883E7A06A03F042FA2368BBE70C
:10A84000E06903F03DFA2368B3E7E06B03F038FA00
:10A85000B5E70E9AA3F18773A3F580639A42CED130
:10A860000C9B1A0C012A02D19BB2012BA7D96FF0C5
:10A8700015059AE723689A6AC2B1DA6A8AB11B6B36
:10A880004BB16FF00B059AE71D4B1E4A1E4840F670
:10A8900023010FF091F8E06B03F012FA6FF00B0553
:10A8A0008DE7A06A03F00CFA2368E8E7E06903F09B
:10A8B00007FA2368E1E7154B124A134840F61301E3
:10A8C0000FF07AF8124B0F4A0F484FF402610FF065
:10A8D00073F8104B0B4A0C4840F61F010FF06CF850
:10A8E0000D4B084A084840F614010FF065F80B4B71
:10A8F0000B4A054812210FF05FF800BF6C697474B1
:10A9000088FC05003CFD0500E4FA0500F0FB0500AD
:10A9100058FC050028FC050010FC0500C4FA0500E1
:10A92000E0FC050003689A6A10B504462AB1DA6AA9
:10A9300052B11B6B7BB1002010BDC06903F0C0F9A0
:10A940002368DA6A002AF4D1A06A03F0B9F923680F
:10A950001B6B002BEFD1E06B03F0B2F9002010BDB0
:10A96000E2B170B4561E0E4D02680E444C1E14F82F
:10A97000013F83EA020101F00F01A64255F82110C0
:10A9800081EA121282EA131303F00F0355F8233001
:10A9900083EA1212EBD170BC02607047704700BFAF
:10A9A00048FD050010B5034B03600446FAF7BAFAF8
:10A9B000204610BD90FD050010B5054B0360044610
:10A9C000FAF7B0FA204605F0A7FC204610BD00BFFC
:10A9D00090FD050008B500F0B5F9002008BD00BFE6
:10A9E00070B501F5ED51CC0182B004F18006FF2570
:10A9F000012220460DF1070114448DF8075000F0A4
:10AA0000A7F9A642F4D1002002B070BD08B501F547
:10AA1000ED5102EBC110029A194600F099F9B0FA13
:10AA200080F04009404208BD08B501F5ED5102EB48
:10AA3000C1111846029A00F0A3F90028CCBF0020EB
:10AA40000120404208BD00BF38B500210546FAF795
:10AA500089FA98B94FF46D24204604F5805400F02B
:10AA60009BF958B1B4F5742FF6D12846FAF79CFA41
:10AA700028460021BDE83840FAF774BA38BD00BF57
:10AA800010B5074C07492046FAF754FA064B2360E5
:10AA90002046064A0649BDE810400BF00DB900BF3C
:10AAA00014A200207C67002090FD050000600020BB
:10AAB000A5A904002DE9F04F83B00193002B37D0F6
:10AAC000DFF8749005460E4690461F46C6F30B0A03
:10AAD000CAF58054296906EA090BBC4228BF3C46E6
:10AAE000594526441BD04B1C4FF4805208460ED0CB
:10AAF000EB681BB16969984748B929692B68084612
:10AB00009847D5E904016B684FF480529847AB68C9
:10AB10006869C5F810B059464FF480529847686983
:10AB20004146224650440EF0E9FF3F1BA044CDD1E0
:10AB3000019803B0BDE8F08F00F0FFFF10B50446A8
:10AB40000069431C12D0E3682BB161694FF4805255
:10AB5000984740B9206923689847D4E9040163689D
:10AB60004FF4805298474FF0FF33236110BD00BF70
:10AB70002DE9F84307691D467B1C064688461446A6
:10AB800005D097420BD807F580539A4230D3B3686B
:10AB9000214640462A4698472846BDE8F88353197F
:10ABA0009F42F4D207F580539A42F0D2A7EB0409F2
:10ABB0004A462146B3684046E71B98477A1908EB96
:10ABC00009004FF4805C0021624528BF624673692A
:10ABD000174619444F440EF091FFBD42DCD9B368CB
:10ABE000E11908EB0700EA1B98472846BDE8F883FF
:10ABF000A7EB040C0CF5805CE11B2A4640464FF0A5
:10AC00000009E1E729DF704728DF704712DF70474E
:10AC100008B50EF065FFB0FA80F0400908BD00BF2E
:10AC200010B514460EF06AFF204610BDF0B583B093
:10AC3000074600230DF1070016460C46D5088DF88F
:10AC40000730FFF7E3FF01E002F0DAFF2A46214672
:10AC50003846FFF7D7FF112803464FF00100F3D025
:10AC6000D3B99DF80730D3B907EB560704EB560468
:10AC700001E002F0C5FF2A4621463846FFF7C2FF31
:10AC8000112803464FF00100F3D02BB99DF807308F
:10AC900063B9304603B0F0BD002003B0F0BD084BEF
:10ACA0004FF0FF31186803F0ADFCDDE7044B4FF0C7
:10ACB000FF31186803F0A6FC304603B0F0BD00BFBA
:10ACC000B8B2002030B5184D296883B00446D9B118
:10ACD000240B01E002F094FF2046FFF795FF1128B6
:10ACE00003464FF00100F5D013B1002003B030BD92
:10ACF0000DF107008DF80730FFF788FF9DF807304A
:10AD00004BB9012003B030BD0A2003F059F8286088
:10AD10000028DDD1E9E728684FF0FF3103F072FC2D
:10AD2000012003B030BD00BFB8B20020044B18684A
:10AD300020B100231A46194603F074B8704700BFCB
:10AD4000B8B200200148FFF7F9BE00BFB467002089
:10AD500010B4094CA0420AD3B0F5742F07D21346A1
:10AD60005DF8044B0A4601460448FFF7A3BE4FF0C6
:10AD7000FF305DF8044B704700700200B46700209C
:10AD800010B40C4613460146224602485DF8044BB7
:10AD9000FFF7EEBEB467002030B5184D296883B0C8
:10ADA0000446D9B1240B01E002F02AFF2046FFF748
:10ADB0002BFF112803464FF00100F5D013B10020FE
:10ADC00003B030BD0DF107008DF80730FFF71EFF0F
:10ADD0009DF807304BB9012003B030BD0A2002F0C6
:10ADE000EFFF28600028DDD1E9E728684FF0FF3148
:10ADF00003F008FC012003B030BD00BFB8B2002052
:10AE0000704700BF10B40468E468A4465DF8044BC2
:10AE1000604700BF30B40468BDF808500295646B09
:10AE2000A44630BC604700BF30B40468BDF8085089
:10AE30000295A46BA44630BC604700BF704700BFBA
:10AE400001F003038376CB0702D48368C3607047A5
:10AE5000428903898281C381704700BF2DE9F04395
:10AE600087B09942BDF93840BDF83C60054622D014
:10AE7000A24212D00768DFF88480D7F81090C1454D
:10AE800033D1CDE9004628467C6AA0472B689B6AEF
:10AE9000434525D107B0BDE8F08399421CDC286802
:10AEA0000E96846B01335B1A1BB22846A44607B08A
:10AEB000BDE8F0436047A24202DD134622461C462D
:10AEC00028680E96631C446B9B1A1BB22846A44646
:10AED00007B0BDE8F0436047084619460346DEE781
:10AEE000284607B0BDE8F0431847CDE90423039195
:10AEF000C847DDE904232F680399C2E701AE0400C7
:10AF00002DE9F0430668144FD6F8108085B0B84597
:10AF10001C46BDF8309005460B4610D1013C144448
:10AF200024B2CDF8049000941946746A2846A047CC
:10AF30002B689B6ABB4209D105B0BDE8F083CDE91F
:10AF40000212C047DDE902322E68E7E7284605B065
:10AF5000BDE8F043184700BF01AE04002DE9F04101
:10AF6000D0F800C0134DDCF8106084B0AE42BDF8DC
:10AF700028700446984610D108F1FF3301970B441E
:10AF800000921BB2DCF824602046B04723689B6A1D
:10AF9000AB420AD104B0BDE8F081CDE90212B0475E
:10AFA000DDE90212D4F800C0E6E7204604B0BDE8AF
:10AFB000F041184701AE04002DE9F04FD0F800C071
:10AFC0001F46DCF810601E4B83B09E42BDF93090E6
:10AFD000BDF834A005460C46904627D12744A74229
:10AFE0001CDDDFF860B008E00134DCF8346024B226
:10AFF000B047BC42D5F800C010DADCF81C60CDF8D0
:10B0000000A05E454B46424621462846ECD001341E
:10B0100024B2B047BC42D5F800C0EEDBDCF82830E3
:10B02000074A934206D103B0BDE8F08FB047D5F888
:10B0300000C0D3E7284603B0BDE8F04F184700BF73
:10B0400001AE040015AE04002DE9F04FD0F800C0A9
:10B05000DFF8C490DCF810A085B0CA45BDF938808F
:10B06000BDF83C70044616461D4643D1DCF820B0BE
:10B07000DFF8A8A00097D34508BFDCF838B00391EB
:10B080002B4632462046D84723680399D3F820B090
:10B09000009708F1FF323244D34512B235D1D3F8CC
:10B0A00038A003912B462046D04703992368DFF848
:10B0B00070A0D3F81CB00097D34508BFD3F834B0C4
:10B0C0000391434632462046D847226803996B1EB7
:10B0D000D56900975545194408BF556B434609B2D9
:10B0E00032462046A84723689B6A4B4508D105B0E5
:10B0F000BDE8F08F0391D047D4F800C00399B5E7BD
:10B10000204605B0BDE8F04F184703912B46204676
:10B11000D8470399CAE700BF01AE040029AE040076
:10B1200015AE04002DE9F04FD0F800C0DFF898A06C
:10B13000DCF83CE083B0D645BDF93080BDF83490F2
:10B1400030D1DFF888B01E46DCF810305B4505468C
:10B150000C46174632D12644B4421CDAB24608E007
:10B160000134DCF8346024B2B0475445D5F800C04F
:10B1700011DADCF81C60134BCDF800909E423A4681
:10B18000434621462846EBD0013424B2B04754450B
:10B19000D5F800C0EDDBDCF828305B4509D103B001
:10B1A000BDE8F08FF446CDE90C8903B0BDE8F04F5F
:10B1B0006047284603B0BDE8F04F18479847D5F8D8
:10B1C00000C0C8E715AE0400B9AF040001AE04002A
:10B1D0002DE9F04FD0F800C0234BDCF83C60B0F90B
:10B1E0000C80B0F90E709E4283B00D462AD1DCF877
:10B1F0001030DFF878A05345044631D1B8F1000F84
:10B2000019DD0026DFF868B03146DCF81C900095A7
:10B21000D94508BFDCF834903B464FF00002204689
:10B220001EBF3B46002220460136C84731B2884542
:10B23000D4F800C0E9DCDCF8283053450BD103B06A
:10B24000BDE8F08F0022CDE9007143461146B047BA
:10B2500003B0BDE8F08F204603B0BDE8F04F1847BB
:10B260009847D4F800C0C9E7B9AF040001AE0400A4
:10B2700015AE04002DE9F04F85B01D46BDF93860CC
:10B28000BDF83C90B31A002B8846A5EB0101B8BF6E
:10B290005B420029B8BF49428B4207467CDDAC4681
:10B2A0004446AA46404635469046664622468C4667
:10B2B000A8455EDDA0EB0A00A8EB050E80EAE07C65
:10B2C000CEF3C0344FF6FF7A04FA8EF4ACEBE07C98
:10B2D000B242C8BF4FF0010A1FFA8EF0641002900C
:10B2E000CDF80CA08B42314B01931FFA8CFA33DC62
:10B2F000D7F800C0019BDCF814B09B4508BFDCF810
:10B300000CB029464B4632463846D847A4EB0A03D0
:10B310001CB20135002C2DB29BB205DA029A1344FF
:10B320001CB2039B1E4436B2A845E1DA05B0BDE865
:10B33000F08FDCF80CB0D847A4EB0A031CB201353F
:10B34000002C2DB29BB205DA029A13441CB2039B67
:10B350001E4436B2A845E9DBD7F800C0019BDCF8F3
:10B3600014B09B452A464B4631463846E1D0D84773
:10B37000E2E7A5EB0800C0F3C03404FA80F4B2425F
:10B3800080B202904FEA640428461646454607DA22
:10B39000012203928046A5E71046B2469C4687E705
:10B3A0004FF6FF72039280469CE700BF05AE040093
:10B3B00030B4094C094D018142818181C2814FF035
:10B3C000FF310022C0E905140560426030BC026113
:10B3D00002770262704700BF01010001A00206006F
:10B3E0002DE9F04F87B0D0F800C0BDF9406005935B
:10B3F000F31D48BF06F10E03DB1017460393DCF87C
:10B4000010202C4BBDF94440BDF848B09A4281460B
:10B41000884645D1002C3BDD3C44002523B20295F3
:10B420000493002E2BDD059A02990A440023019211
:10B4300013F0070F08BF019A9CB24FEAE3034FEAEB
:10B4400045050CBFD55CEDB204EB080115F0800F8B
:10B4500009B210D0DCF814A0174B9A4508BFDCF8ED
:10B460000CA05B463A4648461EBF5B463A464846F5
:10B47000D047D9F800C0013423B29E42D8D1DDE9CB
:10B480000232134401370293049B3FB29F42C8D15A
:10B49000DCF82830074A934206D107B0BDE8F08FA8
:10B4A0009047D9F800C0B5E7484607B0BDE8F04F6F
:10B4B000184700BF01AE040005AE04002DE9F04FAF
:10B4C00097B08346BDF880400C94BDF88440039447
:10B4D000006A9DF8884004949DF88C400694099178
:10B4E0009046002800F0F580027AD0E900019B1A0E
:10B4F000DBB201EBC30231F8333005939378039349
:10B50000D378119392F905301593049B92F9064074
:10B510000790012B40F2D580BDF954300D9323B232
:10B520001293AC4BDBF800C008931A46DCF81030DD
:10B53000934240F0A481119B002B00F0B4801FFACD
:10B5400088F30022139323440F92149392460E9291
:10B55000039B002B00F09F800E9B129A0699139874
:10B56000DDF83C909A1802FB01021499CB181BB22B
:10B570000FFA82F810934B460025C146984608E022
:10B58000039B0135EDB24FEA4A0AAB425FFA8AFAF1
:10B590007CD943465A1C5B075FFA82F806D1059AAC
:10B5A0000799531C9BB211F802A005931AF0800F63
:10B5B000E6D0049B012B49D00D9BDCF81860864A2D
:10B5C0000998BDF918705C19049B964204FB0304AA
:10B5D00024B21BB250D1DCF83C60804A96424BD179
:10B5E000DCF81030089A934266D1049B2344A342AE
:10B5F00022DDCDE90A85DDF830801D4608E0013402
:10B60000DCF8346024B2B047A54211DDDBF800C09D
:10B61000DCF81C60724BCDF800809E424A463B46E7
:10B6200021465846EBD0013424B2B047A542EDDCA8
:10B63000DDE90A85DBF800C0DCF82830089A93427F
:10B640009ED058469847DBF800C099E7069B012B2F
:10B65000B2D1159B099ADCF814409918614B109AE5
:10B660009C42294408BFDCF80C400C9B09B25846A8
:10B67000A047DBF800C083E70C9A2146CDE90072B1
:10B6800058464A46B047DBF800C079E71A460F9B98
:10B690001344DBB20F930E9B119A0133DBB29A4233
:10B6A0000E933FF655AFDCF82830089A934240F0ED
:10B6B000CB8017B0BDE8F08F58469847DBF800C044
:10B6C00093E7069B012B3FF627AF002312930D93C0
:10B6D00027E7BBF90C208A42EBDDBBF90E2042457F
:10B6E000E7DD0498062212FB0012002AE1DD08EBD8
:10B6F000C402002ADDDD9BF81C20002A00F0C48073
:10B70000344ADBF800000892114602698A4240F090
:10B71000C080BDF824403449CDF81C8003EB83037E
:10B72000CB18621D0D93CDE90A4493B20E93DDF858
:10B730003080BDF81030069F0F9310940346584692
:10B740000D9ABDF928B012F8016B0D923AB2BDF90D
:10B7500010A00992082400251AE0049A012A22D098
:10B76000CDF80480099A0092079AD3F818900590B2
:10B7700005FB0722534612B25946C847059803688D
:10B78000013C013514F0FF046DB24FEA56062DD08E
:10B79000F207E2D4039A9045F2D0049A012A58D0D5
:10B7A000039A0192DEE7012FDAD1079AD3F81490B9
:10B7B0000590AA180FFA82FC0A4ABDF92C1091458F
:10B7C00008BFD3F80C9062464346C8470598036803
:10B7D000D6E700BF01AE040025B10400B9AF0400F4
:10B7E00015AE040005AE040098FD05000B9A0F9CF1
:10B7F000013291B20A9A0B91224492B20A920E9AA5
:10B800008A429DD1039ADDF81C80834618460C9B22
:10B81000934214D0049B012B42D0069A0F9B10999F
:10B82000D200009203EB8303039A019219448469C6
:10B83000049B584609B24246A047DBF80000836AE1
:10B84000089A93423FF435AF584617B0BDE8F04F21
:10B850001847012FA4D1079AD3F814900590AA187D
:10B860000FFA82FC174ABDF92C10914508BFD3F896
:10B870000C90039B6246C8470598036880E75846CA
:10B880009847DBF800C056E6AF2B84BF0133DBB22C
:10B8900036E7059358469047DBF80000059B38E7EC
:10B8A000069B012BB9D1C469074B00929C4208BF8B
:10B8B000446BBDF93810584642460823A047DBF8D0
:10B8C0000000BCE705AE040015AE04002DE9F04110
:10B8D000036A84B08046002B3ED00A2930D00D295F
:10B8E00036D01A7A914233D39C7A8C4230D35C683A
:10B8F0008A1AD2B204EBC204A278BAB1E578ADB12B
:10B90000C57E002D6ED1077E437EB0F91050B0F990
:10B910001220B8F816000393B8F814600297CDE926
:10B9200000600B4640462946FFF7C8FD2179B8F86C
:10B93000102098F8183001FB0323A8F8103007E016
:10B94000002202821B7B428A417E01FB0323438249
:10B95000012004B0BDE8F0810A2924D00D29F7D0D8
:10B96000C27EB0F9104042BBB0F91220057E467E7F
:10B97000B8F816700396B8F8146002950B46404666
:10B98000CDE900672146FFF799FD98F81830B8F81F
:10B99000102003EB430302EB43030120A8F810300F
:10B9A00004B0BDE8F081428A417E038202EBC1030C
:10B9B0004382012004B0BDE8F081057EB0F90C603F
:10B9C000062212FB0542B24208DD428A467E03820D
:10B9D00002EBC60212B21C464282C9E7B0F912203D
:10B9E000467EC5E794F90560B0F91050077EB0F9BE
:10B9F0000CC0324407FB0252624503DC437EB0F9BF
:10BA0000122086E7002505821A7B468A437E02FBC8
:10BA1000036212B242827CE7012938BF012101761C
:10BA2000417670472DE9F04F8C6887B014B907B0A4
:10BA3000BDE8F08F0D68119C10990A802380139C3B
:10BA400000212180129C218015F8011B0029EED0D5
:10BA500047F6FF764FF0FF3A046A0196D146B346A7
:10BA6000002C00F082800A2900F095800D295FD01B
:10BA700094F808C08C455BD8A77A8F4258D3A1EBC5
:10BA80000C0C6168C77E5FFA8CFC01EBCC0C9CF857
:10BA9000036002969CF8046003969CF906609CF88B
:10BAA00002109CF905E004967FB190F81880B0F977
:10BAB0000CC00EEB010708FB0727674500F3B080B9
:10BAC0009EB2477E059692B205E09EB290F818802D
:10BAD000477E059692B2029E01FB08F116FB07FC19
:10BAE000049E013902913146059E01FB07670299C8
:10BAF000039E0EFB082E11FA8EF10CF1FF3C09B2E9
:10BB00001CFA87FC89450FFA8CFC0FFA8EFEB8BF31
:10BB100089460199E2453FB2B8BFE246F345A8BF66
:10BB2000F346B94206FB0822A8BF3946019112B27A
:10BB300015F8011B002993D1D945019E08DB109A05
:10BB400009F10103A2F800B0129AA3EB0B031380D2
:10BB5000B245FFF66CAF119A0AF101031680139AF1
:10BB60009B1B138007B0BDE8F08F0A291FD00D2959
:10BB7000DED0C17E077E29B307EB470EB0F90CC0BB
:10BB800002EB4E0161454FEA4E0E42DC8E461FFA33
:10BB900082FC417E1CE0417E227B01FB023315F8D2
:10BBA000011B1BB2002200297FF45AAFC4E7427E7A
:10BBB00015F8011B03EBC2031BB2224600297FF4D8
:10BBC0004FAFB9E70626417E16FB072E1FFA82FC0F
:10BBD00008260EF1FF3E16FB01310139CE45C8BFE4
:10BBE0000FFA8EF95145C8BF0FFA81FA9345A8BFE5
:10BBF0009346019A15F8011B9A4207EB4707A8BF25
:10BC00001A460CEB470701923AB200297FF428AF9D
:10BC100092E7417E03EBC1031BB2A4462246D7E75D
:10BC2000227B477E02FB07339AB205921BB20022A9
:10BC300051E700BF002918DB30B4B0F90C408C424A
:10BC400011DD002A0FDBB0F90E4094420BDD847E3B
:10BC5000022C4DD0032C45D0012C3DD0012B2AD0F5
:10BC6000022B16D013B130BC70477047002A0589EB
:10BC7000C46A1346B8BFD31DDB1013FB051102F0D5
:10BC80000702635C012000FA02F223EA0203635414
:10BC9000E9E7002A0489C06A1346B8BFD31DDB1048
:10BCA00013FB041102F00702445C012303FA02F2C1
:10BCB00062404254D7E7002A0489C06A1346B8BFDD
:10BCC000D31DDB1013FB041102F00702445C0123B7
:10BCD000934023434354C6E70489D24314440A469D
:10BCE00021B2BBE74489013C641A114622B2B5E790
:10BCF00004894589D243013C2A44611A12B209B22F
:10BD0000ACE700BF0029BCBF5B181BB2F0B4B8BFE2
:10BD10000021B0F90840BDF810605F18A742C4BF09
:10BD2000631A1BB2002B0D460FDDD7100121C06A2C
:10BD300002F0070214FB075401FA02F28E42044497
:10BD4000D2B26ED0022E38D00EB1F0BC70471FFABE
:10BD500083FC0CF1FF3399B2D2430229D2B21BB259
:10BD60001CD9314662F3070162F30F2162F31741D8
:10BD70004FEA9C0762F31F6104EB870725462646BE
:10BD800055F8040B0840BD4246F8040BF8D12CF0DE
:10BD900003015B1A61451BB20C44D6D021781140D7
:10BDA0002170002BD1D06178012B01EA0201617072
:10BDB000CBD0A3781A40A270C7E71FFA83FC0CF11E
:10BDC000FF3399B202291BB21CD9002762F307077F
:10BDD00062F30F2762F317474FEA9C0662F31F676F
:10BDE00004EB86062046254650F8041B7940B042F5
:10BDF00045F8041BF8D12CF003015B1A8C451BB2EB
:10BE00000C44A2D0217851402170002B9DD0617844
:10BE1000012B81EA0201617097D0A3785A40A27089
:10BE200093E71FFA83FC0CF1FF3399B202291BB28E
:10BE30001DD9002762F3070762F30F2762F3174744
:10BE40004FEA9C0662F31F6704EB860620462546F0
:10BE500050F8041B3943B04245F8041BF8D12CF0CC
:10BE600003015B1A8C451BB20C443FF46EAF217882
:10BE700011432170002B3FF468AF6178012B41EA38
:10BE8000020161703FF461AFA3781A43A2705CE7CE
:10BE90002DE9F041847EBDF81860022C17467FD052
:10BEA000032C78D0012C65D0002961DBB0F908C0E3
:10BEB0008C455DDD002FBEBFDB1900271BB2B0F93A
:10BEC0000A403A461A44A242C4BFE31B1BB2002BED
:10BED0004EDDC7F3C402C46A1CFB021117F007024F
:10BEE000DBB204EB010524D0C2F1080E5FFA8EFE2E
:10BEF0004D4F734517F80E705DD2AEEB030C4FF04B
:10BF0000FF0848FA0CF808EA070C012E4FFA8CF8E3
:10BF1000674667D0022E52D056BB675C27EA0807F7
:10BF20006754734524D3B0F90810083A1344DBB2C0
:10BF30000D44072B10D9022E5BD0002E14BFFF2416
:10BF400000241A462C70083AB0F90810D2B2072A19
:10BF50000D44F7D803F0070353B1344A012ED35CE4
:10BF60005ED0022E55D01EB92A7822EA03032B7028
:10BF7000BDE8F0810589D4182C1B27B20029F7DB16
:10BF8000B0F90A208A42F3DD06960A463946BDE832
:10BF9000F041FFF7B7BE4489CA43224411B2EDE72E
:10BFA000B0F808C04489CD431A4405EB0C01A41A2B
:10BFB00009B227B278E7012E14D0022E06D114F868
:10BFC00001C087EA0C0C04F801C0AAE72EB3083AB6
:10BFD0001344DBB2072B6544AFD8002BC8D0134AFB
:10BFE000D35CBEE714F801C047EA0C0C04F801C0AA
:10BFF00097E71A462978C9432970083AB0F908101A
:10C00000D2B2072A0D44F5D813F00703B0D0074A7F
:10C01000D35C2A7853402B70AAE74FFA87F87CE765
:10C020002A7813432B70A3E7E0070600E807060011
:10C03000F8B50446806A0D4650B394F83010EEF718
:10C040001DFAA06A036800211B6898472F1D01266E
:10C05000A06A15F8011B03681B6898470136BD42AA
:10C06000B6B210D03F2EF3D1A06AEEF76FFA94F873
:10C070003010A06AEEF702FAA06A036800211B687C
:10C0800098470126E4E7A06ABDE8F840EEF75EBAFB
:10C09000226C216D136823EA010313602E1D04E056
:10C0A000F8F7DAF9B54200F09280606A15F8011BE2
:10C0B0000028F5D1D4E90E23A76C106811F0800F89
:10C0C0000CBFB843384310601868E76C38431860F9
:10C0D0001868E76C20EA070018601068A76C11F078
:10C0E000400F0CBFB843384310601868E76C384302
:10C0F00018601868E76C20EA070018601068A76CE1
:10C1000011F0200F0CBFB843384310601868E76C7B
:10C11000384318601868E76C20EA07001860106858
:10C12000A76C11F0100F0CBFB843384310601868AB
:10C13000E76C384318601868E76C20EA070018605D
:10C140001068A76C11F0080F0CBFB843384310609B
:10C150001868E76C384318601868E76C20EA070035
:10C1600018601068A76C11F0040F0CBFB843384377
:10C1700010601868E76C384318601868E76C20EAAC
:10C18000070018601068A76C11F0020F0CBFB843CD
:10C19000384310601868E76C384318601868E76C1B
:10C1A00020EA0700186011F0010FA06C116814BF9D
:10C1B0000143814311601A68E16C0A431A601A68EE
:10C1C000E16CB54222EA01021A607FF46EAFF8BD5D
:10C1D0002DE9F041847EBDF81860022C7DD0032C3F
:10C1E00076D0012C0AD0002A70DBB0F90A409442C4
:10C1F0006CDD0696BDE8F041FFF784BD0489D243AB
:10C20000224412B2002A61DBB0F908C094455DDD1A
:10C210000029BEBF5B1800211BB2B0F90A500C46C2
:10C220001C44AC42C4BF6B1A1BB2002B4EDDC1F3E1
:10C23000C404C56A1CFB042211F00701DBB205EB44
:10C24000020724D0C1F1080E5FFA8EFE444C7345FC
:10C2500014F80E404AD2AEEB030C4FF0FF0848FA38
:10C260000CF808EA040C012E4FFA8CF8644654D0FE
:10C27000022E3FD056BBAC5C24EA0804AC54734594
:10C2800024D3B0F9082008390B44DBB21744072B3C
:10C2900010D9022E48D0002E14BFFF2400241A46C5
:10C2A0003C70083AB0F90810D2B2072A0F44F7D808
:10C2B00003F0070353B12B4A012ED35C4BD0022E5F
:10C2C00042D01EB93A7822EA03033B70BDE8F08100
:10C2D00044891944641A21B294E7448905891944B0
:10C2E000D24322446D1A12B229B27CE7012E14D037
:10C2F000022E06D115F802C084EA0C0C05F802C023
:10C30000BDE72EB308390B44DBB2072B6744C2D814
:10C31000002BDBD0134AD35CD1E715F802C044EA06
:10C320000C0C05F802C0AAE71A463978C9433970DF
:10C33000083AB0F90810D2B2072A0F44F5D813F022
:10C340000703C3D0074AD35C3A7853403B70BDE73C
:10C350004FFA84F88FE73A7813433B70B6E700BF93
:10C36000E0070600E80706002DE9F041079F9DF968
:10C370001880124E04461D46FFF71AF8104B11485C
:10C38000A765002D08BF1D464FF6FF7CFF234FF425
:10C3900080710022089F84F83780A4F834C0A4F884
:10C3A000681084F8333084F836306066E765A5623B
:10C3B00026606262E2622046BDE8F08194070600D2
:10C3C0009C8B002000093D0010B50446C06A08B1EE
:10C3D00001F04CFC204610BD70B50446806A0D4645
:10C3E00090B194F83010EEF749F8A06A0368002184
:10C3F0001B689847A06A036829461B689847A06A8B
:10C40000BDE87040EEF7A2B8226C266D1368606A32
:10C4100023EA0603136018B1BDE87040F8F71CB8B2
:10C42000D4E90E23A06C11682E0654BF814301434A
:10C4300011601968E06C014319601968E06C21EA29
:10C44000000119601168A06C6E0654BF814301435E
:10C4500011601968E06C014319601968E06C21EA09
:10C46000000119601168A06CAE0654BF81430143FE
:10C4700011601968E06C014319601968E06C21EAE9
:10C48000000119601168A06CEE0654BF814301439E
:10C4900011601968E06C014319601968E06C21EAC9
:10C4A000000119601168A06C2E0754BF814301433D
:10C4B00011601968E06C014319601968E06C21EAA9
:10C4C000000119601168A06C6E0754BF81430143DD
:10C4D00011601968E06C014319601968E06C21EA89
:10C4E000000119601168A06CAE0754BF814301437D
:10C4F00011601968E06C01431960E06C196821EA69
:10C50000000119601168A06CED074CBF0143814325
:10C5100011601A68E16C0A431A60E16C1A6822EA39
:10C5200001021A6070BD00BF38B50446806A0D462E
:10C5300080B1A16DEDF7E4FE002D204614BFA721C8
:10C54000A621FFF749FFA06A88B1E16DBDE8384038
:10C55000EDF7D6BE606A18B1D4E91912F7F7E0FE1C
:10C56000626C616D136823EA01031360E4E7626C97
:10C57000616D1368606A0B43136018B1BDE8384001
:10C58000F7F730BF38BD00BF2DE9F041044686B053
:10C59000C06A9DF8308015460F46B4F90A201E4641
:10C5A000002800F01D82D31D48BF02F10E03B4F92C
:10C5B0000820DB1002FB03F200210DF0C7FAB4F9EA
:10C5C0000A00B4F90810202800F3D480203800EBCA
:10C5D000D07073394FF0010E4FF0200C40F34F0232
:10C5E00001EBD1717320CDE9000C9B4BCDF808E035
:10C5F000204641F34F01FEF7F3FEA06A84F8317044
:10C60000002800F0D480002D40F0DD81B4F90A301C
:10C61000202B0CBF3C253D2584F83050B8F1000F8D
:10C6200040F0D881002E00F0FB8094F937000028FC
:10C6300017DB012104F046FD012194F9370004F0D5
:10C64000C5FD012001F0DCFA002194F9370004F067
:10C65000BDFD0A2001F0D4FA94F93700012104F05D
:10C66000B5FDA06A002840F0DB80606A18B1D4E90B
:10C670001912F7F755FE626C616D136823EA010326
:10C68000136076492046FFF7D3FCA17A0139C9B27D
:10C690002046FFF7A1FE72492046FFF7C9FC94F936
:10C6A0003130012B0CBF102114212046FFF794FEDE
:10C6B0006C492046FFF7BCFCA3686B4A8F2193426C
:10C6C00084F860100CD002F50012934200F09B81B8
:10C6D000664A934200F0AF81654A934200F0A1811F
:10C6E0000225DA212046FFF777FE29462046FFF78C
:10C6F00073FE81212046FFF76FFE94F860102046FC
:10C70000FFF76AFED9212046FFF766FE94F9313023
:10C71000012B20460CBF2221F121FFF75DFEA06A0C
:10C72000002800F08F8094F83010524EEDF7A6FEEE
:10C73000A06A036800211B689847B71D0125A06AFD
:10C7400016F8011B03681B6898470135BE42ADB25D
:10C750006AD03F2DF3D1A06AEDF7F8FE94F83010BF
:10C76000A06AEDF78BFEA06A036800211B6898475A
:10C770000125E4E7403800EBD07052394FF0010E4C
:10C780004FF0400C40F34F0201EBD1715220CDE944
:10C79000000C394BCDF808E0204641F34F01FEF77D
:10C7A0001FFEA06A84F8317000287FF42CAF94F942
:10C7B0003500324D012104F085FC94F93600012149
:10C7C00004F080FC94F9353055F823201F2A00F23C
:10C7D000428101232A49934094F93620236555F874
:10C7E000222021641F2A00F2308101232448934033
:10C7F0004FF0A0416365D1F804256064606A13437B
:10C80000C1F80435002800F03181B8F1000F40F084
:10C810002781002E7FF409AFA06A00283FF425AFDE
:10C82000A16DEDF76DFD2CE7A06AEDF78FFEA06A14
:10C83000002800F0BB80E16DEDF762FD012006B03D
:10C84000BDE8F081226C216D13680A4D23EA0103D3
:10C850001360AF1D1AE000BFAC050600F00706002C
:10C86000F4070600F80706008000200060001000B2
:10C8700040002000FC070600EC0206000808060045
:10C8800004050050F7F7E8FDBD42D0D0606A15F806
:10C89000011B0028F6D1D4E90E23A66C106811F014
:10C8A000800F0CBFB043304310601868E66C304313
:10C8B00018601868E66C20EA060018601068A66C1C
:10C8C00011F0400F0CBFB043304310601868E66CA5
:10C8D000304318601868E66C20EA0600186010689B
:10C8E000A66C11F0200F0CBFB043304310601868E5
:10C8F000E66C304318601868E66C20EA06001860A1
:10C900001068A66C11F0100F0CBFB04330431060DC
:10C910001868E66C304318601868E66C20EA060078
:10C9200018601068A66C11F0080F0CBFB0433043BC
:10C9300010601868E66C304318601868E66C20EAEE
:10C94000060018601068A66C11F0040F0CBFB0430D
:10C95000304310601868E66C304318601868E66C65
:10C9600020EA060018601068A66C11F0020F0CBFD8
:10C97000B043304310601868E66C304318601868A4
:10C98000E66C20EA0600186011F0010FA06C116837
:10C9900014BF0143814311601A68E16C0A431A60B5
:10C9A0001A68E16C22EA01021A606DE7626C616D3F
:10C9B0001368606A0B43136078B3F7F713FD012027
:10C9C00006B0BDE8F0816DB284F83050B8F1000FC8
:10C9D0003FF428AEEDF738FC002E3FF41DAF24E6FF
:10C9E000D31D48BF02F10E03B4F90820DB1002FB8F
:10C9F00003F21046059201F01FF9059AE062002843
:10CA00007FF4DAAD1BE794F93130012B0CBF9F2383
:10CA1000CF2384F86030122563E6012006B0BDE81C
:10CA2000F08194F93130012B0CBF1023CF2384F80F
:10CA30006030122555E694F93130012B0CBF1023DC
:10CA4000AF2384F8603002254BE6203A01232348C7
:10CA500023499340CEE6203A012320499340BBE688
:10CA6000F7F71AFC002E3FF4D7AEDEE594F9330059
:10CA7000012104F027FB94F93400012104F022FB8A
:10CA800094F9333055F823201F2A1BD80123154968
:10CA9000934094F93420A36455F82220A1631F2AFF
:10CAA00015D801230F4893404FF0A041E364D1F81B
:10CAB0000425E06322EA0303C1F80435002E3FF4A5
:10CAC000ABAEB2E5203A012304499340E1E7203AB6
:10CAD0000123024802499340E8E700BF04080050E0
:10CAE0000003005004050050B0F90A20D31D48BFD0
:10CAF00002F10E03B0F90820C06ADB1002FB03F25A
:10CB000000210DF023B800BFF8B50446806A002864
:10CB100000F0FC80A16DEDF7F3FB8E492046FFF796
:10CB200087FAB4F90830402B00F008810021204634
:10CB3000FFF752FC217A0139C9B22046FFF74CFCBD
:10CB4000B4F90A202689D31D48BF02F10E03D4E9A7
:10CB50000A05DB1016FB03F39EB2002835D094F8CB
:10CB60003010EDF78BFCA06A036840211B689847E2
:10CB7000731E9BB2EEB10133EF180126A06A15F8BF
:10CB8000011B03681B6898470136BD42B6B210D03E
:10CB90003F2EF3D1A06AEDF7D9FC94F83010A06ACB
:10CBA000EDF76CFCA06A036840211B6898470126DA
:10CBB000E4E7A06AEDF7CAFCA06A002800F0B380A1
:10CBC000E16DBDE8F840EDF79BBB216C236D0A6871
:10CBD0001A43731E0A609BB2002E00F0A48001333A
:10CBE000EE1803E0F7F738FCB542E5D0606A15F8B7
:10CBF000011B0028F6D1D4E90E23A76C106811F0B0
:10CC0000800F0CBFB843384310601868E76C384396
:10CC100018601868E76C20EA070018601068A76CB5
:10CC200011F0400F0CBFB843384310601868E76C30
:10CC3000384318601868E76C20EA0700186010682D
:10CC4000A76C11F0200F0CBFB84338431060186870
:10CC5000E76C384318601868E76C20EA0700186032
:10CC60001068A76C11F0100F0CBFB8433843106068
:10CC70001868E76C384318601868E76C20EA07000A
:10CC800018601068A76C11F0080F0CBFB843384348
:10CC900010601868E76C384318601868E76C20EA81
:10CCA000070018601068A76C11F0040F0CBFB843A0
:10CCB000384310601868E76C384318601868E76CF0
:10CCC00020EA070018601068A76C11F0020F0CBF73
:10CCD000B843384310601868E76C38431860186828
:10CCE000E76C20EA0700186011F0010FA06C1168D2
:10CCF00014BF0143814311601A68E16C0A431A6052
:10CD00001A68E16C22EA01021A606DE7606A18B1E4
:10CD1000D4E91912F7F704FB626C616D136823EA1A
:10CD200001031360F9E6626C616D1368606A0B437E
:10CD3000136070B1BDE8F840F7F754BB20462021DE
:10CD4000FFF74AFB217A1F31C9B22046FFF744FBA7
:10CD5000F6E6F8BD0408060008B501210E2004F02F
:10CD6000B1F901210E2004F031FA0021162004F05F
:10CD7000A9F90121192004F0A5F90121192004F0D5
:10CD800025FA01210B2004F09DF901210B2004F06C
:10CD90001DFA01210D2004F095F901210D2004F068
:10CDA00015FA01210C2004F08DF9BDE8084001219D
:10CDB0000C2004F00BBA00BFF8B5174682B1054647
:10CDC0000E46002402E00134A74207D02B6816F873
:10CDD000011B1B68284698470028F4D12046F8BD5F
:10CDE0001446FBE70368104A2DE9F0415E680F68BE
:10CDF0008D68964212D175B10446002603E00136D3
:10CE0000B54208D023681B6817F8011B20469847D5
:10CE10000028F4D135462846BDE8F0812A46394637
:10CE20003346BDE8F0411847B9CD04002DE9F04183
:10CE30000C46D9B10768804608460DF084FD7B6832
:10CE4000104A9342064615D1D0B1002504E00135C1
:10CE5000AE4208D0D8F800703B6814F8011B404679
:10CE600098470028F3D12846BDE8F0810D462846B2
:10CE7000BDE8F081024621464046BDE8F041184732
:10CE80000546F0E7B9CD04002DE9F0470768DFF863
:10CE900094A0D7F8049004460E4600293AD00846DC
:10CEA0000DF051FDD145804622D1002836D0002515
:10CEB00003E00135A845276820D03B6816F8011B20
:10CEC000204698470028F4D12768D7F80490D14528
:10CED00018D13B680D212046984730B12368204681
:10CEE0001B680A219847B8B102352846BDE8F0878B
:10CEF000024631462046C84727680546D7F80490C1
:10CF0000D145E6D0064920460222C84705442846B6
:10CF1000BDE8F0870D46DAE70135E6E70546D6E7D6
:10CF20009C0A0600B9CD040003682DE9F041DFF842
:10CF300080805E680F688D68464504462CD17DB1BF
:10CF4000002603E00136B54223681AD01B6817F8A3
:10CF5000011B204698470028F4D1236835465E68B7
:10CF6000464511D11B680D212046984730B12368F2
:10CF700020461B680A219847A8B102352846BDE81B
:10CF8000F0815E684645EDD0084920460222B04750
:10CF900005442846BDE8F0812A463946B047236853
:10CFA00005465E68DCE70135E8E700BF9C0A06003D
:10CFB000B9CD04002DE9F0470768DFF894A0D7F851
:10CFC000049004460E4600293AD008460DF0BBFCFA
:10CFD000D145804622D1002836D0002503E0013516
:10CFE000A845276820D03B6816F8011B20469847C3
:10CFF0000028F4D12768D7F80490D14518D13B68B0
:10D000000D212046984730B1236820461B680A212D
:10D010009847B8B102352846BDE8F0870246314648
:10D020002046C84727680546D7F80490D145E6D082
:10D03000064920460222C84705442846BDE8F08735
:10D040000D46DAE70135E6E70546D6E79C0A060015
:10D05000B9CD04002DE9F0418AB000230546012A2C
:10D0600098BF0A228DF8243009ACB1FBF2F602FB1E
:10D070001610C3B209280F4603F130008ABF3733B8
:10D08000C3B2DBB2BA4204F8013D3146EDD92F6894
:10D0900020460DF058FC7B680F4A9342804612D11F
:10D0A00068B1002603E00136B04508D02F683B6820
:10D0B00014F8011B284698470028F4D1B046404692
:10D0C0000AB0BDE8F08102462146284698478046CE
:10D0D00040460AB0BDE8F081B9CD040070B50646FF
:10D0E0000D462AB90368BDE870401B68C9B21847ED
:10D0F0000A2A14460ED100290DDA03682D211B6877
:10D10000984722460346694230461C46FFF7A2FF75
:10D11000204470BDD2B2BDE87040FFF79BBF00BF96
:10D1200070B50446FFF7DAFF23680E4A5E68964240
:10D1300005460DD11B680D212046984730B1236864
:10D1400020461B680A21984748B10235284670BD21
:10D15000054920460222B0470544284670BD0135E6
:10D16000F4E700BFB9CD04009C0A060070B5044680
:10D17000BAB90268C9B2136898472368124A5E6850
:10D180009642054616D11B680D212046984730B1BE
:10D19000236820461B680A21984790B1023528462B
:10D1A00070BDD2B2FFF756FF2368074A5E68964209
:10D1B0000546E8D0054920460222B04705442846E6
:10D1C00070BD0135EBE700BFB9CD04009C0A060035
:10D1D00070B506460D462AB90368BDE870401B6865
:10D1E000C9B218470A2A14460ED100290DDA03687D
:10D1F0002D211B68984722460346694230461C464B
:10D20000FFF728FF204470BDD2B2BDE87040FFF7A1
:10D2100021BF00BF10B54022002104460CF096FC4F
:10D220000023C4E91033204610BD00BF10B4D0E97C
:10D230001024531C03F03F039C4218BF81545DF837
:10D24000044B18BF036470470023C0E910337047D4
:10D25000D0E91023934206D05A1CC35C02F03F026F
:10D260004264184670474FF0FF307047D0E91030E5
:10D27000181A48BF40307047D0E91023934214BFBA
:10D28000C05C4FF0FF307047D0E91030013303F03D
:10D290003F03181AB0FA80F04009704738B50C46C1
:10D2A0001749054600F0D0F900F09EFCE06008E068
:10D2B00003F082FC00F098FCD4E90232801A984214
:10D2C0001BD2236820461B6998470028F0DBC1B2B7
:10D2D000284600F003FB00F087FCE060236820464E
:10D2E0001B6998470028F2DA03F066FC00F07CFC2A
:10D2F000D4E90232801A9842F0D3284638BD00BFE4
:10D30000BC0A0600F8B514461D4654EA0503BDF8EC
:10D3100018C0064648D02B460020510841EAC37188
:10D320005F080A463B4652EA030100F10100F4D1CE
:10D33000252837DC2D49A6F812C0002D41EA5C0CE7
:10D3400008BF012CC6E90045A6F814C046D0224605
:10D350002B460020510841EAC3715F080A463B464C
:10D3600052EA030100F10100F4D1214A4300A2FB7B
:10D3700003235B0801279F4014F1FF3045F1FF3183
:10D380003A4600230CF088F92AB308247B1E9B1A26
:10D390000130013A10213082F360B260B475F1754A
:10D3A0000120F8BD0020F8BD104BA0F812C043EAE0
:10D3B0005C0C4FF48163C0E900456FF07F416FF072
:10D3C0007F404FF6FF72F382C6E90201A6F814C04F
:10D3D00032820120F8BD7A080C24D7E741F20C0113
:10D3E0000120F182C6E902233082F8BD0080FFFFF0
:10D3F000ABAAAAAA202901D90020704770B5434ED4
:10D400003368BFF35B8F0D465B684149BFF35B8FA9
:10D410008B4288B0044604D0306804F051F80028EC
:10D4200071D032683A4BBFF35B8F5268BFF35B8FAA
:10D430009A420ED1374BD3F80025D20709D5364A88
:10D440000120106000214FF0FF32C3F80015C3F82F
:10D450006025324A2F4B52F82520618AE57DC3F8BA
:10D4600060254FF0FF32C3F864250120C3F868251A
:10D47000C3F86C250722C3F80005C3F80C25002269
:10D48000C3F80425C3F8081504F11401C3F81025E6
:10D49000C3F80052C3F80023C3F82015C3F84015A1
:10D4A000C3F82405C3F84405A168C3F828151C492E
:10D4B000E568248AC3F84855C3F82C25C3F84C25E1
:10D4C000C3F814450A600B680193019B4A6004315C
:10D4D000144B0968029102991A6019680391039923
:10D4E0005A605968049104999A6099680591059960
:10D4F000DA60D968069106991A6110331B680793A0
:10D50000079B08B070BD002008B070BDBCB2002001
:10D51000546F6E6500200240042002400808060097
:10D52000042102400C2102402DE9F04346F29413FD
:10D53000A1F114059D4283B039D806460C46104629
:10D54000002A37D14FF00009C846344D34492F68BE
:10D55000BFF35B8F7F68BFF35B8F8F4203D0286878
:10D5600003F0AEFF18B32A682D4BBFF35B8F5268F0
:10D57000BFF35B8F9A421AD12A4BD3F80025D2070A
:10D5800009D5294A0120106000214FF0FF32C3F86D
:10D590000015C3F86025254F2549B1FBF4F4A4B26A
:10D5A0004A46434600943846FFF7ACFEC8B903B07C
:10D5B000BDE8F083B2F57A7F09D202FB01F3B3F53F
:10D5C0007A7F04D24FF001094FF00008BDE74FF415
:10D5D0007A720023A0FB04010CF05EF881468846B5
:10D5E000B3E731463846FFF705FF0028DFD02B6848
:10D5F0000B49BFF35B8F5B68BFF35B8F8B4204D03B
:10D60000286803F05DFF0028D1D0BB7D03F1804383
:10D6100003F5083301221A60C9E700BFBCB200203D
:10D62000546F6E650020024004200240C0B200200A
:10D6300048E80100024A034B92681A60704700BF35
:10D64000D8670020BCB20020F8B50026C0E900660B
:10D650000446866079B108460D460DF074F9074618
:10D66000013000F0E9FA30B1C4E900070670A760A4
:10D6700029460DF04FF92046F8BD00BFF8B58842A5
:10D680004FF00005C0E90055044685600DD00E68D6
:10D690005EB18F68781C00F0CFFA30B1C4E90007A2
:10D6A0000570A76031460DF035F92046F8BD00BF82
:10D6B00030B5044600238BB0C4E90033A3600846AC
:10D6C00001A902F08BFD01A80DF03DF92368054684
:10D6D00013B1626890420BD91846691C0DF0BCF872
:10D6E000034668B1A268C4E900050AB9027023685C
:10D6F000A56001A918460DF00DF920460BB030BD0C
:10D70000206808B100F0B2FA00232046C4E90133D2
:10D7100023600BB030BD00BF70B5044600238AB053
:10D7200010EE100AC4E90033A3600D468E1C0BF006
:10D7300005FB76B241EC100B01AA2946304600F0F9
:10D740003DFAE0B105460DF0FEF82368064613B138
:10D75000626890420BD91846711C0DF07DF80346A3
:10D7600068B1A268C4E900060AB902702368A6601D
:10D77000294618460DF0CEF820460AB070BD206844
:10D7800008B100F073FA00232046C4E90133236096
:10D790000AB070BD10B50446006800F067FA204674
:10D7A00010BD00BF884270B504461FD00D680068E8
:10D7B000ADB18E6810B163689E4209D9711C0DF03D
:10D7C0004BF858B1A368C4E900060BB90370206890
:10D7D000A66029460DF09EF8204670BD206808B16D
:10D7E00000F044FA0023C4E901332360204670BDF1
:10D7F000884238B5044612D000680D4628B16268E8
:10D800008B689A420DD200F031FAD5E90031AA684E
:10D8100023600023C4E90112C5E90033AB60204650
:10D8200038BD09680DF076F8AB68A3600023AB60E3
:10D83000204638BD70B50446E1B108460D460DF0EE
:10D8400082F82368064613B1626890420BD91846E5
:10D85000711C0DF001F8034660B1A268C4E900062E
:10D860000AB902702368A660294618460DF052F8DE
:10D87000204670BD206808B100F0F8F90023C4E923
:10D8800001332360204670BD29B370B505460846B4
:10D890000C460DF058F808B9012070BDAA682B6835
:10D8A000861813B169688E420CD91846711C0CF0A9
:10D8B000D3FF034668B1AA68C5E9000612B9027031
:10D8C0002B68AA68214698180DF024F8AE60012054
:10D8D00070BD002070BD0020704700BF30B5836868
:10D8E00083B0044600688DF8041000225D1C8DF89A
:10D8F000052010B1626895420AD9991C0CF0ACFF62
:10D9000060B1A368C4E9000513B903702068A36877
:10D91000184401A90CF0FEFFA560012003B030BD42
:10D9200030B50B4685B00546694618460A2202F016
:10D9300055FC68460DF007F810B9012005B030BD60
:10D940000346AA6828689C1810B16B689C420BD9E2
:10D95000611C0CF081FF0028F0D0AA68C5E9000422
:10D9600012B902702868AA68694610440CF0D2FF08
:10D970000120AC6005B030BD70B5054686B010EE34
:10D98000100A0BF0DBF901AA41EC100B0221042074
:10D9900000F014F906460CF0D6FF10B9012006B0CD
:10D9A00070BD0346AA6828689C1810B16B689C4239
:10D9B0000BD9611C0CF050FF0028F0D0AA68C5E913
:10D9C000000412B902702868AA68314610440CF0AD
:10D9D000A1FF0120AC6006B070BD00BF70B50E683D
:10D9E00004461EB18D685DB9204670BD206808B13F
:10D9F00000F03CF90023C4E901332360204670BDE8
:10DA000082680068154410B163689D420BD9691C97
:10DA10000CF022FF0028E9D0A268C4E9000512B981
:10DA200002702068A268314610440CF073FFA560B4
:10DA3000204670BD70B5044631B108460D460CF065
:10DA400082FF58B9204670BD206808B100F00EF979
:10DA50000023C4E901332360204670BDA268236817
:10DA6000861813B161688E420DD91846711C0CF0EE
:10DA7000F3FE03460028E7D0A268C4E9000612B905
:10DA800002702368A268294698180CF043FFA6602C
:10DA9000204670BD08B58A688368934201D0002093
:10DAA00008BD006850B1096829B10CF029FFB0FA2F
:10DAB00080F0400908BD3BB10078F8E70A681AB168
:10DAC00013B110784042F2E7012008BD826808B522
:10DAD0000B463AB161B100680CF012FFB0FA80F069
:10DAE000400908BD31B11878B0FA80F0400908BD8E
:10DAF0000368F8E7012008BD8368994203D20068F3
:10DB000010B1405C70470020704700BF83683BB194
:10DB100010B5046820460CF0E6FE20B1001B10BDD5
:10DB20004FF0FF3070474FF0FF3010BD9A422DE9A3
:10DB3000F0411746984604460D4601D9474690469F
:10DB40000026C4E90066A660012000F075F808B15F
:10DB500020600670AE68BE4202D82046BDE8F08163
:10DB600046452B6828BF4646002213F806809A5582
:10DB7000296820463944FFF75DFE2B6803F80680CC
:10DB80002046BDE8F08100BF006808B10BF035BF4A
:10DB9000704700BF006848B108B50BF02BFF51EC8F
:10DBA000100B0BF01BFC00EE100A08BD9FED010AE4
:10DBB000704700BF00000000FEE700BFD0B50B4675
:10DBC00086B0144657EC106B0246064901A80CF0CB
:10DBD0005BFE32463B4601A920460CF055FE20462E
:10DBE00006B0D0BD8C08060008B501F015FA4FF458
:10DBF0007A73A0FB0323900A40EA835008BD00BF5C
:10DC0000014638B54FF47A7200238002890D0BF07B
:10DC100043FD044601F000FA0546ECF797FD01F0DC
:10DC2000FBF9431B9C4200D838BD2C44201ABDE8A8
:10DC3000384001F029BB00BF10B5044601F080FD5B
:10DC4000022804D02046BDE810400BF039BF01F097
:10DC5000DBF920460BF034FF044601F085FA0CB1E5
:10DC6000204610BD02F0BAFFFAE700BF10B5044627
:10DC700001F066FD02280AD144B101F0C5F9204641
:10DC80000BF026FFBDE8104001F06EBA10BD204633
:10DC9000BDE810400BF01CBF10B582B0019001F040
:10DCA000B3F901980BF00CFF044601F05DFA14B1D2
:10DCB000204602B010BD02F091FF204602B010BD18
:10DCC00050B110B5044601F09FF920460BF000FF5B
:10DCD000BDE8104001F048BA704700BF38B51C4697
:10DCE0009DF8105043B3002908BF1A460123C4E928
:10DCF0000F01226084F8463002F07AF8D4E90F135D
:10DD00002268A26001FB03F1CB1A134400200A44ED
:10DD1000FF21A063E36084F84410626084F845103A
:10DD200004F1100003F036FC04F1240003F032FC8F
:10DD300002F068F884F84C50204638BDF8B5064625
:10DD400017460D4669B100FB01F05030FFF7A4FF04
:10DD5000044690B3002200F1500380F8462003608F
:10DD600007E05020FFF798FF044630B384F8465090
:10DD70002460C4E90F6502F03BF8D4E90F13226870
:10DD8000A26001FB03F1CB1A134400200A44FF21D7
:10DD9000A063E36084F84410626084F8451004F1E5
:10DDA000100003F0F7FB04F1240003F0F3FB02F092
:10DDB00029F884F84C702046F8BD00242046F8BDB0
:10DDC000F8B5064650200D46FFF766FF044630B30F
:10DDD00000272060C66380F84670076402F008F8E8
:10DDE000D4E90F322168A76303FB02F39A1A0A44AD
:10DDF0000B44FF26C4E90131E26084F8446004F179
:10DE0000100084F8456003F0C5FB04F1240003F022
:10DE1000C1FB01F0F7FF0223A56384F84C302046D4
:10DE2000F8BD00BF2DE9F047044684B01F460192BB
:10DE3000884600F1240601F0DBFFA26BE36BDFF8FC
:10DE400040939A424FF0000A7CD3022F00F0E88002
:10DE5000019D002D00F0128102ADBAF1000F00F01B
:10DE6000DB8001F0CFFF01F0CFF801F0C1FF94F8A3
:10DE70004430FF2B04BF002384F8443094F845302D
:10DE8000FF2B04BF002384F8453001F0BBFF284678
:10DE900001A901F0FFFB002840F0F68001F0A8FF87
:10DEA000A26BE36B9A4261D001F0ACFF01F0A0FFDE
:10DEB00094F845506DB2002D05DC12E06B1E13F096
:10DEC000FF0F5DB20DD0636A304653B101F084FBA1
:10DED0000028F3D001F012FC6B1E13F0FF0F5DB2AF
:10DEE000F1D1FF2384F8453001F08CFF01F080FF71
:10DEF00094F844506DB2002D15DD04F1100A04E0D1
:10DF00006B1E13F0FF0F5DB20DD02369504653B165
:10DF100001F062FB0028F3D001F0F0FB6B1E13F060
:10DF2000FF0F5DB2F1D1FF2384F8443001F06AFFA6
:10DF300001F01AF901F05CFFA26BE36B9A424FF01B
:10DF4000010A82D2226CA56B002A40F0E780266885
:10DF5000002E00F0F9800135A563636A002B7CD1A7
:10DF600001F050FF012004B0BDE8F08704F1100A71
:10DF700001F048FF0199504601F0B2FA01F038FF74
:10DF800094F845506DB2002D05DC12E06B1E13F0C5
:10DF9000FF0F5DB20DD0636A304653B101F01CFB38
:10DFA0000028F3D001F0AAFB6B1E13F0FF0F5DB247
:10DFB000F1D1FF2384F8453001F024FF01F018FF70
:10DFC00094F844506DB2002D05DC12E06B1E13F086
:10DFD000FF0F5DB20DD02369504653B101F0FCFA3A
:10DFE0000028F3D001F08AFB6B1E13F0FF0F5DB227
:10DFF000F1D1FF2384F8443001F004FF01F0B4F8BC
:10E00000002897D14FF08053C9F8043040BFBFF3C8
:10E010004F8FBFF36F8F8DE7284601F02FFB20E76E
:10E02000226CA56B002A92D04146E0680BF066FD99
:10E03000226CE36821689B1A8B42E360C2F1000204
:10E0400004D263681A44E260022F84D1002D83D188
:10E050000123A363636A002B82D004F1240001F042
:10E06000BBFA00283FF47CAF454B4FF080525A601A
:10E0700040BFBFF34F8FBFF36F8F71E701F0C2FE58
:10E08000284604B0BDE8F08701F0B2FE94F8455090
:10E090006DB2002D15DD04F1240604E06B1E13F0B3
:10E0A000FF0F5DB20DD0636A304653B101F094FAB0
:10E0B0000028F3D001F022FB6B1E13F0FF0F5DB2BE
:10E0C000F1D1FF2384F8453001F09CFE01F090FE71
:10E0D00094F844506DB2002D15DD04F1100604E0F3
:10E0E0006B1E13F0FF0F5DB20DD02369304653B1A4
:10E0F00001F072FA0028F3D001F000FB6B1E13F060
:10E10000FF0F5DB2F1D1FF2384F8443001F07AFEB5
:10E1100001F02AF8002004B0BDE8F087414607BBB3
:10E12000A0680BF0EBFCA368216C62680B4493427F
:10E13000A360FFF410AF0135A563636A2268A26093
:10E14000002B3FF40DAF88E76068013501F04EFB0E
:10E15000A563636A6660002B7FF47FAF002883D1DC
:10E16000FEE6E0680BF0CAFC226CE36821689B1AAB
:10E170008B42E360C2F10002BFF466AF61E700BF0B
:10E1800000ED00E0F8B50C4679B3002501232160CD
:10E19000C1E90F3581F84630064601F029FED4E981
:10E1A0000F322168A56303FB02F39A1A0A440B4459
:10E1B000FF27C4E90131E26084F8447004F11000E3
:10E1C00084F8457003F0E6F904F1240003F0E2F965
:10E1D00001F018FEC4E90055E56084F84C602B4658
:10E1E0002A4629462046FFF71DFE2046F8BD00BFFF
:10E1F0002DE9F043044683B016469946EFF31188A3
:10E20000402282F31188806BE26B90421ED3022B76
:10E2100005D0002088F3118803B0BDE8F08394F89E
:10E220004550226CA76B6DB232BB2368002B47D0E0
:10E2300001376B1CA76335D001356DB284F84550AA
:10E24000012088F3118803B0BDE8F08394F84550AD
:10E25000226CA76B6DB2002AE7D0002B38D1A068E2
:10E260000BF04CFCA368216C62680B449342A360E2
:10E2700024BF2368A360DBE7E0680BF03FFC226C5F
:10E28000E0682168801A8842E060C2F1000205D28D
:10E2900061680A44E260B9F1020FC9D1012F38BFA9
:10E2A0000127C6E7636A002BCAD004F1240001F0FD
:10E2B00093F90028C4D0002EC2D001203060A9E715
:10E2C0006068019301F092FA019B63600137B0E747
:10E2D000E0680BF013FC226CE0682168801A884229
:10E2E000E060C2F10002D6D2D2E700BF10B582B022
:10E2F000EFF31184402383F31188836BC26B9A423E
:10E300000FD990F845200133FF2A836353B20DD013
:10E3100001335BB280F84530012084F3118802B0EC
:10E3200010BD002084F3118802B010BD436A002B99
:10E33000F2D02430019101F04FF90028ECD001997E
:10E340000029E9D001200860ECE700BF2DE9F04387
:10E35000044685B00F46019201F04AFDA56B002DE1
:10E3600040F02781019B002B00F0D28002A801F031
:10E3700085F9DFF88C8204F1240601F043FD00F0FA
:10E3800043FE01F035FD94F84430FF2B04BF002319
:10E3900084F8443094F84530FF2B04BF002384F800
:10E3A000453001F02FFD01A902A801F073F9002802
:10E3B0005BD101F01DFDA36B002B40F0AF8001F09D
:10E3C00021FD0199304601F08BF801F011FD94F820
:10E3D00045506DB2002D05DC12E06B1E13F0FF0FEF
:10E3E0005DB20DD0636A304653B101F0F5F80028F4
:10E3F000F3D001F083F96B1E13F0FF0F5DB2F1D182
:10E40000FF2384F8453001F0FDFC01F0F1FC94F8A5
:10E4100044506DB2002D15DD04F1100904E06B1EAF
:10E4200013F0FF0F5DB20DD02369484653B101F0E0
:10E43000D3F80028F3D001F061F96B1E13F0FF0F41
:10E440005DB2F1D1FF2384F8443001F0DBFC00F031
:10E450008BFE002853D14FF08053C8F8043040BFE2
:10E46000BFF34F8FBFF36F8F49E001F0C1FC94F809
:10E4700045506DB2002D05DC12E06B1E13F0FF0F4E
:10E480005DB20DD0636A304653B101F0A5F80028A3
:10E49000F3D001F033F96B1E13F0FF0F5DB2F1D131
:10E4A000FF2384F8453001F0ADFC01F0A1FC94F8A5
:10E4B00044506DB2002D15DD04F1100904E06B1E0F
:10E4C00013F0FF0F5DB20DD02369484653B101F040
:10E4D00083F80028F3D001F011F96B1E13F0FF0F41
:10E4E0005DB2F1D1FF2384F8443001F08BFC00F0E1
:10E4F0003BFE01F07DFCA36B53B101F083FC01F006
:10E5000077FCA56B002D54D1019B002B7FF435AF18
:10E5100001F078FC002005B0BDE8F08301F072FC4A
:10E5200001F066FC94F845506DB2002D05DC12E058
:10E530006B1E13F0FF0F5DB20DD0636A304653B10E
:10E5400001F04AF80028F3D001F0D8F86B1E13F060
:10E55000FF0F5DB2F1D1FF2384F8453001F052FC8A
:10E5600001F046FC94F844506DB2002D15DD04F125
:10E57000100904E06B1E13F0FF0F5DB20DD023698C
:10E58000484653B101F028F80028F3D001F0B6F85E
:10E590006B1E13F0FF0F5DB2F1D1FF2384F84430FE
:10E5A00001F030FC00F0E0FD01F022FCA56B002D35
:10E5B000AAD0226C52B1E168636811449942E160CB
:10E5C00024BF2168E16038460BF098FA013DA5634D
:10E5D00023692BB901F016FC012005B0BDE8F083DA
:10E5E00004F1100000F0F8FF0028F3D0044B4FF0C6
:10E5F00080525A6040BFBFF34F8FBFF36F8FE9E780
:10E6000000ED00E02DE9F043044685B000F124065A
:10E61000019101F0EDFBA36BDFF8DC820027B94626
:10E62000002B40F0D780019D002D00F0418102AD0C
:10E63000B9F1000F00F0DE8001F0E4FB00F0E4FC33
:10E6400001F0D6FB94F84430FF2B04BF002384F87C
:10E65000443094F84530FF2B04BF002384F8453044
:10E6600001F0D0FB284601A901F014F800285FD181
:10E6700001F0BEFBA36B002B40F0C88001F0C2FB91
:10E680002368002B00F01B810199304600F028FF21
:10E6900001F0AEFB94F845506DB2002D05DC12E0A0
:10E6A0006B1E13F0FF0F5DB20DD0636A304653B19D
:10E6B00000F092FF0028F3D001F020F86B1E13F059
:10E6C000FF0F5DB2F1D1FF2384F8453001F09AFBD2
:10E6D00001F08EFB94F844506DB2002D15DD04F16D
:10E6E000100904E06B1E13F0FF0F5DB20DD023691B
:10E6F000484653B100F070FF0028F3D000F0FEFF51
:10E700006B1E13F0FF0F5DB2F1D1FF2384F844308C
:10E7100001F078FB00F028FD002853D14FF0805322
:10E72000C8F8043040BFBFF34F8FBFF36F8F49E08D
:10E7300001F05EFB94F845506DB2002D05DC12E04F
:10E740006B1E13F0FF0F5DB20DD0636A304653B1FC
:10E7500000F042FF0028F3D000F0D0FF6B1E13F052
:10E76000FF0F5DB2F1D1FF2384F8453001F04AFB81
:10E7700001F03EFB94F844506DB2002D15DD04F11C
:10E78000100904E06B1E13F0FF0F5DB20DD023697A
:10E79000484653B100F020FF0028F3D000F0AEFF50
:10E7A0006B1E13F0FF0F5DB2F1D1FF2384F84430EC
:10E7B00001F028FB00F0D8FC01F01AFBA36BEBB1D1
:10E7C00001F020FB01F014FBA36B4FF00109002BBB
:10E7D0003FF429AF2268013BA363002A00F0888040
:10E7E0002369002B74D101F00DFB0127384605B0D9
:10E7F000BDE8F083284600F041FF1DE701F002FB71
:10E80000002F4AD1384605B0BDE8F08301F0FAFA8E
:10E8100001F0EEFA94F845506DB2002D05DC12E0DF
:10E820006B1E13F0FF0F5DB20DD0636A304653B11B
:10E8300000F0D2FE0028F3D000F060FF6B1E13F052
:10E84000FF0F5DB2F1D1FF2384F8453001F0DAFA11
:10E8500001F0CEFA94F844506DB2002D15DD04F1AC
:10E86000100904E06B1E13F0FF0F5DB20DD0236999
:10E87000484653B100F0B0FE0028F3D000F03EFF50
:10E880006B1E13F0FF0F5DB2F1D1FF2384F844300B
:10E8900001F0B8FA00F068FC94E701F0A9FA616AA7
:10E8A00019B1236B1968C1F10501606800F0CEFF52
:10E8B00001F0A8FA0027384605B0BDE8F08301F062
:10E8C00097FA606800F04CFF074601F09BFADBE620
:10E8D00004F1100000F080FE002884D0064B4FF0B9
:10E8E00080525A6040BFBFF34F8FBFF36F8F7AE7FC
:10E8F00000F0E6FF606073E700ED00E0104B5A683F
:10E90000904208D0DA68904208BF012204D090F803
:10E91000463093B170470022002110B403EBC204CB
:10E9200043F8321090F84630616013B15DF8044B43
:10E9300070475DF8044BFFF7C3B9FFF7C1B900BFDB
:10E9400008C00020074B1A681AB19A6802B17047D4
:10E95000012210B403EBC20443F8321060605DF88A
:10E96000044B704708C0002070B504460E4615469B
:10E9700001F03EFA94F84430FF2B04BF002384F8E2
:10E98000443094F84530FF2B04BF002384F8453011
:10E9900001F038FAA36B002B45D001F029FA94F866
:10E9A00045506DB2002D15DD04F1240604E06B1E08
:10E9B00013F0FF0F5DB20DD0636A304653B100F023
:10E9C0000BFE0028F3D000F099FE6B1E13F0FF0F32
:10E9D0005DB2F1D1FF2384F8453001F013FA01F064
:10E9E00007FA94F844506DB2002D15DD04F11006BD
:10E9F00004E06B1E13F0FF0F5DB20DD023693046AB
:10EA000053B100F0E9FD0028F3D000F077FE6B1E53
:10EA100013F0FF0F5DB2F1D1FF2384F84430BDE85D
:10EA2000704001F0EFB92A46314604F1240000F0AD
:10EA300093FDB2E72DE9F041044601F0D9F9344ADB
:10EA4000344D1368013313602B68002B30D0324EE5
:10EA5000336833B3E36A3148314907680A689F4233
:10EA600038BF03602F48013203EB83030A6000EBD9
:10EA70008300E263211D02F09DFD01F0C3F93368BC
:10EA80006BB12A68E36AD26A9A4208D2264B4FF0E9
:10EA900080525A6040BFBFF34F8FBFF36F8FBDE806
:10EAA000F0812A68E36AD26A9A4298BF2C60D2E762
:10EAB0002C601368012B02D0E36A174ECBE719488C
:10EAC000DFF89080194F144E02F064FD184802F0F0
:10EAD00061FD184802F05EFD174802F05BFD174823
:10EAE00002F058FD404602F055FD384602F052FD56
:10EAF000134802F04FFD134802F04CFD124802F09B
:10EB000049FD124B124AC2F800801F60E36AA2E777
:10EB100048B30020D8B20020A8B300205CB3002086
:10EB200058B30020E4B2002000ED00E074B30020F0
:10EB3000F8B200200CB3002020B3002034B3002032
:10EB400094B30020C0B30020ACB30020E0B200209A
:10EB5000DCB2002060B300202DE9F843DDE909C4F0
:10EB6000002C66D0BCF1000F60D00D469600984690
:10EB70000223324684F85130A5210746C4F830C03C
:10EB800060460AF0E3FF2A7884F83420236B297862
:10EB9000321F1A4422F0070601B36B7884F835302F
:10EBA0006B78DBB1AB7884F83630AB78B3B1EB7807
:10EBB00084F83730EB788BB12B7984F838302B79A7
:10EBC00063B16B7984F839306B793BB1AB7984F8F8
:10EBD0003A30AB7913B1EB7984F83B30089D042DC2
:10EBE00028BF04254FF00009E5626564201D84F804
:10EBF0003B90C4F8489002F0D9FCC5F1050504F13A
:10EC0000180002F0D3FCC4F84C9042463946A56186
:10EC1000246184F850906462304601F0ADF82060C1
:10EC20002046FFF707FF2046BDE8F8836046BDE8B1
:10EC3000F8832046BDE8F8832DE9F047960080462A
:10EC400030460D469946FFF727F8002862D0074660
:10EC50005420FFF721F8044600285FD00023076303
:10EC6000324684F851303846A5210AF06FFF2B78E0
:10EC700084F834302B78D4F830A003B36B7884F860
:10EC800035306B78DBB1AB7884F83630AB78B3B124
:10EC9000EB7884F83730EB788BB12B7984F8383007
:10ECA0002B7963B16B7984F839306B793BB1AB79EF
:10ECB00084F83A30AB7913B1EB7984F83B30089D96
:10ECC000042D28BF04250027E5626564201D84F813
:10ECD0003B70A764043E02F069FCC5F1050504F130
:10ECE0001800564402F062FCE764A56126F00700B4
:10ECF00084F85070246164624A46414601F03CF851
:10ED0000099B206003B11C602046FFF793FE0120A1
:10ED1000BDE8F0874FF0FF30BDE8F0873846FEF7DA
:10ED2000CFFF4FF0FF30F3E770B50446534E01F0CC
:10ED30005FF8002C00F08280251D284602F062FC5E
:10ED4000A36A1BB104F1180002F05CFC29464C4890
:10ED50004C4D02F02FFC94F85030012B04BF0023DF
:10ED600084F8503001F04EF82B68002B57D13368EF
:10ED7000A34200D070BD2B68002B66D14049424AA7
:10ED80000968126891426AD0404B1B68002B68D119
:10ED90003F4A13603268336812681B6B9A4266D927
:10EDA0003C4C3D4B226802EB8200800091001858D9
:10EDB00028BB501E00EB8005AD0081005D59002D81
:10EDC00053D1901E00EB8005AD0081005D59002DF0
:10EDD0004BD1D01E00EB8005AD0081005D59002DA8
:10EDE00043D1101F00EB8005AD0081005D59002D5F
:10EDF0003BD1053A02EB8200800091001858114483
:10EE000003EB810003464168496841600833994239
:10EE100004BF49684160CB683360226070BD00F078
:10EE2000E7FF1E4B1A68126852B11A681C4BD26871
:10EE3000D26852681A6000F0E5FF98E734687BE713
:10EE4000174B4FF0FF321A60F5E7164B4FF0805228
:10EE50005A6040BFBFF34F8FBFF36F8F70BD3360F9
:10EE600070BD0B4B01221A6070BD0246C7E73068C7
:10EE70003168343101F0B0FE92E700BFD8B2002013
:10EE8000ACB30020A8B3002048B3002054B3002046
:10EE9000D8B300205CB30020E4B20020DCB2002034
:10EEA0008CB3002000ED00E098B130B51D4D2B680B
:10EEB000834283B004460AD000F09AFF1A4B62697D
:10EEC0009A4207D003B0BDE8304000F09BBF03B0CA
:10EED00030BD7047A36A154A9342F3D0002BF1D19D
:10EEE000211D0846019102F08DFB114AE36A10686A
:10EEF000019983420F4888BF136003EB830300EB43
:10EF0000830002F057FB2B68E26ADB6A9A42D9D38E
:10EF1000094B4FF080525A6040BFBFF34F8FBFF391
:10EF20006F8FCFE7D8B20020ACB3002094B300209D
:10EF30005CB30020E4B2002000ED00E070B584B0C6
:10EF4000002503AA02A901A8CDE9015501F048FE58
:10EF5000019C002C46D00298002843D0039E2063D9
:10EF60000223B6003246A52184F851300AF0EEFDA6
:10EF7000206B1F4B6363043E0644C4E91155201DFA
:10EF800084F8385084F83B50E56202F00FFB04F13E
:10EF9000180002F00BFB26F0070605231549A361B4
:10EFA0002A46E56430462461646284F8505000F0DB
:10EFB000E3FE20602046FFF73DFD0F4B1C6000F094
:10EFC000EFFD012811D1402383F311880B490C4A2E
:10EFD0000C4B4FF0FF340C6010601D6000F0E2FE3F
:10EFE00004B070BD044B00221A6004B070BD00BFB5
:10EFF00049444C450DF3040088B300208CB3002035
:10F00000A8B30020D4B30020024A13680133136070
:10F01000704700BF54B30020014B1868704700BF11
:10F02000D4B30020024A136818441060704700BF30
:10F03000D4B300202DE9F04F404B1B6883B0002B68
:10F0400046D13F4B1E6801361E60002E4ED0DFF8C1
:10F0500008B1DBF80030B3425FD83A4F3B681D6817
:10F06000002D65D0DFF8F480DFF8F4A0DFF8F4902D
:10F07000002522E0019102F0C5FAA36A019904F18A
:10F08000180013B102F0BEFA0199E36AD8F8002023
:10F0900003EB830093420AEB800088BFC8F800307E
:10F0A00002F088FAD9F800203B68E16AD26A1B684E
:10F0B000914228BF0125002B3AD03B68DB68DC6811
:10F0C0006368211D9E420846D4D2CBF8003004E08C
:10F0D0001D4A13680133136000251C4B1B68002B6D
:10F0E0000CBF2846012003B0BDE8F08F154B184A2D
:10F0F0001868184914681C6010600A6801320A60B8
:10F100001A6812685AB9DFF850B04FF0FF33CBF8E5
:10F110000030DBF80030B3429FD90025DDE71B68E3
:10F12000DFF834B0DB68DB685B68CBF8003090E771
:10F130004FF0FF33CBF80030CFE700BF54B30020CF
:10F14000D4B30020DCB2002050B30020D8B300209C
:10F15000E0B2002090B300208CB300205CB300200C
:10F16000E4B20020D8B200202DE9F04F83B000F0C7
:10F170003FFE3A4B1A68013A1A601B68002B55D1C2
:10F18000374B1B68002B51D0364D2B68002B62D0BB
:10F19000354EDFF8EC80354FDFF8E8904FF0010A8C
:10F1A000EB68DC6804F1040B04F1180002F02AFAA1
:10F1B000584602F027FAE36A326803EB8300934271
:10F1C000594608EB800088BF336002F0F3F93B68D2
:10F1D000E26ADB6A9A4231D3C9F800A02B68002B9F
:10F1E000DED1234B1A681268002A2FD01A68214BEF
:10F1F000D268D26852681A601F4E346844B1012543
:10F20000FFF718FF08B1C9F80050013CF8D134608D
:10F21000D9F8003053B1194B4FF080525A6040BFBB
:10F22000BFF34F8FBFF36F8F012000E000200190EC
:10F2300000F0E8FD019803B0BDE8F08F2B68002BCB
:10F24000AED10B4B1A681268002ACFD1094B4FF090
:10F25000FF321A60D0E7DFF82C90CDE754B30020DE
:10F2600048B3002094B300205CB30020D8B2002043
:10F27000DCB200208CB3002050B3002000ED00E091
:10F28000E4B20020D8B3002070B548B9184B4FF055
:10F2900080525A6040BFBFF34F8FBFF36F8F70BD76
:10F2A000144A15491368154D013313600E6804465E
:10F2B0002868043002F0A6F92B68A4195C600FD20C
:10F2C0000F4B18682968043102F084F90D4B1A6855
:10F2D000944238BF1C60FFF747FF0028D6D070BDAE
:10F2E000094B18682968043102F074F9F3E700BF8C
:10F2F00000ED00E054B30020D4B30020D8B20020C9
:10F30000DCB200208CB30020E0B200202DE9F84FE1
:10F310003A4CDFF804913A4D3A4EDFF800813A4F0B
:10F32000DFF8FCB02368EBB100F062FDD9F80C30D7
:10F33000D3F80CA00AF1040002F064F92B68013B39
:10F340002B602368013B236000F05CFD9AF851308C
:10F35000002B34D0012BE5D15046FEF7B1FC2368D9
:10F36000002BE1D13368012B08D94FF08053CBF843
:10F37000043040BFBFF34F8FBFF36F8F00F0E8FE44
:10F38000D8F800301BBB3B68DB6A002BCAD133685E
:10F39000012BC7D81D4B1E4A1B6812689B1A012BF4
:10F3A000C0D91C4A136801331360D8F80030A3B1E8
:10F3B0003B68DB6A03B93368FFF7D6FEB2E7DAF8D9
:10F3C0003000FEF77DFC5046FEF77AFCAAE73B686A
:10F3D000DB6A002BA6D13368A4E73B68DB6A002B0D
:10F3E000EAD13368012BE7D8084B1868084B1B6833
:10F3F000C01A0128E0D900F075FDDDE74CB300200C
:10F4000048B30020E4B20020D8B200208CB3002022
:10F41000D4B3002054B30020C0B300205CB300205C
:10F4200000ED00E0294B1B681BB1294B01221A603B
:10F430007047274A70B5274C13602268236812680A
:10F440001B6B9A423CD9244D244B2A6802EB820064
:10F4500080009100185808BB501E00EB8006B600D3
:10F4600081009E5956BB901E00EB8006B6008100BD
:10F470009E591EBBD01E00EB8006B60081009E592F
:10F48000E6B9101F00EB8006B60081009E59AEB9A8
:10F49000053A02EB8200800091001858114403EBFA
:10F4A000810003464168496841600833994204BFBE
:10F4B00049684160CB6823602A6070BD0246EDE771
:10F4C00020682168343101F087FBBCE754B3002089
:10F4D000D8B30020D8B200205CB30020E4B20020F2
:10F4E00070B5174D2B680C4603F1180102F072F845
:10F4F000144B1E682868043002F084F8631C17D08F
:10F500002B68A4195C6007D30F4B18682968BDE805
:10F510007040043102F05EB80C4B18682968043161
:10F5200002F058F80A4B1A68944238BF1C6070BD4C
:10F5300029680848BDE87040043102F03BB800BFBC
:10F54000D8B20020D4B30020E0B20020DCB200200A
:10F550008CB30020ACB3002070B5194D2B68164653
:10F560000C4603F1180102F025F8164B5EB11B683A
:10F570002868043002F046F829681348BDE8704056
:10F58000043102F017B81E682868043002F03AF817
:10F590002B68A4195C6007D30C4B18682968BDE878
:10F5A0007040043102F016B8094B1868296804311C
:10F5B00002F010F8074B1A68944238BF1C6070BD07
:10F5C000D8B20020D4B30020ACB30020E0B20020B9
:10F5D000DCB200208CB3002030B5C368DC6804F1D5
:10F5E000180583B0284602F00DF81C4B1B683BBB86
:10F5F000211D0846019102F005F8194AE36A1068D6
:10F6000001998342174888BF136003EB830300EB23
:10F61000830001F0CFFF144BE26A1B68DB6A9A4259
:10F6200082BF124B01201860114B1A68126898BFF4
:10F63000002052B90F4B4FF0FF321A6003B030BDBB
:10F640000D48294601F0B6FFE5E71A68094BD26874
:10F65000D26852681A6003B030BD00BF54B30020B6
:10F660005CB30020E4B20020D8B20020D8B3002060
:10F67000DCB200208CB3002094B30020034A044B7A
:10F6800012681B68C0E90023704700BF90B30020D8
:10F69000D4B30020F0B50D4683B0044600F0A8FBBB
:10F6A0002B68144A591C10681DD0DFF84CC0D4E9EF
:10F6B0000061DCF80070BE4208D0814206D801200B
:10F6C000019000F09FFB019803B0F0BD471ABB42C8
:10F6D0000BD91B1A0B44DCF8001012682B600020B9
:10F6E000C4E90012ECE70020EAE700232B600120C8
:10F6F000E6E700BFD4B3002090B30020014B012205
:10F700001A607047D8B30020094B186818B9094B24
:10F710001B6813B1704700207047074A074B1068F9
:10F720001B68013B984214BF01200220704700BFB4
:10F7300094B30020D8B30020ACB3002048B300201D
:10F74000054B1B6833B1054B1B68002B0CBF022017
:10F750000020704701207047A8B3002054B3002058
:10F7600070B5044682B0C8B11D4DC36A2A68D26A1A
:10F77000934215D28269002A04DB2A68D26AC2F158
:10F7800005028261174E626903EB830306EB830374
:10F790009A420ED02B68DB6AE362012002B070BD92
:10F7A0002B68406CDC6AA0422CBF0020012002B014
:10F7B00070BD211D0846019101F024FF2A680A4B03
:10F7C000D06A1A680199E062904200D9186000EB93
:10F7D000800006EB800001F0EDFE0120DEE700BFB7
:10F7E000D8B20020E4B200205CB3002068B130B58C
:10F7F000836CC16A426C013B914283B004468364CE
:10F8000000D023B1002003B030BD00207047011D9F
:10F810000846019101F0F6FE0A4A636C1068E36243
:10F820008342094888BF1360C3F1050503EB8303D6
:10F8300000EB83000199A56101F0BCFE012003B03B
:10F8400030BD00BF5CB30020E4B2002070B130B521
:10F85000426CC36A914238BF11468B4283B0044662
:10F8600002D0826C012A02D003B030BD7047826999
:10F87000114DC162002A03EB83034269A8BFC1F1A5
:10F88000050105EB8303A8BF81619A42ECD1011DFC
:10F890000846019101F0B6FE084BE06A1A6801992A
:10F8A000904288BF186000EB800005EB800003B039
:10F8B000BDE8304001F07EBEE4B200205CB3002021
:10F8C000044B1A681AB119688A6C01328A64186884
:10F8D000704700BFD8B200202DE9F0431D4EDFF87D
:10F8E0007C9085B04FF000080CE0DB68DC681F6896
:10F8F000251D284601F086FE636A20469847E36985
:10F90000012B0AD033681A68002AEED1124A116816
:10F910003160136005B0BDE8F083A3693B449F42AA
:10F92000294610D3D9F80030002BEBD0CDE9008761
:10F930000294FFF705FF0023D9F800001A46694634
:10F94000FEF770FADEE730686360246101F042FE82
:10F95000D8E700BFDCB30020E0B3002060B6002091
:10F960002DE9F04F894E8A4CDFF82C82894DDFF863
:10F970002CA28BB03368D3F800B0BBF1000F00F0BD
:10F98000A980DB68D3F800B0FFF73EFBFFF744FB2C
:10F9900022688242814600F2AE808345206040F2B8
:10F9A000BF8000222868ABEB0901FEF7DDFFFFF7FF
:10F9B000DBFB40B94FF08053CAF8043040BFBFF3BF
:10F9C0004F8FBFF36F8F2868002202A9FEF7BEFC9D
:10F9D0000028CFD0029B002B73DBDDF81090D9F804
:10F9E00014301BB109F1040001F00CFEFFF714FB09
:10F9F000236898420746C0F08580029B2760092B48
:10FA0000E1D801A252F823F031FA040031FA0400DF
:10FA100031FA0400C7F904008BFA0400B3FA0400B9
:10FA200031FA040031FA0400C7F904008BFA04002B
:10FA30000398D9F81830C9F81090C2182CBF0121CA
:10FA40000021BA42C9F804205FD8381A834228D866
:10FA5000D9F8243048469847D9F81C302868012B3B
:10FA6000B2D10028B0D0D9F81820039B002113444C
:10FA7000CDE907390691FFF763FE002328681A468F
:10FA800006A9FEF7CFF928689EE7039BC9F81090F6
:10FA9000DA19BA42C9F81830C9F8042039D8002B4D
:10FAA00091D0D8F8000009F1040101F093FD286815
:10FAB0008AE799F82C30002B85D14846FEF700F9EB
:10FAC00081E7039BDDE904019847029B002BFFF6C9
:10FAD0007AAF82E7FFF798FAFFF79EFA2268904222
:10FAE000814608D3D8F80020C4F800901268B2FA12
:10FAF00082F2520956E7FFF7EFFEC4F80090FFF7D5
:10FB000033FB60E7FFF7E8FE77E7B84201D9002949
:10FB10009ED0306809F1040101F05CFD286853E7CC
:10FB2000FFF722FB3268D268D768391D0846019179
:10FB300001F068FDF8690199012803D07B6A384615
:10FB4000984740E7BA693F610BEB0200484578608F
:10FB500003D9306801F03EFDF0E7A9EB0B039A42B0
:10FB60000FD82B68002BE9D00023CDE9063B08977E
:10FB7000FFF7E6FD002328681A4606A9FEF752F9AA
:10FB8000DCE7D8F8000001F025FDD7E7DCB3002062
:10FB90000CB6002060B60020E0B3002000ED00E0CD
:10FBA000F0B51F4C89B000F023F92568F5B100F0DD
:10FBB00029F92068C0B1002407AA06A905A8CDE943
:10FBC000054401F01BF8DDE905310222CDE90021F1
:10FBD0000293079A134914482346FEF7BDFF134BBF
:10FBE0001860001B18BF012009B0F0BD104F114E66
:10FBF000384601F0CFFC304601F0CCFC0E4A0F49EC
:10FC000000950F4B17600E600E4A10212020FEF762
:10FC100065F820600028CAD00B49FEF793FEC6E7BE
:10FC200060B60020A008060061F9040064B6002058
:10FC3000E4B50020F8B50020DCB30020E0B30020DC
:10FC400010B60020E4B30020980806002DE9F04F1C
:10FC5000074685B03020884616461D46FEF71CF83C
:10FC60000446A0B1DFF8849000F0C2F8D9F8003063
:10FC70008BB100F0C7F80E9B6362C4E9068627606B
:10FC80002562201D01F092FC002384F82C302046D0
:10FC900005B0BDE8F08FDFF858B0DFF858A0039347
:10FCA000584601F077FC504601F074FC0A4A0B49B3
:10FCB000039B00932020C2F800B0C1F800A0084BBD
:10FCC000084A1021FEF70AF8C9F800000028D0D031
:10FCD0000549FEF737FECCE7DCB30020E0B3002097
:10FCE00010B60020E4B300209808060060B600209B
:10FCF000E4B50020F8B5002050B5144E346885B046
:10FD0000C4B10529CDE9001202900BDCFFF718FD04
:10FD1000022812D0002330681A466946FEF782F89E
:10FD200005B050BD1A46204600236946FEF760FA2A
:10FD300005B050BD204605B050BD3068089A00237C
:10FD40006946FEF76FF805B050BD00BF60B60020F1
:10FD500010B5044682B000F04BF86069003818BF57
:10FD60000120019000F04EF8019802B010BD00BFD4
:10FD7000402383F31188FEE730B46FF00203084C90
:10FD800040F80C4C4FF0807540F8045C40F8081CBB
:10FD900040F8202C40F8243C30BC4438704700BF69
:10FDA00071FD04000F4C08B5E02384F8223000F008
:10FDB0007BF80D4B0D4A00211960D4F8883043F4CC
:10FDC0007003C4F88830536843F04043536023699C
:10FDD00043F01003236100F069F9402383F3118895
:10FDE000FEE700BF00ED00E068B6002030EF00E065
:10FDF000402383F31188024A13680133136070476C
:10FE000068B60020034A1368013B13600BB983F303
:10FE10001188704768B6002041DF704712DF7047D5
:10FE200070B51D4B00221A6082B01B680193019BC4
:10FE3000EFF31186402383F311881849184BD1F84A
:10FE400004451A601B680093009BFFF7E5F8201A31
:10FE500020F07F4323F0010320F07F459BB96C1E07
:10FE60006DB10025FFF7E6F8013C631C45EA00058B
:10FE7000F8D125B10B4B4FF080525A6040BF86F34A
:10FE8000118802B070BDFFF75BFC0228E7D0FFF7D6
:10FE9000D1F80546EDE700BF4011014000100140D8
:10FEA0000011014000ED00E00B4B0C4930B41F2065
:10FEB0000B4DC3F8080501220224E020C3F80423F7
:10FEC0002A601A60C3F8444381F811034FF40033E9
:10FED0000B6030BC704700BF0010014000E100E043
:10FEE000081001402DE9F041054684B0EFF310827F
:10FEF00072B6634CA36883B9624B63480121A16069
:10FF0000D3F8801001402160C3F88000D3F884103A
:10FF100061604FF0FF31C3F8841002B962B65B4EE6
:10FF2000D6F80485FFF7F0FB78B3594F594AAF4232
:10FF300028BF2F4607EB080323F07F4301214FF032
:10FF4000000CC6F80813C6F84035C2F800C01368A4
:10FF500001934FF480330198C6F80433BFF34F8FF9
:10FF600025BBC6F80833156012684B4B0392039A01
:10FF70001D601B680293434B029AC6F804134FF4AA
:10FF80000032D6F80415C3F88021A3685BB1EFF303
:10FF9000108272B63B4B216819606168596000237A
:10FFA000A36002B962B604B0BDE8F081F1EE103A88
:10FFB00023F09F03E1EE103AF1EE103A314D4FF489
:10FFC00080634022C5F8842103A8C5F884318DF8E8
:10FFD0000CC0FFF723FF9DF80C30002B4DD12B46B2
:10FFE00020BFD3F80011D3F804210A43F8D0274BDF
:10FFF0002848294A4FF48031C3F8081300210160D2
:020000025000AC
:10000000006803900398116012680292012202991D
:10001000C3F80423D3F804351A4AA3EB080828F0E0
:100020007F48474528BF47464FF40033012FC2F8A9
:10003000803120D9781EFEF7F5FF184BDB68DA0116
:100040000FD5174A1368DB070BD5164B516803FB16
:1000500007F7A7F57427A7F51077BF0A01EB8717F5
:100060005760FEF7E7FF00288FD00F4B4FF080520C
:100070005A6040BF89E7F4D087E7FFF7CDFEB6E7C7
:100080001CC0002000E100E0FC06FFBD00100140A4
:10009000FDFFFF004011014000110140F0ED00E0C4
:1000A000001000E040420F0000ED00E0074800684B
:1000B00080F3088862B661B6BFF34F8FBFF36F8FCE
:1000C0004FF0E00080F3118800DF00BF00700200F5
:1000D000064B19680868B0E8F04F80F30988BFF351
:1000E0006F8F4FF0000080F311887047D8B2002066
:1000F000EFF30980BFF36F8F144B1A681EF0100FD7
:1001000008BF20ED108A20E9F04F10604DF8043D43
:100110004FF0400080F31188BFF34F8FBFF36F8F14
:10012000FFF780F94FF0000080F3118808BC1968D0
:100130000868B0E8F04F1EF0100F08BFB0EC108A4E
:1001400080F30988BFF36F8F704700BFD8B20020DB
:10015000704700BF00293ED0931E222B3BD8F0B43D
:100160000A2A8AB0044631D0002001AF3B467CB158
:10017000B4FBF2F502FB1546092E2C4606F1570595
:1001800098BF06F13005EDB203F8015B002CEFD10A
:10019000302201E003F8012BBB42FBD00D4688B9A9
:1001A000BB4209D96C1E1A4612F8010D04F8010F62
:1001B000BA42F9D19B1A1D44002308462B700AB09D
:1001C000F0BC70472D2205F8012BE9E70028CBDAB7
:1001D00044420120C9E70020704700BFFFF7BABFC3
:1001E0000A490B4A0B4B9B1A03DD043BC858D050FD
:1001F000FBDC094809494FF0AD3202600430043994
:10020000FBD100F021FCD7F723F8000000330600F3
:1002100000600020F069002000F8032000080000C2
:10022000FEE7FEE7FEE7FEE7FEE7FEE7FEE7FEE7A6
:10023000FEE7FEE708B50020EAF782FAE8F75AFB86
:10024000114BBBB1114B63B1E2F71CFF00F0B4FCE2
:10025000AFF30080E2F716FF00F0AEFCAFF30080D2
:10026000F2E7E2F70FFF00F0A7FCE2F70BFF00F068
:10027000A3FCF6E7E2F706FF00F09EFCE2F702FFC0
:1002800000F09AFCF6E700BF00000000000000004C
:1002900000B583B000F040FEFCF75EFD0E4B01930D
:1002A00001230E4900934FF4806200230C48FEF7AF
:1002B000C3FC4FF4407000F0A5FDFEF73FFEBFF316
:1002C0004F8F0849084BCA6802F4E0621343CB60C1
:1002D000BFF34F8F00BFFDE76CB60020A8080600F3
:1002E0003502050000ED00E00400FA0538B50748C6
:1002F0000C461546EAF7E2FB00B938BD2A4621460E
:100300000248BDE83840EAF7EDBA00BF148D00207E
:10031000FDF792BCFDF790BCFDF7A8BCFDF7A6BCAD
:10032000084A094908B513681844884202D8106081
:10033000184608BD09F074FB0C2303604FF0FF332F
:10034000184608BDCC67002000F80320114B1A782E
:10035000EAB90178104810B40A464FF0804402F020
:100360000102C1F34001C4F88015C4F87825026881
:10037000D20706D4E021012280F80013C0F88021C2
:100380000260012205485DF8044B1A70704704486A
:10039000704700BF18C0002000E100E00000AD0B76
:1003A0000C00AD0B0C4B012230B4C3F88020BFF31E
:1003B0004F8FBFF36F8F094C094D0A490A4A00233A
:1003C0004FF0804023604FF460742B60C0F8084306
:1003D00030BC0B601370704700E100E070B6002085
:1003E00074B6002078B6002018C00020044B0268C4
:1003F0004FF080414FF46070C1F808031A607047F5
:1004000078B600204FF080434FF46072C3F80423A5
:10041000704700BF4FF080434FF46072C3F8082369
:10042000704700BF044B4FF080414FF460700022D2
:10043000C1F808031A60704778B6002010B54FF075
:10044000804386B0D3F80443620705D5D3F808216A
:1004500003F58473002A4ED1A30603D52A4B1A68EC
:10046000002A3FD1600603D5284B1A68002A2FD1F5
:10047000210602D5264B1A680ABBE20502D5254B98
:100480001A6892B9A3050ED5234B1A685AB10022F7
:100490001A601A68214B0592059A1B68022006B063
:1004A000BDE81040184706B010BD00221A601B4A74
:1004B0001B68049301201368049A9847E2E7002020
:1004C0001860164A1B6803931368039A9847D4E789
:1004D00000221A60124A1B68029301201368029AD4
:1004E0009847C5E7002018600D4A1B680193136800
:1004F000019A9847B6E700221A600A4A1B680093DF
:100500001368009A9847A7E71401004018010040BB
:100510001C010040200100402401004078B600206A
:1005200074B6002070B600202DE9F04F05799A4E80
:1005300005EBC50406EB840C83B09CF81CE0BEF10F
:10054000000F40F0F780A7000068F251CCF80430AB
:1005500091F80CC00B78BCF1010F4FEAC50440F2D2
:10056000DA801F2B87BFDFF834E203F01F089846BC
:100570004FF0A04E012707FA08F7CEF808751F2B99
:100580008BBF03F01F071F46DFF810E24FF0A04EAD
:1005900007F5E0774FF001084EF827804F78FF2FDE
:1005A00000F0D0801F2F8ABF07F01F09B946DFF87F
:1005B000EC81009798BF4FF0A04809F5E07A4FF022
:1005C000010E0EFA09FE4FF00309C8F80CE548F8D1
:1005D0002A9091F802E0BEF1FF0F00F0AF80BEF16B
:1005E0001F0F91F80E8088BFDFF8B0B1CDF804E09E
:1005F0008EBF0EF01F0AF2464FF0A04B0AF5E07ACC
:100600004FEA88084BF82A8004EB050806EB8808B7
:1006100088F820E091F803E088F81FE0BEF1FF0FB2
:100620002BD091F80490F046B9F1000F00F08E80C5
:10063000BEF11F0F87BF594F0EF01F0BF3464FF04F
:10064000A0474FF0010A0AFA0BFAC7F80CA5BEF151
:100650001F0F88BF0EF01F0804EB050E8CBFDFF8DC
:100660003CB14FF0A04B08F5E07806EB8E0E4FF052
:10067000030A4BF828A08EF81E90D1F808E0C0F8C5
:100680000835009BC0F80C35019BC0F81035C0F848
:1006900024E54B7B003B18BF0123BCF1020F74D053
:1006A000BCF1030F74D0BCF1010F6BD0C0F854350E
:1006B0008B79C0F8C035002A58D04022C0F80423F6
:1006C000072340F30732C0F80035002A4B794FEA80
:1006D00010304FDB5109890002F1604201F16041A5
:1006E00002F5614201F5614101275B0100F01F0045
:1006F000DBB207FA00F082F80033C1F8800108602D
:100700002C4406EB840626480022012372773377B7
:1007100003B0BDE8F08F1F2B87BFDFF880E003F048
:100720001F0898464FF0A04E012707FA08F7CEF8A9
:100730000C7524E71B4803B0BDE8F08F4FF0FF377E
:10074000019761E74FF0FF37009742E7BEF11F0FB7
:1007500087BF124F0EF01F0BF3464FF0A0474FF02C
:10076000010A0AFA0BFAC7F808A570E70723C0F8D0
:100770000035C5E70C4A00F00F005B010244DBB214
:100780001376BDE743F0020390E743F004038DE7DF
:1007900043F006038AE700BF7CB600200003005048
:1007A0000000AD0B0500AD0BFCEC00E02DE9F04FB7
:1007B0000779DFF898E107EBC70384460EEB830067
:1007C00083B0457F002D40F0A2809B000C465EF870
:1007D000039016464FEAC708B9F1000F04D012F093
:1007E000140F04BF0123437708EB07050EEB8505C3
:1007F00094E80F0095F81FA005F10C0BBAF1FF0F5C
:100800008BE80F000FD0AB7F002B55D0BAF11F0F34
:100810008DBF4A4A51464FF0A0420AF01F01012302
:100820008B40C2F80835226872B102F06043B3F120
:10083000005F09D047440EEB870E002340488EF836
:100840001D3003B0BDE8F08FA16821B101F0604315
:10085000B3F1005FEED1DCF80030E0686568C3F802
:1008600044250022C3F84855C3F83415C3F83805A9
:10087000C3F81821D3F818210192019A16F0010249
:1008800018BF0122C3F8502516F0020218BF01223A
:100890003007C3F840255CBF01221A61B9F1000F8F
:1008A00018D02848402271074CBFC3F80823C3F86A
:1008B000042303B0BDE8F08FBAF11F0F8DBF1F4AAC
:1008C00051464FF0A0420AF01F0101238B40C2F8AD
:1008D0000C35A8E7D3F81821002AFBD0BAF1FF0F96
:1008E00029D047440EEB870E9EF81E309BB1BAF11B
:1008F0001F0F88BF114A134894BF4FF0A0420AF05F
:100900001F0A012303FA0AF3C2F80C3599E70E48CF
:1009100003B0BDE8F08FBAF11F0F88BF074A09483E
:1009200094BF4FF0A0420AF01F0A012303FA0AF312
:10093000C2F8083585E7034883E700BF000300508D
:100940000A00AD0B0000AD0B0B00AD0B7CB6002018
:10095000194BD3F8182102B970470021174AC3F880
:100960001811D3F81811D37F82B0FF2B0191019990
:100970000DD0917F99B11F2B8ABF11484FF0A04035
:1009800003F01F03012101FA03F3C0F80C35002323
:1009900053771372D2E900310A4802B018471F2B6F
:1009A0008ABF07484FF0A04003F01F03012101FA5E
:1009B00003F3C0F80835EAE7003002407CB60020B7
:1009C0000003005084B600201B4BD3F8182102B955
:1009D00070470021194AC3F81811D3F8181192F87A
:1009E000433082B0FF2B019101990ED092F8421052
:1009F000A9B11F2B8ABF12484FF0A04003F01F037C
:100A0000012101FA03F3C0F80C35002382F84130CC
:100A100082F82C30D2E909310A4802B018471F2B5E
:100A20008ABF07484FF0A04003F01F03012101FADD
:100A300003F3C0F80835E8E700F002407CB6002078
:100A400000030050A8B60020534B1B685A1C16D058
:100A5000524A082B12680ED0514AD2F8883043F41B
:100A60007003C2F88830BFF34F8FBFF36F8F4D4BC9
:100A70004D4A1A607047032A2CD9082288E04B4A55
:100A80004B4B12781B68082A4FEA1313E4D113F07A
:100A90000C0F1FD0454A464B12781B68082A4FEAB4
:100AA0001313D9D113F00C0F27D0414B3F4A1B68C9
:100AB0001278C3F30313082ACED1032BCCD84FF0FE
:100AC0008043D3F80024D20744BF6FF00102C3F87B
:100AD0000024C1E7304A11684FF080430022481CCF
:100AE000C3F80C21C3F81021C3F83825D2D02B4B02
:100AF00008291A68B0D1032ABFD84FF080522D4B75
:100B0000D2F80414C3F82015D2F80814C3F8241539
:100B1000D2F80C14C3F82815D2F81014C3F82C1509
:100B2000D2F81414C3F83015D2F81814C3F83415D9
:100B3000D2F81C14C3F84015D2F82014C3F8441599
:100B4000D2F82414C3F84815D2F82814C3F84C1569
:100B5000D2F82C14C3F85015D2F83014C3F8541539
:100B6000D2F83414C3F86015D2F83814C3F86415F9
:100B7000D2F83C14C3F86815D2F840140648C3F8FC
:100B80006C15D2F844140268C3F87015511C8CD04F
:100B9000024B1B688FE700BF3001001034010010CA
:100BA00000ED00E0D06700200090D003E00F00F0DF
:100BB000E80F00F000C0004008B5E9F7C7FD054B9D
:100BC0004FF080525A6040BFBFF34F8FBFF36F8F1B
:100BD00008BD00BF00ED00E0704700BF704700BFD8
:100BE000044B036010B46423034C0C605DF8044BA9
:100BF00013607047C4B6002018B70020054B03608F
:100C000010B44FF48073044C0C605DF8044B136017
:100C1000704700BFA8B80020FCB8002070B51F4D79
:100C200084B028684FF0FF3203A9FDF78FFB00283E
:100C3000F7D0039C237A6668052B0CD8DFE803F015
:100C40002629211B1403D4E90523D4E90301E4690F
:100C50000094B047039C206810B1FDF707F8039C8F
:100C60002046FDF703F8DCE7D4E90523D4E90301C6
:100C7000B047039CEFE7D4E90412E068B047039C57
:100C8000E9E7D4E90301B047039CE4E7B047039CDC
:100C9000E1E7E068B047039CDDE700BF00BD00204E
:100CA0002DE9F043304B314D5B6885B0C3F3080349
:100CB000019001AF53B10023286839461A46FDF769
:100CC00097FA012809D105B0BDE8F08328683946B4
:100CD0006422FDF7A7F80128F5D0DFF89480D8F852
:100CE0000000002240000421FDF728F806460028F5
:100CF000E9D0DFF88090D9F80000FEF715F8FFF78B
:100D000077F801E0FDF78EF8002203A92868FDF7C7
:100D10001DFB04460023642203A93046002CF1D1B8
:100D20002868FDF7EBFD2E60FFF76CF8D9F800009E
:100D3000FEF7BAF8D8F800300B4A28685B00C8F80C
:100D400000305368C3F30803394633B123462246C3
:100D5000FDF74EFA05B0BDE8F0836422FDF762F8B6
:100D600005B0BDE8F08300BF00ED00E000BD00204D
:100D7000FCBC002004BD00202DE9F8439DF8206054
:100D800005460F46904699469EB1B0000C30FCF7E0
:100D900053FF044658B10023C0F804800672036074
:100DA00005B147B90EBB2046FFF77AFF0120BDE829
:100DB000F8831020EBE73846FCF73EFF80462060C2
:100DC000D0B13A46294608F099FE002EEBD0711EAC
:100DD000C9B209EB8101A9F1040252F8043FAB4208
:100DE00008BFC2F800809142F7D1B200494604F131
:100DF0000C0008F083FED6E72046FCF737FF40469C
:100E0000D5E700BF70B540230B4D82B004460022E9
:100E1000184604212B60FCF791FF084D084B019305
:100E200006460223009307492E60A2B2002306481B
:100E3000FDF702FF02B070BDFCBC002000BD002029
:100E400004BD0020B00806001D0C05001A4B1978DF
:100E500009BB70B54FF4405382B01B78102B1CD9DE
:100E600043F21002142B126823D943F21401134BDE
:100E70000C68134D1348A3FB04139B0CA5FB0461E2
:100E800000FB134089094FF47A76A5FB005006FB5E
:100E90001141800904E00848704708460B460A469D
:100EA000CDE900010849044809F0EEFC024802B00F
:100EB00070BD08460B46F3E708BD002083DE1B43E8
:100EC000D34D621040420F00BC08060008B5074829
:100ED00003780BB1054808BD4FF0805304495A6EA2
:100EE0001B6E09F0D1FC014808BD00BF28BD0020E1
:100EF000D0080600BFF34F8F0549064BCA6802F4BD
:100F0000E0621343CB60BFF34F8F00BFFDE700BF2C
:100F100000ED00E00400FA054FF08043194AD3F8D1
:100F20000014194830B41160D3F80054D3F80024E9
:100F3000164C17492A43C3F80024D4F84025026010
:100F400001224FF40030C3F818259A60C1F88000E0
:100F5000BFF34F8FBFF36F8F0E4C03F588334FF005
:100F6000A0454FF480304FF0FF31C3F84803C3F879
:100F700008035A609A60C5F80815C4F8081530BC13
:100F8000704700BF3CBD002040BD002000A00040D5
:100F900000E100E000030050014B1868704700BFFB
:100FA0003CBD002008B54FF080434E22C3F81C25FD
:100FB000FFF7A0FF2DE9F04F3E4D3F4CDFF800C199
:100FC000884681B007465FFA80FE05F11001A94608
:100FD0002B4653F8042BBFF35B8F5268BFF35B8F34
:100FE000A2422CD09942F4D1324EDFF8CCA000249A
:100FF0005FFA87FB56F8043BBFF35B8F5B68BFF378
:101000005B8F534510D00134042CF3D12A4E0024B9
:1010100055F8040B314600F053FA70BB0134042C30
:10102000F6D101B0BDE8F08F56F8040C594600F037
:1010300051F90028E7D01FFA88F259462CE053F8FE
:10104000040C1CF82E200668D6F860A592452BD01B
:10105000D6F864A5524529D0D6F868A5524527D0C0
:10106000D6F86C65B242BDD103211FFA88F2002385
:1010700001B0BDE8F04F00F09DB9104B59F82400C5
:101080001978FFB200F018F9394659F8240000F039
:1010900021F939461FFA88F259F82400002301B0DB
:1010A000BDE8F04F00F0BCB90021DEE70121DCE72C
:1010B0000221DAE7D8670020416C6F67D46700200F
:1010C0000808060020281BD83C4B53F820301F2B63
:1010D00086BF3B4A03F01F034FF0A0420E290FD8F2
:1010E000DFE801F0655F59534D474039322B241D2D
:1010F000160F080003F5E07340F2037142F8231065
:10110000704703F5E07340F2036142F82310704723
:1011100003F5E07340F2035142F82310704703F5E2
:10112000E07340F2034142F82310704703F5E07387
:1011300040F2033142F82310704703F5E07340F2A8
:10114000032142F82310704703F5E07340F20311C6
:1011500042F82310704703F5E0734FF4403142F832
:101160002310704703F5E0734FF4003142F8231069
:10117000704703F5E073134942F82310704703F5F5
:10118000E073114942F82310704703F5E07304211E
:1011900042F82310704703F5E0730C2142F8231046
:1011A000704703F5E073032142F82310704703F5FD
:1011B000E073002142F82310704700BF08080600C2
:1011C00000030050040002000C00030020280FD888
:1011D0000B4B53F820301F2B86BF0A4A03F01F0326
:1011E0004FF0A04229B1012101FA03F3C2F80835FA
:1011F0007047012101FA03F3C2F80C35704700BFB4
:101200000808060000030050202818D80D4B53F89A
:1012100020201F2A8ABF0C494FF0A04102F01F0274
:10122000D1F8140501239340034214BFD1F80425DB
:10123000D1F81025134214BF012000207047002070
:10124000704700BF0808060000030050202817D888
:101250000D4B53F820101F298ABF0C4A4FF0A042B3
:1012600001F01F01D2F8140501238B40034214BF83
:10127000D2F80415D2F810150B4202D1C2F8083585
:101280007047C2F80C35704708080600000300508C
:1012900030B401600022BFF35B8F4260BFF35B8F0D
:1012A00001688260FF254FF0FF340582C2608274BE
:1012B000C1F8644530BC70470F294FF0010228BFC8
:1012C0000F2102FA01F14B1E02689BB20382C2F8A1
:1012D00008357047F8B50C460368354ED3F86015ED
:1012E00016F824208A4223D0D3F864158A421FD0EE
:1012F000D3F868158A421BD0D3F86C158A4217D0F0
:10130000D3F86025002A054614DBD3F86425002AAB
:1013100048DBD3F86825002A46DBD3F86C35002B70
:1013200044DB0020F8BDD3F86C1500292EDA6ABB27
:101330000120F8BD002701212046FFF7C3FE002150
:101340002046FFF743FF2B6856F82410D3F80025FA
:10135000FAB107F5AC7000220437C3F8002543F852
:101360002010012125F81720C3F80015D3F86025B7
:10137000D3F86415D2430029D3F868154FEAD27226
:10138000A8BF01320029CEDBD3F86C25012098607C
:10139000F8BD07F5AC70043743F8201025F8172086
:1013A0000120F8BD0127C6E70227C4E70327C2E7EB
:1013B00008080600032931D830B463B30368043148
:1013C000D3F8004520F811200CBB028AC3F804456D
:1013D000C3F80825827CC3F80C25083002250421B7
:1013E0000122C3F81055C3F81445C3F82005C3F80B
:1013F0002415C3F82845C3F82C45C3F84045C3F865
:101400004445C3F84845C3F84C45C3F800250120BE
:1014100030BC9860704742F40042CFE7002070472C
:1014200030B4264D046815F82110D4F860558D426B
:101430000ED0D4F864558D423AD0D4F86855A942FC
:1014400038D0D4F86C558D4236D0002030BC70476F
:1014500000210BB942F40042D4F80035043120F8E1
:1014600011200BBB028AC4F80435C4F80825827C1D
:10147000C4F80C250830022504210122C4F81055B7
:10148000C4F81435C4F82005C4F82415C4F8283568
:10149000C4F82C35C4F84035C4F84435C4F8483590
:1014A000C4F84C35C4F800250120A06030BC70475A
:1014B0000121CEE70221CCE70321CAE70808060094
:1014C000214B5B6809B90020704710B4BFF35B8FF4
:1014D0004368BFF35B8F994200F1040416D0BFF359
:1014E0005B8F4368BFF35B8F83B90368D3F86025D4
:1014F000D3F86405D2430028D3F868054FEAD272C6
:10150000A8BF0132002805DBD3F86C3500205DF858
:10151000044B7047D3F86C050028F7DA002AF5D1A0
:10152000D3F80035002BF1D1BFF35B8F54E8003FB7
:10153000002B03D144E80012002AF7D1BFF35B8FE0
:101540000CBF01200020E2E700ED00E008B50949EA
:101550000948FFF79DFE09490948FFF799FE094927
:101560000948FFF795FEBDE8084008490848FFF71D
:101570008FBE00BF00C0014044BD002000100240EB
:1015800058BD0020002002406CBD002000D0024069
:1015900080BD002000F108034FF0FF310022C0E9B8
:1015A0000333816002604360704700BF0023036122
:1015B000704700BF4368026810B49C688C609C68E8
:1015C0004B600132616099605DF8044B0861026014
:1015D000704700BF30B40D686B1C10D000F10803D9
:1015E0001C465B681A68AA42FAD902684B6001324D
:1015F00099608C606160086130BC0260704704696A
:101600006368F2E7036910B4D0E901125C688A608C
:101610008442516008BF5A601A685DF8044B00218B
:10162000013A01611A601868704700BFF0B50546BD
:1016300099B01F4600230E46144605A819460322FA
:10164000D5F8D05001F062F938BB0146AD0008234F
:1016500003AA05A8CDE9034501F098F9E8B9611995
:1016600005A801F0B7F9C0B937B9234610223146B1
:1016700005A801F0C7F980B905F1100302A901918D
:1016800000941946324605A8029301F0F9F9044B7B
:10169000002818BF184619B0F0BD014819B0F0BDB8
:1016A000360CF0002DE9F04F864C80469E460F46E2
:1016B00094460FCCB7B00DF11C0A55460FC594E8FF
:1016C0000F0004F1100685E80F000FCE0FAD0FC517
:1016D00096E80F00303485E80F000FCC17AD0FC52A
:1016E0000FCC0FC594E80F00D8F8D040CDF80CE02F
:1016F000042C85E80F0001D0082C6BD1409A231DE3
:10170000B2EB830F4FEA830B03D06F4837B0BDE8CD
:10171000F08F07EB0C019CFA8CF30CF118060CF11E
:1017200009003B609BFA8BF5802326F00F06321AE6
:101730007D6038440B72002101F09CFD409B1B0929
:10174000ABF1100B00F0BB80042C47D0DDF80C90FF
:10175000CDF808B04B4617ADB1464FF0000823ACAA
:10176000BB461E4624E0029FCDF814A0069701F068
:101770000DF903462946204610353BBB01F02AF9F6
:1017800084464FF0100E4B465A4649462046BCF15F
:10179000000F1BD10DEB0E07CDE90067CDF810E06F
:1017A00001F06EF9103688B9409BB8EB131F58D280
:1017B000002319460222204601F0A8F8014608F14C
:1017C0000108082305AA20460029CCD03F4837B09D
:1017D000BDE8F08F3E4837B0BDE8F08FDDF80C90E3
:1017E000CDF808B033460FAD4E464FF0000823AC9D
:1017F000BB46994626E0029FCDF814A0069701F05B
:10180000C5F80346294620461035002BDED101F0ED
:10181000E1F884464FF0100E4B465A4649462046A2
:10182000BCF1000FD2D10DEB0E07CDE90067CDF86A
:1018300010E001F025F910360028C7D1409BB8EB25
:10184000131F0ED2002319460222204601F05EF833
:10185000014608F10108082305AA20460029CAD03C
:10186000B4E7DDF808B0039D0023194601222046A5
:10187000CDE9055B01F04AF801460028A6D108230E
:1018800005AA204601F082F800289FD105EB0B0144
:10189000204601F09FF80146002897D1409A28463B
:1018A00001F0E8FC409B009540A901912A462046A2
:1018B000194601F0E5F800283FF428AF86E723AC8D
:1018C000D1E700BF4C090600230CF000360CF000F5
:1018D000210CF0002DE9F04F2DED028B164687B05C
:1018E00007321C46D308129D0393002800F0BC80E9
:1018F0000F46002900F0BF80002C54D0BDF80C101A
:101900008046204600F0BCFF0228064640F2AA802E
:1019100003285DD12378032B40F2A480039B681C2D
:10192000591E0123019301F0A7FC019B0493019B25
:1019300076429AB206F007064FF0FF0A4AFA06FA14
:1019400008EE102A5E1E4FF6FF72103B5FFA8AFA0D
:101950002E440292059318EE101A2A464046B847C4
:1019600000287DD133780AEA03033370049B102BDF
:1019700040D0BDF8043022461946284600F0ACFE9F
:10198000022852D0029B013B0293E4D13E4B0399C3
:101990000193284601F070FC019B184607B0BDEC8E
:1019A000028BBDE8F08F99B22A461C46B847034621
:1019B0000028ECD1611E70076A5C42F080025CD1A5
:1019C0006A540023184607B0BDEC028BBDE8F08FC7
:1019D000039B00F10709A3EBD90105EBD90001F046
:1019E0004BFC4FEAD903B9F1870F019388BF10234D
:1019F00004939CE7059B05EB030904EB030B07E04D
:101A0000002BB6D0B84758BB33780AEA03033370CB
:101A1000102319465A46484600F05EFE0346022B44
:101A20004A464FF010014046EAD1019B002BC8D036
:101A3000013DE918012315F8012F13448D422B7045
:101A40004FEA2323F7D1019B013C2344022214F8DF
:101A5000011F0A449C4222704FEA2222F7D1B0E7CC
:101A6000034694E7094B92E7094B184607B0BDECD3
:101A7000028BBDE8F08F074B8FE7764206F0070632
:101A800032416A5489E700BF010CF000320CF000CB
:101A9000250CF000140CF0002DE9F0438FB08846BF
:101AA00007A91746044601F0A5FA054600284ED1BD
:101AB000D4F8D050042D01D0082D4ED1D4F8C43024
:101AC0000C2B62D8B8F1000F45D02E1D760106AA66
:101AD00004ABCDE90032029707A905AB00222046EE
:101AE000059600F0DFFD00283CD1069B0498D4F851
:101AF000C42023F00303083304F18409184492003E
:101B0000494601F0B3FBD4F8C400069A04992B1D92
:101B10009E0002EB800200964B4620460692FFF79D
:101B2000C1FD054650B9B8F1010F33D00346224636
:101B300049462046FFF77AFDB0B105462046E4212C
:101B400001F09AFB38464FF4BF5101F095FB28464F
:101B50000FB0BDE8F0836E01B9E71B4D28460FB00A
:101B6000BDE8F083194DE9E7D4F8D430012243F001
:101B70000103C4F8D430C4F8CC2000234846C4F88C
:101B8000C430402101F078FBDCE7114D28460FB04E
:101B9000BDE8F0833146204601F06EFB2B4622461D
:101BA00049462046FFF742FD0028C6D1D4F8D4307C
:101BB000084AC4F8CC8023F4803343F00103C4F80E
:101BC000D430C4F8DC20D8E7210CF000260CF0005B
:101BD000040CF000CDAB23012DE9F04F9DB000289F
:101BE00000F03B811646002A00F03D810D4621B9E8
:101BF0008B4658461DB0BDE8F08FB14F04464FF0FC
:101C0000FF31386801F058FB002840F01981AD4BD6
:101C1000D4F8DC209A4216D0DFF8B8B22946304614
:101C200001F02AFBD4F8C430002B40F00D81386855
:101C300001F05CFB0028DCD0A34801F0EBFA584629
:101C40001DB0BDE8F08FD4F8D430DA0740F10E8132
:101C5000D4F8CC30113300F20F81D4F8D080B8F131
:101C6000040F05D0B8F1080F02D0DFF86CB2D5E749
:101C7000D4F8C4200C2A00F2FC8004F14003029343
:101C800004F1840A002A00F0FD809200514604F11C
:101C9000480001F0EBFAD4F8C420029908F10403DB
:101CA0009B000093920053462046FFF7FBFC8346BF
:101CB0000028B3D10346224651462046FFF7B6FC22
:101CC00083460028AAD104EB88090122D9F80C30F8
:101CD0001BBA9B181BBAC9F80C304FEA880B16D3F5
:101CE000D9F808301BBA9B181BBAC9F808300ED3B4
:101CF000D9F804301BBA9B181BBAC9F8043006D3B4
:101D000054F828301BBA13441BBA44F82830002377
:101D100009A81946032200F0F9FD002840F0AF8021
:101D20000146082307AA09A8CDE9074B00F02EFEBB
:101D3000002840F0A480494609A800F04BFE002886
:101D400040F09D80614AD4F8D4301A4200F0A2805D
:101D50002B0915F00F0B049300F0998001330493C5
:101D6000CDF80CB05B469D420DD0EA1A11463046C4
:101D7000059201F081FA059A3346314609A800F030
:101D800041FE00287BD104F1300B10220298594605
:101D900001F06CFA5846102101F06EFA102306A9E2
:101DA0000191CDF800B009A85A461946069300F0F3
:101DB00067FE002863D1039AA81A3044594601F0FF
:101DC00055FAD4F8D430DB0509D45A460298049B5E
:101DD000314600F0CBF9834600287FF41FAFD9F8D5
:101DE0000C30049A1BBAD3181BBAC9F80C3017D39D
:101DF000D9F8083001221BBA9B181BBAC9F8083061
:101E00000ED3D9F804301BBA9B181BBAC9F804309A
:101E100006D354F828301BBA13441BBA44F82830B0
:101E20005146012322462046FFF700FC8346002846
:101E30007FF4F4AED4F8CC300133C4F8CC30F1E602
:101E4000234801F0E7F9E2E60023C4F8C43004F1C6
:101E50008400402101F010FAE9E6DFF880B058462E
:101E60001DB0BDE8F08FDFF878B0C2E6DFF874B0DF
:101E7000D4E6DFF874B0D1E6DFF870B0CEE6DFF874
:101E800070B0CBE65046402101F0F6F91BE7102375
:101E9000039368E704F1300318461021039301F01F
:101EA000EBF9039B1022194609A800F0ABFD0028AE
:101EB000E5D1D4F8D43043F48033C4F8D43047E7C4
:101EC0002CC00020CDAB2301F40806000001010066
:101ED000DC0806000E0CF000210CF000270CF000CE
:101EE000000CF000080CF000040CF000070CF000EF
:101EF000360CF00070B5002849D00D46002943D0BB
:101F0000244E04464FF0FF31306801F0D5F990BB04
:101F1000002001F021FA50BB20462A460121FFF79C
:101F2000BBFD0446012001F017FAB8B9306801F092
:101F3000DDF950B9012001F00FFA08B9204670BD53
:101F4000154801F067F9204670BD144801F062F9A8
:101F5000012001F001FA0028F0D0F1E70E4801F06D
:101F600059F9306801F0C2F90028E3D0EDE70C48D8
:101F700001F050F9D0E70B4801F04CF9002001F0D6
:101F8000EBF90028C8D0F2E7074C204670BD074C9B
:101F9000204670BD28C000202C090600F408060069
:101FA0000C090600DC080600200CF000250CF000EF
:101FB00000284CD0F0B50D4689B0002938D0044631
:101FC000E42101F059F901A9204601F013F810B1FC
:101FD000204809B0F0BD204F4FF0FF31386801F0C4
:101FE0006BF980BB002001F0B7F940BB01A92A467C
:101FF000204600F063FB0646012001F0ADF9D0B9A0
:10200000386801F073F978B9002EE1D12046E42157
:1020100001F032F929462046FFF76CFF0F4B0028EC
:1020200018BF184609B0F0BD0D4801F0F3F8EBE712
:102030000C4809B0F0BD0C4801F0ECF8E0E70B48A3
:1020400001F0E8F8D2E70A4801F0E4F8CAE70948E5
:10205000704700BF110CF00028C00020120CF000E7
:10206000F4080600200CF0002C0906000C090600FC
:10207000DC080600250CF00030B4029D4DB1064D81
:10208000941EAC4202D830BCFFF724BC034830BCDD
:102090007047034830BC7047FDFF0700310CF0006B
:1020A000300CF00038B504464FF4806001F040F980
:1020B000054D06480649074A00232B6003600B685C
:1020C0002360136038BD00BFC8B102502CB102506C
:1020D00004B1025008B102500138072805D8DFE8E2
:1020E00000F00A0E041204040406094870478B69C4
:1020F0008B6000207047CB688B60002070470B69B5
:102100008B60002070474B698B600020704700BFD8
:10211000310CF1000B6802E0082B0B6006D8426816
:1021200013424FEA4303F7D000207047004870473E
:10213000310CF100084B094A002119601368002B8B
:10214000FCD107480749084A03604FF480604FF00C
:10215000FF330860136070472CB1025010B9025071
:10216000C4B1025008BA025008B10250012BF8B5B0
:1021700016461CD010221D460C4601F05FF8E0B157
:10218000AF1E314604EB0710102201F057F8A0B142
:10219000022D0ADD0025204610342146102201F0D0
:1021A0004DF8013548B1BD42F5D10020F8BD1146CA
:1021B000102201F043F80028F7D10148F8BD00BF14
:1021C000020CF000002877D0F8B50C46002971D039
:1021D0001D46002B6ED0064622B1012200232A6044
:1021E000C0F8D8302B68002B62D029462046FFF774
:1021F00091FF00285BD128682146FFF76DFF00287A
:1022000055D1364B3649374A01271F609C460F602F
:10221000CCF80070A368136011688B42F8D1324F7C
:102220003249334A334B4FF0000CC7F800C0042743
:102230000F600A2111606FF03A021A60079B012BB0
:102240004FF080533AD0D3F8002C013243D0D3F86A
:10225000002C294BA3FB02321209A368274C284902
:10226000284F03FB02F303EB4303DB039B092360CB
:10227000254B2C680C601A60069A244C3A604FF487
:102280008062226001224FF0FF3441F8C44C43F8D1
:102290000C2CD6F8D8302A6823F07F4343EA026337
:1022A000C6F8D8302A6843EA0223C6F8D830F8BD09
:1022B0001748F8BD1748F8BD16487047D3F80C2CDE
:1022C000013206D0D3F80C2C0B4BA3FB0232FA40A0
:1022D000C3E71622C1E70622BFE700BFC4B1025020
:1022E00040B1025030B102502CB102500CB102503A
:1022F00038B1025000B10250ABAAAAAAD8B102501C
:10230000CCB10250D0B10250D4B1025008BA025040
:10231000310CF100350CF100F0B4C900002401F1DA
:10232000FF3C2646274606E09F4216D0012665451B
:1023300019D82C461F46630904F01F0150F82330BA
:102340001F2923FA01F304F1010518BF03F001036B
:10235000002CE9D101263546EBE701369642E6D15D
:102360000248F0BC70470020F0BC7047360CF1000A
:10237000002861D02DE9F0414C1EB4F5047F27D22E
:1023800033B32AB3CD00012B05F1FF3E30D000213D
:102390008C460F460E4603F1FF384C0901F01F052D
:1023A00050F824401F2D24FA05F418BF04F001044E
:1023B00021B90126B44631462746EEE7B34213D091
:1023C000A74201D10CF1010C464504D1624502D26D
:1023D0001A48BDE8F0813C4601318E4506F1010600
:1023E000EAD20020BDE8F08100264FF0010CF3E7AF
:1023F0000026B44637463446610904F01F0350F8FE
:1024000021101F2B21FA03F118BF01F001013CB18B
:102410005FB98C4501D0614608E00136614605E0B0
:10242000012634468C460127E6E73E46B242CFD32A
:102430000134AC42F6D1D4E700487047370CF100C4
:102440002DE9F04F89B01D46149BDDF84CA00446E1
:102450000E4617464BB94FF08053D3F8002C01328B
:1024600000F0A980D3F800BC08E04FF08053D3F807
:102470000C2C013200F0A280D3F80CBC7C480AF589
:10248000C1622A60129A00234FF0FF31136000F0FE
:1024900013FF002840F08680764A774B774910601A
:1024A0000432196013680693069BD907FAD5714A5E
:1024B000714B002111601B68079304321368079366
:1024C000079BDB07FAD56C4B6D4A1B680793DDF859
:1024D0001C9013680793079BD807FAD5644800F04F
:1024E00005FF00285AD1654B994540F0B680D4F8D5
:1024F000D43013F400790ED1D90512D52B68129A75
:102500001B6813603BB1D4F8D4309B055BD54846BB
:1025100009B0BDE8F08FDFF87C91484609B0BDE80E
:10252000F08F002F00F08780564A574B1168B26831
:102530001B689A4245D10A2943D194F8DB300593B0
:102540000AF5C26A042500274FF0805804A8FFF757
:10255000A9FD0498820602D510F01A0039D0D4F8EB
:10256000D810059A0B0A03F47F030B4323F07F4333
:10257000082AC4F8D83077D0149B4FEA420CCDE932
:102580000073002205AB31462046CDF814C0FFF79A
:1025900019FE00285FD1013DD8D1B4E73B4800F0D7
:1025A00039FEA0E73A48DFF8F09000F033FE4846E5
:1025B00009B0BDE8F08F4FF0900B5FE74FF4047B5C
:1025C0005CE7DFF8D890FFF7B5FD484609B0BDE8F5
:1025D000F08F129B5246C3F800B0594600F03CFD04
:1025E000002838D1D8F8043C129A013318BFD8F823
:1025F000043C116808BF51230293D8F8083C01330A
:102600002ED0D8F8083C03934B1EB3F5047F0FD2AD
:10261000029A02915046FFF77FFE48B90299039A49
:102620004FF480635046FFF7A3FE00283FF46BAFE2
:10263000129B1F6093E723F00F03C4F8D430149B60
:102640000122CDE90093314605AB2046FFF7BAFDE4
:1026500000283FF475AF814655E7DFF83C9056E718
:1026600040F237330393CFE7DFF834904BE700BFF6
:1026700040C0002004BF025000BF025012FA12FAFC
:1026800008BF025038B1025030B10250F4080600C1
:10269000DC080600330CF000350CF000300CF100C3
:1026A000320CF10030B4DDE90234049D02940024C0
:1026B000CDE9035430BCFFF7C3BE00BF10B586B0F0
:1026C00005AB0124CDE901240093002204ABFFF700
:1026D000B7FE06B010BD00BFF0B4441831B114F815
:1026E000015D4E1E15B931460029F8D1D41833B119
:1026F00014F8015D5E1E45B93346002BF8D10D1E5E
:1027000018BF01252846F0BC70478B4222D325D83C
:102710004C1EA64228BF2646002E23DB0136941904
:102720000025821904E0012D38BF012590420BD00D
:1027300012F8016D14F8017DB742F4D3F6D9002DDB
:1027400008BF02259042F3D18B4218BF00252846CE
:10275000F0BC704701252846F0BC7047022528468A
:10276000F0BC70470025EFE79942F0B50DD801EBBA
:1027700003044FEA540467D3002C7DD04FF0000CC3
:10278000171F2146051F624632E003F1804C0CF111
:10279000FF3C051F002600EB8C0C05EB810E344638
:1027A0005CF8047FE64546EA0706F9D116F1FF37E3
:1027B00044F1FF3C6FEA0C0C99420CF0010C3ED244
:1027C00001F1804E0EF1FF3E171F02EB8E0507EB65
:1027D000830355F8042FAB4246EA0206F9D116F1FD
:1027E000FF3644F1FF32D24302F0010291B3051FDC
:1027F000002305EB810E28463C46194650F8046F2D
:1028000054F8045FAE4218BF002103F0010318BF63
:10281000002388BF41F0010138BF43F00103864522
:10282000ECD1A9B182F00100BCF1000F00D1084049
:102830008CF0010402B91C4000EB4400F0BDC3B1B0
:10284000171F19460022D3E700263446B446B7E7DF
:10285000002BE7D1BCF1000F03D132B16046144622
:10286000EAE782F001000023E2E71046134614462F
:10287000E1E760461C46DEE720462346DBE700BF73
:102880004218084630B112F8013D411E1BB90846F6
:102890000028F8D170471A064FEAC00018D459062C
:1028A00000F1FF3215D49906A0F1020211D4D90625
:1028B000A0F103020DD41907A0F1040209D45907AD
:1028C000A0F1050205D49B07A0F1060201D4073848
:1028D00070471046704700BFA1B100EB810001E0D6
:1028E00001390FD050F8043D002BF9D04801A0F178
:1028F000200202E00138904206D0002B4FEA430349
:10290000F8DA704708467047704700BF78B3032A6B
:1029100070B50E461546044601D9052A1CD1012E74
:1029200018D8ABB9022D19D0052D17D04C2120464F
:1029300000F0A2FC052D88BF4FF0FF3213D9002014
:102940000123C4E90826C4E90B00C4E90D3370BDB6
:10295000094870BD094870BD094870BD56B94C2181
:10296000204600F089FC074B53F82520E7E74FF499
:1029700070007047044870BD0E00F0000600F000C3
:102980000200F000BC0906001200F000C8B110B54A
:102990000C4682B18CB9082B0DD15368102B0ED187
:1029A000136843B101238362D2E90012103000F0B2
:1029B0005DFC204610BD044810BD044810BD04480D
:1029C00010BD4FF4700070470400F0000500F000E7
:1029D0000300F00070B108B5036A013B022B05D873
:1029E00031B1102200F042FC002008BD034808BDB0
:1029F000034808BD4FF47000704700BF0200F000AC
:102A00000100F00038B349B31AB338B512F00F051E
:102A10001BD1046A24F00404032C01D003B31D4627
:102A200013462A4601F022FE58B1A0F57100052890
:102A300018D8052816D8DFE800F005030A030308B4
:102A40000A4838BD4FF4700038BD094838BD094800
:102A500038BD074870474FF470007047064870470C
:102A6000064838BD4FF4750038BD00BF0200F000C5
:102A70000A00F0000600F0000800F0000900F00075
:102A8000F8B5079F48B30E460546002A35D099424F
:102A900039D8002F41D02B6A23F00401032906996D
:102AA0001FD0002932D03968B14233D3300703D068
:102AB000012B1CD8EB6A23B311463346069A2846ED
:102AC00001F0E0FE044660B3A0F57104052C37D890
:102AD000DFE804F00310251010174FF470042046AF
:102AE000F8BDA9B139680F2914D93107E4D0032BF7
:102AF000E2D1DFE7144C2046F8BD0029C9D0134CC1
:102B0000EDE7134CEBE7134C2046F8BD002ED3D075
:102B1000114CE4E7114C2046F8BD114CDFE7114C95
:102B2000DDE72B6A23F00403032B01D03E60D6E7D8
:102B300006982946102200F099FB10233B60CEE74F
:102B40004FF47504CBE700BF0200F0000800F0006E
:102B50000A00F0000C00F0000900F0000D00F00089
:102B60001100F0000600F0002DE9F84F1E460A9B08
:102B7000002B6AD00D4600296FD0044600287DD076
:102B8000022E5ED816B10B9B002B79D0D4F8B87208
:102B9000B7F5107F4CD8D4F8BC127B1C994247D8AB
:102BA00095F80090B9F1070F53D8B9F1050F50D03F
:102BB00009F006030737022B4FEAD7073CD07B000A
:102BC000013393423BD10A9807F1030B4FF45D7137
:102BD00000F1040A2BF0030800F04EFB414650467A
:102BE0003B466A1C00F002FC002838D14FEA9B0BE0
:102BF0005B46594622465046FFF7B6FD022855D19E
:102C000019F0040F3ED10A9B214603F194004FF4C2
:102C1000377200F02BFB4946504600F06DFC04462D
:102C2000002845D1022E45D00A9A264B13601CE09D
:102C3000254C2046BDE8F88F7B1C9342C3D0234C23
:102C4000F7E7234C2046BDE8F88F224C2046BDE82C
:102C5000F88F214C2046BDE8F88F204CE9E7204C46
:102C60000A984FF45D7100F007FB0B9B002BE0D03E
:102C70004FF46371184600F0FFFADAE7194CD8E711
:102C8000194CD6E70A9B7A1C4C33414618469846A5
:102C90002A443B4600F0AAFB0028E0D140465B46B0
:102CA00059462246FFF760FD0228ACD00C4CC0E725
:102CB0000E4CD5E70B99504600F0FCFC0028B3D031
:102CC0000446CDE7010000EC9508F0000F08F00085
:102CD0001108F0000E08F0000708F0000D08F000E1
:102CE0001008F0000208F0001208F0003008F000B0
:102CF0002DE9F04383B0019300283DD01646002A09
:102D000067D002681F46354B9A4204461BD18FB3E9
:102D1000052914D0072912D8D0F84C33C56C21F0FE
:102D2000020203F10709042A03F11F034FEAD9093C
:102D30004FEA531305F0010522D0022907D0284895
:102D400003B0BDE8F083274803B0BDE8F0833A68DC
:102D500009F1010842453ED3304645F0020500F82E
:102D6000015B9B00221D494600F096FB48BBC7F85B
:102D70000080E5E71C48E3E71C4803B0BDE8F083AA
:102D80003A684FEA490808F10108424523D304296B
:102D900030460CBF0D4645F006059B0000F8015B70
:102DA000221D4946019300F077FB50B909F101005B
:102DB000019B04F14C023044494600F06DFB0028B1
:102DC000D5D03046396800F057FA002308483B60F8
:102DD000B6E70848B4E70848B2E700BF010000ECD6
:102DE0001508F0001A08F0001708F0001408F000A9
:102DF0001B08F0001608F0001808F0002DE9F04755
:102E000082B0DDE90A98002A5CD01D46002B5ED016
:102E1000B9F1000F5DD0B8F1000F5CD00746002873
:102E20005BD08A46002948D0144618464FF44C71AE
:102E300000F022FA4FF45D71484600F01DFAD4F814
:102E4000BC621F367609B200013E04F1D80140464B
:102E500005EB860600F00AFA002373602B1DD4F8F8
:102E6000BC220093514638464346FFF705F9064613
:102E7000C8B128464FF44C7100F0FEF948464FF4B3
:102E80005D7100F0F9F90C9B23B140F6681118460A
:102E900000F0F2F940464FF4537100F0EDF930467E
:102EA00002B0BDE8F087204643464A46294602F074
:102EB0006DFE06460028E6D0DBE7094E304602B03C
:102EC000BDE8F087074E304602B0BDE8F087064EF9
:102ED000E5E7064EE3E7064EE1E7064EDFE700BF13
:102EE0009008F0000208F0000308F0000408F00069
:102EF0000508F0009108F0002DE9F041002940D0CC
:102F000016461F460A682B4B9A420C4631D105469D
:102F100000283AD00268013B9A422ED1002E45D0BB
:102F2000002F45D0069BB3B300F194014FF43772E4
:102F300004F1500000F082F90435211D68BBD4F87B
:102F400008333A680733B2EBD30F4FEAD3081ED3E6
:102F5000069B2846324600F0DDFB0446F8B9C7F868
:102F6000008006984FF4537100F086F92046BDE8C2
:102F7000F081114C2046BDE8F081104C2046BDE8A0
:102F8000F0810F4C2046BDE8F0810E4CF2E70E4C6C
:102F9000C7F80080EEE70D4CECE70D4CEAE7396826
:102FA000304600F069F900233B60DAE7094CE1E7BD
:102FB000094CDFE7020000EC3408F0003208F000B2
:102FC0003308F0003108F0003808F0003708F0004E
:102FD0003A08F0003508F0003608F0000B2804D855
:102FE000034B53F8203003B118470020704700BF4F
:102FF000300B060030B5042285B00123C0F8D02084
:103000000B6068460023CDE90033CDE902330C465E
:1030100000F04EF80546C8B9DDE90030DDE90212DE
:10302000E360003BC4E9040118BF0123A26108B1B9
:1030300043F0020309B143F004030AB143F008036B
:10304000002228466360A26005B030BD014800F050
:10305000E1F8E1E7D409060030B585B004460D4635
:10306000104803924FF0FF3100F026F9039A68B937
:10307000204600950123002101F0E6FF044609489F
:1030800000F034F938B9204605B030BD064800F0EC
:10309000C1F8039AECE7054800F0BCF8204605B0FB
:1030A00030BD00BF40C00020DC080600F408060068
:1030B00000234FF4FA714FF47A72C0E90022816064
:1030C000C3601846704700BF10B500F031F8A0B9D2
:1030D00000F01EF920B1032400F070F8204610BD66
:1030E00000F03AF9034680B90D4A1268120EF02A30
:1030F00006D0052400F00EF9EEE70424204610BDAA
:103100000849094A0968914201D00624F2E7074AB2
:103110000120136000F020F904460028DED0E8E723
:1031200028B9025024BA02500000E0200CBA025024
:1031300008B5184800F0A4F898B9174800F0A0F8AE
:10314000B8B9164800F09CF8D8B9154B124A154882
:103150001A6000F095F8C0B9134B124A1A600020AB
:1031600008BD124800F056F80B4800F089F8002816
:10317000E7D00F4800F04EF8084800F081F800282A
:10318000E3D00C4800F046F8DFE70B4800F042F8C7
:10319000E2E700BF40C0002034C0002038C000205B
:1031A00028C000203CC000202CC00020040A0600DB
:1031B000200A06003C0A06005C0A060008B500F07A
:1031C0003BF80F4800F06AF804210D4800F054F86D
:1031D0000C4800F063F80B48042100F04DF80A4851
:1031E00000F05CF840B9094800F058F8BDE8084024
:1031F0000648042100F040B8054800F00BF8F2E75B
:1032000040C0002034C0002038C000203CC0002056
:103210003C0A0600BFF34F8F0549064BCA6802F40B
:10322000E0621343CB60BFF34F8F00BFFDE700BFE9
:1032300000ED00E00400FA05704700BFA2B1013ABA
:1032400030B401398518421E002012F8013F11F8F0
:10325000014F954283EA040340EA0300F5D10038A8
:1032600018BF012030BC70471046704706F046BCBE
:1032700006F052BC06F06ABC0A46002106F066BCA5
:1032800010B5044610B10020206010BD0248FFF7C1
:10329000C1FF0020206010BD7C0A060010B5044666
:1032A00010B10020206010BD0248FFF7B3FF0020DE
:1032B000206010BD7C0A060010B5044680B10123D1
:1032C000BFF35B8F54E8002F44E800310029F9D1A7
:1032D000BFF35B8F012AF3D0BFF35F8F002010BDD7
:1032E0000148FFF797FFEAE7A00A060010B5044679
:1032F00020B1BFF35F8F0020206010BD0348FFF7AF
:1033000089FFBFF35F8F0020206010BDC00A060058
:103310000020704700207047014B1860704700BFC5
:1033200008BA0250014B1860704700BF04BA02503F
:1033300010B5044630B1054B18680442FCD0044B6C
:103340001C6010BD0348FFF765FFF4E700BA0250A8
:1033500008BA0250E00A060010B54FF0FF310446EB
:103360001748FFF7A9FFE8B9164A54B11368A3B18B
:10337000012B18D0013B1360BDE810401048FFF747
:10338000B5BF106838B9104B10490124C3F8004587
:103390000B68002BFCD101301060BDE810400848DC
:1033A000FFF7A4BF10BD09490B68002BFCD10648EC
:1033B0000749C0F800356FF07E430B601368D9E70A
:1033C00038C0002094BD002000A0025010B9025067
:1033D00004BA02503AB10A44013812F8013D00F82B
:1033E000013F8A42F9D10020704700BF002A48D02F
:1033F0002DE9F0410446002845D015465A1E0532F5
:1034000034D811F0030631D18B422FD8CF1C27F0CE
:1034100003028A4232D8A2EB030840441A462946E6
:10342000FFF726FF414620464FEA9708FFF724FFA3
:10343000B8F1010F1DD0FF0804EB87000438231FEB
:1034400004EB880553F8042F55F8041D12BA09BA85
:10345000834219602A60F5D118F0010007D054F8B2
:1034600027301BBA44F82730002000E00748BDE8A9
:10347000F08123681BBA30462360F8E70448BDE8B2
:10348000F081044870470348F1E700BF050DF000E4
:10349000090DF000040DF00030B40AB300B3DBB145
:1034A00013F0030518D18B4216D3A9B1904208D06E
:1034B00002D91344984217D3904202D243189A4239
:1034C00012D91144431E11F8014D03F8014F8A42ED
:1034D000F9D1284630BC7047044D284630BC7047AF
:1034E000034D284630BC7047024DF6E7050DF0004D
:1034F000040DF000060DF000F0B50446D0F84803C6
:103500008DB000F11F062023B6F5187F00937ED200
:103510000F46694601F0F0FB054610B128460DB094
:10352000F0BD7609334604F19002012101F024FD3B
:1035300001210846052304F5127201F01DFD3346F2
:1035400022460121022001F017FD334604F1D80282
:103550000121042001F010FD04F590723346012191
:10356000052001F009FD424A13680193019BDB0726
:10357000FAD5404B40493E4A196013680293029BBA
:10358000D807FAD53B4B3D49394A19601368039374
:10359000039BD907FAD5374B3949354A1960136867
:1035A0000493049BDB07FAD5324B364A1A6007F0C6
:1035B0000603022B2FD004F14802334601210320D9
:1035C00001F0DAFC2A4A13680593059BDC07FAD55B
:1035D000284B2D49264A196013680693069BD80785
:1035E000FAD5244B29492A4A196013680793079B87
:1035F000D907FAD5274A284B126812F4805F08BF12
:103600001D46009801F062FC28460DB0F0BD234D28
:1036100028460DB0F0BD01F069FE002826D01C4AF6
:1036200013680893089BDB07FAD51D4B184A1968E5
:1036300013680A930A9BD807FAD51A4A1A4B1160E5
:103640001B680993099B5F40F90708D5343A136852
:103650000B930B9BDB07FAD5064B144A1A603146D5
:1036600004F14800032201F05BFCCAE7104DC8E7F3
:10367000B0B0025080B002508021088880411831DB
:10368000806108880051183180310C880068105121
:10369000B4B0025088B002501008F0000F08F000DB
:1036A0000CB00250E4B00250DCB00250C03000292F
:1036B0004021F00070B5D0E9D2421F3484B06409D3
:1036C00000F148030D4601EB84061F3201EBC401F3
:1036D0000391009300F5B4710346CDE901565209F8
:1036E000903000F0D3FE70B930462146FFF7F4F871
:1036F00030B921462846FFF7EFF808B904B070BD8D
:10370000024804B070BD024804B070BD1008F0005B
:103710003008F0002DE9F043D0E9D2451F3485B0E0
:10372000640903EBC40E1E4603EB84071F3500F14A
:1037300048030093CDE9027E0346019690469030FF
:103740006A0900F0A3FE054640B130464FF45371BC
:10375000FFF792FD284605B0BDE8F08338462146C4
:10376000FFF7BAF860B121463046FFF7B5F838B137
:103770004FEA84094A4640463146FFF72BFEE4E70C
:10378000004DE2E72008F1002DE9F04F97B0DDE9A8
:1037900020744FEA043E4EEA844E4EEA83149D4D57
:1037A00044F0045C9C012E680096009EF607FAD552
:1037B000229DDFF86482974EC8F800C0920142EA69
:1037C000834242EA053545F010454FEA83483268A6
:1037D0000192019AD207FAD58F4ADFF838C21560F4
:1037E0004EEA811E4EF0104E8E01DCF8002002924F
:1037F000029AD507F9D53D0345EA8745864A854FA4
:10380000C2F800E044EA050949F004593A68039215
:10381000039AD207FAD5804ADFF8F8E1C2F800909F
:1038200044EA033C48EA0C0747F004574FEA033ADE
:10383000DEF800200492049AD207F9D5764ADFF820
:10384000D4E117604CEA814949F010498F04DEF851
:1038500000200592059AD207F9D56F4ADFF8B4E146
:10386000C2F8009045F0104545F48075DEF8002060
:103870000692069AD207F9D5DFF89CE1674ADFF88D
:103880009491CEF8005042EA80124FEA801ED9F897
:1038900000500795079DED07F9D5DFF87CB1DFF8FB
:1038A00084915C4DCBF8002049EA00394FEA003B97
:1038B0002A680892089AD207FAD5574DC5F80090A1
:1038C000239A574D45EA8249524A12680992099A49
:1038D000D507F9D5504A4F4DC2F800904CF0245905
:1038E00049F400192A680A920A9AD207FAD54A4D71
:1038F000484AC5F800904EEA030343F0484343F4B6
:10390000821315680B950B9DED07FAD54EEA0B0552
:10391000DFF804E13F4ACEF8003045EA080545F0FB
:10392000045513680C930C9BDB07FAD53A4B394AC4
:103930001D604CEA804040F0045013680D930D9BCD
:10394000DD07FAD5344BDFF8E0C0324A18604AEAA6
:103950000C0C13680E930E9BD807FAD52E4B2D4DE9
:10396000C3F800C047EA013746EA070C4CF00450A0
:103970000A032B680F930F9BDB07FAD5264B254DC7
:1039800018604CF0104C2B681093109BDB07FAD595
:10399000214B204DC3F800C02B681193119BDB070E
:1039A000FAD51D4B1B4D1860274347F004572B6871
:1039B0001293129BDB07FAD5174B16481F60239B07
:1039C00044EA080444EA033444F0104403681393BF
:1039D000139BDD07FAD5104B0E481C60324342F0B2
:1039E000245242F4101203681493149BDC07FAD596
:1039F000094B08481A600E4346F0484646F4A216A2
:103A000003681593159BDB07FAD5034B1E6017B0AF
:103A1000BDE8F08FB0B0025080B0025000401021DD
:103A20000041002100011021400128292DE9F04F1B
:103A30009FB0AF4F2D9D289E2C0344EA854C4CEA45
:103A4000831C4FEA854E01944CF0104C9D013C685C
:103A50000494049CE407FAD54FEA801BA54F4BEA77
:103A6000033848EA8646DFF88882C7F800C046F087
:103A700010461F03D8F800400594059CE407F9D5CB
:103A8000DFF87082DFF868C24BEA00340294C8F8AD
:103A9000006044F0245848F40018DCF80040069414
:103AA000069CE607F9D5DFF84C92914EC9F80080E4
:103AB00045EA070C4EEA0C0E4EF0104E346807949F
:103AC000079CE407FAD5299CDFF82892DFF82082CA
:103AD000C9F800E047EA811646EA84468C0146F0C0
:103AE00010460094D8F800400894089CE407F9D5E3
:103AF000009CDFF80082DFF8F891C8F8006044EA23
:103B0000013E4EF0245848F40018D9F800400994BA
:103B1000099CE607F9D52A9CDFF8D891744EC9F8BC
:103B200000804FEA043A4AEA844A2A9C4AEA050A93
:103B30004AF0104A4FEA844934680A940A9CE40720
:103B4000FAD52B9C47EA844606430396694E684C97
:103B5000C6F800A0039E46F0484A4AF0C00A26680C
:103B60000B960B9EF607FAD5624C614EC4F800A086
:103B700049EA0C0A4AF0104A34680C940C9CE40799
:103B8000FAD52C9C47EA84460E430396594E584C6E
:103B9000C6F800A0039E2E4346F0484A26680D96BC
:103BA0000D9EF607FAD5019C44EA8216514C46EA6E
:103BB00009094F4EC4F800A049F010494FEA821A93
:103BC00034680E940E9CE407FAD54A4C484EC4F86B
:103BD00000904AEA824A4AF0104A4AF4405A4FEAB0
:103BE000824934680F940F9CE407FAD5414E404C4B
:103BF000C6F800A026681096109EF607FAD53D4E2E
:103C0000DFF8F8A03A4CC6F800A026681196119E7D
:103C1000F607FAD5374EDFF8E8A0354CC6F800A015
:103C200026681296129EF607FAD5324EDFF8D4A017
:103C30002F4CC6F800A04EF0104E4EF4402E2668D1
:103C40001396139EF607FAD52A4E2B4CC6F800E0C1
:103C500044EA804E3036800434681494149CE4079F
:103C6000FAD547EA8347DFF88CA0214CCAF800E078
:103C70004BEA070646F0484646F003064FEA834AF9
:103C800023681593159BDB07FAD5DFF868E0184C1D
:103C9000CEF80060029B43F0045646F48016236879
:103CA0001693169BDB07FAD5124CDFF844E026602A
:103CB000DEF800301793179BDC07F9D50D4CDFF8C1
:103CC00030E0266040F0045040F48240DEF80030DE
:103CD0001893189BDB07F9D5009B054C4AEA0101B4
:103CE0001943044B41F04841186041F480410BE016
:103CF000B0B0025080B002500041009000310C90F2
:103D0000C0400C90C030202923681993199BDE070E
:103D1000FAD5194B1948196003681A931A9BDC07E6
:103D2000FAD5154B1549C3F8008049EA02322A43F7
:103D300042F010420B681B931B9BD807FAD50E4B21
:103D40000E491A602F4347F010470B681C931C9BC9
:103D5000DA07FAD5084B094A1F604CF0104141F4CC
:103D6000301113681D931D9BDB07FAD5024B1960B8
:103D70001FB0BDE8F08F00BF80B00250B0B002505D
:103D80002DE9F04F99B0DFF870C2269C239D2703E0
:103D900047EA844949F0104646F0800699464FEAC2
:103DA000844EDCF800300193019BDC07F9D5914B80
:103DB000914C1E604FEA894949EA801949F0104642
:103DC00046F400564FEA801A23680293029BDB07F1
:103DD000FAD5884B884C1E604AEA003C4CF02456C9
:103DE00046F4001623680393039BDB07FAD5814B47
:103DF000814C1E604EF0104646F402562368049330
:103E0000049BDB07FAD5229B7B4C4FEA834E4EEA9C
:103E1000811E784B4EF0104E1E604EF4005E8E01F7
:103E200023680593059BDB07FAD5724B724CC3F8E8
:103E300000E046EA013949F0245B4BF4001B23689B
:103E40000693069BDB07FAD54FEA053E694B6A4CA1
:103E5000C3F800B04EEA854E4EF0104E4EF0800E84
:103E60004FEA854823680793079BDD07FAD5249B13
:103E7000604C40EA834545F048455F4BC4F800E09C
:103E800045F403551C680894089CE407FAD5594B7F
:103E9000594C1D6048F0104545F4025523680993BC
:103EA000099BDB07FAD5259BDFF848E1524CCEF899
:103EB000005041EA834343F0484545F402552368E6
:103EC0000A930A9BDB07FAD547EA8217494B4A4C0B
:103ED0001D6047EA080848F01047950123680B93D6
:103EE0000B9BDB07FAD5434B434C1F6045EA8242EC
:103EF00042F0104242F4405223680C930C9BDD07C1
:103F0000FAD53C4B3C4C1A6023680D930D9BDA07A5
:103F1000FAD5384B394C384A1C6013680E930E9B07
:103F2000DB07FAD5334B364C334A1C6013680F93CA
:103F30000F9BDF07FAD52F4B324C1C602E4A49F0FD
:103F4000104444F4402413681093109BDD07FAD505
:103F5000284B2D4D284A1C6045EA80458004136893
:103F60001193119BDC07FAD5224B284C224A1D6085
:103F70004AEA040413681293129BDB07FAD51D4B1F
:103F80001D4A1C604CF0045444F4801413681393CD
:103F9000139BDF07FAD5174B174A1C60136814935D
:103FA000149BDD07FAD5134B134A1C6040F00450F4
:103FB00040F4824013681593159BDC07FAD50D4B2E
:103FC0000D4A18600E4346F0484646F4042613682E
:103FD0001693169BD907FAD5064B074A1E6013683D
:103FE0001793179BDB07FAD5024BC3F800B019B043
:103FF000BDE8F08F80B00250B0B0025000310C909C
:10400000C0400C90C030202900410090032008C817
:104010002DE9F043974AABB013680993099BDF077A
:10402000FAD5954B9549934A196013680A930A9BF0
:10403000DE07FAD5904B92498E4A196013680B93AC
:104040000B9BDD07FAD58C4B8E498A4A19601368A1
:104050000C930C9BDC07FAD5874B8B49854A19607A
:1040600013680D930D9BD807FAD5834B8749814A76
:10407000196013680E930E9BD907FAD57E4B844ABC
:104080001A601B2000F030FD0446182000F02CFDC3
:104090008442784A09D913680F930F9E16F00106DF
:1040A000F9D0754B7B4A1A6009E013681093109B96
:1040B000DB07FAD5704B784A1A60044600266D4A31
:1040C00013681193119BDF07FAD56B4B7349694A4B
:1040D000196013681293129BDD07FAD5664B704A7C
:1040E0001A601C201D2118220B238DE80F000F23BE
:1040F0000E220D210C20FFF747FB01340C200D216F
:104100000E220F238DE80F0024F001041323122246
:1041100011211020FFF738FB0125A11E08AB07AACB
:104120001B20089500F02CFD022800F06A8103286E
:1041300000F04081012800F0168100274D4A1368E5
:104140001F931F9BDB07FAD54B4B5649494A196011
:1041500013682093209BDD07FAD5474B5249454A07
:10416000196013682193219BD807FAD5424B4F4A17
:104170001A60043C39D44FF0170916254FF01A087D
:1041800015211420CDE900011A231622CDE9025988
:10419000FFF7FAFA142003468DE82201162201F0F7
:1041A0007BFB08AB07AA21461B2000F0E9FC00EBD3
:1041B00087000430072816D8DFE800F0A1A8A59DE5
:1041C0009995840412271122102315211420CDE97A
:1041D00004270393CDE90001029517231622FFF768
:1041E00025FC4FF0FF37023CCAD519201C211622AE
:1041F00015231824CDE90121CDE9030400930E22F3
:1042000014230D210C20FFF7BBFD1A4A002F40F0AC
:10421000818013682693269BDC07FAD5164B244928
:10422000144A196013682793279BD807FAD51248B8
:10423000204B2149214C0F4A0460002E14BF1E461A
:104240000E4613682893289BD907FAD50A4B094ACA
:104250001E6013682993299BDB07FAD5064B184A81
:104260001A6018231D221C21012001F029FC2BB00B
:10427000BDE8F083B0B0025080B0025000020021CF
:1042800000822021408220218082242140066E4924
:1042900000966929C0066649C00662490006624167
:1042A0000016624940D62129C0D32029C0142129F3
:1042B000C05521294007564940075E490007524929
:1042C00000065A490E270D220C2315211420CDE992
:1042D00004270393CDE90001029517231622FFF767
:1042E000A5FB00277FE718271D221C23EDE71827D1
:1042F0001D221C2369E7182719221C23E5E7122732
:1043000013221023E1E70E270F22DDE70E270F22ED
:104310000C235AE713682293229BD907FAD54C4BFA
:104320004C494D4A196013682393239BDB07FAD548
:1043300047484A4B4A494B4C474A0460002E14BF39
:104340001E460E4613682493249BDF07FAD5404B84
:10435000414A1E6013682593259BDD07FAD53C4B27
:10436000414A1A607DE73C4A13681393139BD807B0
:10437000FAD5374B3D49384A196013681493149B9A
:10438000D907FAD5324B3A49334A19601368159365
:10439000159BDB07FAD52E4B36492F4A1960136857
:1043A0001693169BDF07FAD5294B334A1A604FF054
:1043B000FF37C3E6284A13681B931B9BDF07FAD518
:1043C000234B2E49244A196013681C931C9BDD075C
:1043D000FAD51F4B2A49204A196013681D931D9B6B
:1043E000D807FAD51A4B27491B4A196013681E9340
:1043F0001E9BD907FAD5164B234A1A604FF0FF3798
:104400009CE6154A13681793179BDD07FAD5104BE6
:104410001649114A196013681893189BD807FAD5E2
:104420000B4B13490C4A196013681993199BD90750
:10443000FAD5074B0F49084A196013681A931A9B5B
:10444000DB07FAD5024B0C4A1A60002776E600BF5C
:1044500080B00250C0D32029B0B002504007364986
:1044600040073E490007324900063A4900053249F3
:104470004005364980053A49C0053E490005424994
:104480004005464980054A49C0054E492DE9F04F8F
:104490000D4687B004461146284600929846FEF71E
:1044A0001BFAD4F8BC32009904F1D80A1F3306462F
:1044B0005B0952462846FEF757F9002E70D00128B6
:1044C0006ED0D4E9AEB0394B584593F91A2093F920
:1044D0001CC000924FF0200793F91B2093F91D3068
:1044E000059738BF584605A90192CDF808C0039337
:1044F00000F002FC074618B1384607B0BDE8F08F5F
:104500002B490BF11F094FEA59194B46C1F800B06E
:104510002246012100F030FD0121084604F5DC723D
:10452000052300F029FD4B4604F1480201210B2030
:1045300000F022FDD4F8BC329DF808409DF8000040
:104540001F3352465B099DF80CA0012100F014FDB9
:1045500042464B462046012100F00EFD109A4B4684
:104560005046012100F008FD06F11F035B099DF88C
:1045700004002A46012100F0FFFCFFF749FD1198D5
:104580002246494600F0CCFC12985246494600F0BB
:10459000C7FC059800F09AFC384607B0BDE8F08FDC
:1045A000044F384607B0BDE8F08F00BF100B06007F
:1045B00090B002503008F10038B5224B224A012158
:1045C000054619601368002BFCD1204A1368002BA4
:1045D000FCD11F4A1368002BFCD11E4A1368002B24
:1045E000FCD11D4B1C68002CFCD14FF0FF30FEF7B6
:1045F00093FE2B6A23F00403032B184B18680CBF9F
:1046000020F0400020F08000FEF78CFE144B0022CA
:104610001A602B6A23F00402032A18BF6C6A114A3D
:104620004FEA830318BF04F0010403F01C031C438A
:1046300014602B6A072B02D10B4B01221A60002059
:1046400038BD00BF00B9025070B4025020BD025006
:1046500020BC025038BD025038BC025004BA02508F
:10466000BCB40250C0B402507CB40250002800F028
:10467000BF80F8B51D46436B0E4617460446002B17
:1046800035D0012B02D1B5F5803F33D265484FF0CC
:10469000FF31FEF711FE002857D10020FEF75CFE27
:1046A00000284ED1604B01221A60236A032B28DCBC
:1046B000002B28DA5D4A1368002BFCD15A4A13609C
:1046C000236A23F00403032B594B18680CBF40F0F6
:1046D000400040F08000FEF725FE0120FEF73CFE82
:1046E000002836D14F48FEF701FE28B9F8BDB5F5D0
:1046F000805FCBD34F48F8BD4F48FEF78BFD0020BD
:10470000F8BD072BD6D1636A012BD3D8636B012B7D
:10471000D0D8A36B012BCDD82046FFF74DFF002842
:10472000C8D1A36A012B6CD033F0020263D0236A94
:104730005A1E062A1BD8DFE802F0104B101A1A1A6C
:1047400010003E48FEF766FDACE73D48FEF762FD0F
:10475000A3E73C48FEF75EFDC4E73B4B22681A60C6
:1047600062685A60A2689A60E268DA60236A23F09D
:104770000403032B31D0A36B012B4CD0334A344BB1
:10478000176020201D60636B012B2CD0314A324B07
:1047900016601D60FEF7CCFD244A1368002BFCD187
:1047A000236A013B062B10D8DFE803F00414040F42
:1047B0000F0F0400244A294B126822601A686260B5
:1047C0005A68A26008331B68E3600123236371E722
:1047D000234BC3E7224A234BEEE7636B012B01D047
:1047E0001020D3E74020204A204B16601D60D1E7FF
:1047F0004FF4710070471E491E4A0B60012313607D
:1048000095E71D4B22691A6062695A60A2699A6035
:10481000E269DA608BE7194A194B176080201D6046
:10482000B1E700BF40C0002010B8025010B90250DC
:1048300004BA02500500F100F40806000C09060055
:10484000DC0806002C09060040B4025030BD0250BE
:1048500034BD025030BC025034BC025044B402504B
:1048600060B4025064B4025028BC02502CBC025008
:1048700038BA025078B4025000B4025028BD025039
:104880002CBD02502DE9F041002800F081801D462A
:10489000036A072B0F46044616D055B9032B0FD1D8
:1048A000036B6BB9C0E90F55C0E9115500F13C0726
:1048B00010252B4639462046BDE8F041FFF7D6BE0D
:1048C0002E463046BDE8F081436B002B37D1B5F55D
:1048D000805F39D215B9236B002B35D167484FF073
:1048E000FF31FEF7E9FC002840F097800020FEF73A
:1048F00033FD002840F09980614B01221A60236A41
:10490000032B23DC002B23DA5E4E5F4A1368002B57
:10491000FCD15B495D4A0B60106840F04000FEF737
:1049200001FD0120FEF718FD00287AD15348FEF75B
:10493000DDFC0028C5D05648FEF76CFCC1E7012B12
:10494000C8D1B5F5803FC5D3524EBAE7072BDBD1AE
:10495000636A012B78D8636B012B57D8A36B012BAB
:1049600000F284802046FFF727FE06460028CCD1BF
:10497000A36A012B6AD033F0020271D0236A013B93
:10498000062B13D8DFE803F00944091212120900BC
:104990004FF471063046BDE8F0813F4B22681A6043
:1049A00062685A60A2689A60E268DA603B493C4AF1
:1049B00001230B601560002D3BD1226B0AB9394AE7
:1049C0001360314B1E68002EFCD1236A013B062B7D
:1049D0009BD801A252F823F0F5490500154A0500BD
:1049E000F54905000B4905000B4905000B49050079
:1049F000F5490500284A2C4B126822601A6862604B
:104A00005A68A26008331B68E3607EE7274E7CE7A4
:104A1000274BC3E7264A274BEEE72748FEF7FAFB6A
:104A200064E72648FEF7F6FB80E72548FEF7F2FB31
:104A300062E7636B012B1BD0224A234B17601020C7
:104A40001D60FEF775FCBCE7204E5EE7204B226937
:104A50001A6062695A60A2699A60E269DA608DE759
:104A60001C491D4A0B600123136087E71B4E4CE76E
:104A70001B4A1C4B176040201D60E2E740C000202D
:104A800010B802500100F10010B9025004BA0250EF
:104A9000F40806000500F10040B402507CB4025056
:104AA000BCB4025024B5025044B402500300F100DB
:104AB00060B4025064B40250DC0806002C09060001
:104AC0000C09060030BC025034BC02500200F10058
:104AD00000B4025038BA025078B402500400F10019
:104AE00028BC02502CBC025030B4214A84B0136858
:104AF0000093009BDC07FAD500F1A05303F52C438B
:104B00009B001B4A186813680193019BD907FAD5CB
:104B1000184B1A6812F11F0348BF02F13E035B11E4
:104B2000591E0FD4124A144D144C13680393039B5F
:104B3000DB07FAD50B182B6023680293029B2BB975
:104B40000139F2D2580104B030BC7047013148013C
:104B5000A0F120014FF0004202E001388142F2D082
:104B600013424FEA5202F8D004B030BC704700BF85
:104B7000B4B00250ACB00250E4B00250DCB002500D
:104B800070B41C6885B001F01F0644B91E2E06D013
:104B90001068F04000F0030005B070BC70470F4D86
:104BA0002C680194019CE407FAD500F1A05404F5A7
:104BB0002C44A400094D20682C680394039CE4074E
:104BC000FAD5074C00EB611106482160016802919B
:104BD0000299116000211960DAE700BFB4B00250F9
:104BE000E4B00250DCB00250A0F12003B3F5426FF4
:104BF00061D8F0B48F2882B053D900F11F035B094C
:104C00005B013F339B09013311B18B4255D80B46F1
:104C1000DC004FF48051B1FBF4F1202928BF2021A2
:104C200002B11160264C274D012600222660023970
:104C3000144603FA06F640F6FC778C4204F10104B0
:104C4000B6BF2A602F6092191E2C05F10405F4D11D
:104C50001D4C1E4D226032442A6000F13F011C4A67
:104C60001C4DDFF890C0E56021F03F01106040313D
:104C7000194F1A4E1A4D1B48CCF800109B011A49C7
:104C80003B6033602B60E3620360D3610A6801928A
:104C9000019AD207FAD5154A0020136002B0F0BC81
:104CA000704700F1470400F16603E4064FEA53132E
:104CB000A6D00133A4E70E4870470D48EEE700BFC9
:104CC0001CB8025000B0025078B002507CB00250C4
:104CD00090B0025020F80F0098B002509CB00250E3
:104CE000A0B00250A8B00250B4B00250ACB0025014
:104CF0002221F00094B0025038B504460D46194800
:104D00004FF0FF31FEF7D8FA60B90020FEF724FB20
:104D100080B920462A460021FFF766FF0446A0B965
:104D2000204638BD1048FEF775FA0020FEF714FB48
:104D30000028EED00D48FEF76DFA20462A460021E5
:104D4000FFF752FF04460028EAD00120FEF704FBDB
:104D500020B90448FEF7CAFA204638BD0448FEF7D9
:104D600059FAF6E734C00020DC0806000C090600FA
:104D70002C0906002DE9F0434E4C89B023680193BD
:104D8000019BDD07FAD54C4B13449B000A181D68A4
:104D90001E2A05F11F0588BF1E224FEA551502FB8A
:104DA00005F288BFC0F11E01B2F5806F04D94FF43F
:104DB0008061B1FBF5F1091A002976DD00F1A05000
:104DC00000F52C4005F1010E4FF0000C394ADFF8D8
:104DD000F4803A4C87002EF0010660461368029377
:104DE000029BDB07FAD5D7F8009013680393039B67
:104DF000DB07FAD5C8F80090002355B101339D4276
:104E00002060FBD1AE4204D92B4601339E42206084
:104E1000FBD10CF1010C614507F10407DED1254AF5
:104E200013680493049BDC07FAD5254B214A1968C3
:104E300013680593059BD807FAD5224B19607DB1FD
:104E400000231E491A4601339D420A60FBD1AE423F
:104E500006D91A492B46002201339E420A60FBD133
:104E6000144A13680693069BD907FAD5164B114AC4
:104E7000196813680793079BDB07FAD5114B196074
:104E800035B100230D491A4601339D420A60FBD11A
:104E9000AE4207D9094A002301E00EF1010E764522
:104EA0001360FAD109B0BDE8F08305F1010E2EF0D0
:104EB0000106B4E7B4B0025024AC0014D8B00250DC
:104EC0007CB00250D4B0025078B0025008B558B946
:104ED0000F4B00221A600120FEF73EFA98B90D48E8
:104EE000FEF704FA50B908BD202801464FF007022A
:104EF00028BF20210020FFF73DFFE9E7BDE808407B
:104F00000548FEF787B90548FEF784F9E7E700BFD3
:104F10001CB8025034C00020F40806002C0906001A
:104F200010B4124C85B023680193019BDB07FAD5BE
:104F300002F1A05202F52C4293000C4A1C6813683F
:104F40000393039BDB07FAD5094B1C6051B104386E
:104F5000084A00EB810113680293029B40F8043F6A
:104F60008842F8D105B05DF8044B7047B4B00250E8
:104F7000E4B00250DCB0025070B42F4D85B02C6804
:104F80000094009CE407FAD500F1A05000F52C40F5
:104F90008000294C0568206801900198C607FAD561
:104FA0002648012605609BB1043A254E02EB830496
:104FB00052F8040F3060A242FAD15E1C26F00102C2
:104FC000934205D21E4C0020013393422060FBD156
:104FD000194A26F0010013680293029BDC07FAD5F8
:104FE000184B0B449B001B681F33B0EB531F4FEA59
:104FF00053121DD210490B680393039BDB07FAD5AC
:105000000E4B0544121A1D6012D000230C4819469D
:10501000013393420160FBD15A1C22F001019942F5
:1050200006D90748002300E001328A420360FBD121
:1050300005B070BC704700BFB4B00250D4B002508D
:10504000D8B0025024AC0014F8B5069E002E33D020
:1050500001292FD8012B31D81C4C074600251C48AC
:1050600025600468002CFCD11A4D2C68002CFCD162
:10507000194D2C68002CFCD1184D2C68002CFCD14B
:10508000174D2C68002CFCD1012B19D01548164B5C
:10509000026020201E6001290BBF144B144B154ADF
:1050A000154A17601E60FEF743F9144B1868002874
:1050B000FCD1F8BD1248F8BD1248F8BD1248F8BD41
:1050C0001248134B026080201E60E4E700B90250D2
:1050D00070B4025020BD025020BC025038BD0250B6
:1050E00038BC025030BD025034BD02502CBC0250BE
:1050F00034BC025028BC025030BC025010B90250DF
:105100000200F4000100F4000300F40028BD025086
:105110002CBD02502DE9F043644A93B0136800930C
:10512000009BD907FAD5624B6249634A196013683C
:105130000193019BDB07FAD5604B1B68DF0400F18C
:10514000AF805A4A13680293029BDE07FAD5584B88
:105150005B49594A196013680393039BDD07FAD52D
:10516000564B1B68DC0400F18580534B554E4F496C
:105170004F4FDFF86CC14FF00109DFF868E1524D85
:1051800000241A680492049AD007FAD530681A6885
:105190000692069AD207FAD5CEF800002A68059240
:1051A000059A12B95DE052080134D007FBD514F01E
:1051B0001F0568D11D680995099DE807FAD5434D7B
:1051C000D5F800801D680B950B9DED07FAD5DFF82B
:1051D00014E13D4DCEF800802D680A95E0070A9D48
:1051E00005D505F00704032C4AD0052C48D002F061
:1051F0000302032A05D105F00305032D08BFC9F1F9
:1052000000090A680C920C9AD407FAD5304A3A6021
:105210000A680D920D9AD007FAD52E4A3A600A68AC
:105220000E920E9AD207FAD52B4A3A600A680F926C
:105230000F9AD507FAD5294A3A600A681092109A4F
:10524000D407FAD51B4A3A601A681192119AD0070E
:10525000FAD51A4A1268D2048FD5484613B0BDE871
:10526000F0830A680792079AD207FAD5C7F800C0F8
:10527000203486E74FF00109484613B0BDE8F083BB
:10528000C9F10009B3E7DFF860E0013D4EEA053EF1
:105290000D680895089DED07FAD5C7F800E089E785
:1052A0004FF00009484613B0BDE8F083B0B002509B
:1052B00080B0025000082A51B4B0025088B00250A9
:1052C00000182A5128B00250DCB002502CB0025015
:1052D00000032A4980022E49C0C228A1C0023249D7
:1052E00080F22961E4B00250800228612DE9F04784
:1052F000894ABAB013680093009BD807FAD5874B48
:105300008749884A196013680193019BD907FAD528
:10531000854B1B68DB0400F19181824A136803937B
:10532000039BDE07FAD5814B7E4A19681368059303
:10533000059BDD07FAD57E4A7E4B11601B680493FE
:10534000049F07F00303032B00F0748207F00703A8
:10535000052B714A00F0278113681993199BDC070C
:10536000FAD56E4B74496C4A196013681A931A9BEC
:10537000D807FAD5694B714A1A60FFF7CBFE0130A6
:1053800000F01D82644A13681B931B9BD907FAD552
:1053900062486B4B0360013F40F071825E49DFF869
:1053A000D0C1604B674E624D624CB8460A681C9291
:1053B0001C9AD207FAD5C0F800C008F120081A6874
:1053C0001D921D9AD707FAD537681A681F921F9A3F
:1053D000D207FAD52F6022681E921E9F002FE5D0BB
:1053E00017F0010311D17F08FE07194603F10103ED
:1053F000F9D5494802682092209AD507FAD5524A31
:10540000464842EA013198440160434A13682193B7
:10541000219BDC07FAD5414B4C493F4A1960136880
:105420002293229BD807FAD53C4B494A3A4CDFF8E5
:105430004491484E414D1A609A4623682393239B1A
:10544000D907FAD5CAF8009023682493249BDA0779
:10545000FAD5CAF8006023682593259BDB07FAD5A7
:10546000CAF80050FFF756FE0130E6D12A4A136809
:105470002693269BDC07FAD5284B3749264A196024
:1054800013682793279BD807FAD5244B3349224A20
:10549000196013682893289BD907FAD51F4B2A490E
:1054A0001D4A196013682993299BDB07FAD51B4B0A
:1054B0002B49194A196013682A932A9BDE07FAD5EB
:1054C000164B2849144A196013682B932B9BDD0750
:1054D000FAD51248244A104BDFF89C90DFF89CE084
:1054E000224EDFF89CC002601A682C922C9AD407D6
:1054F000FAD5C0F800901A682D922D9AD107FAD5E6
:105500000849094DC0F800E000241A682E922E9A2E
:10551000D207FAD5066035E0B0B0025080B0025034
:1055200000081251B4B0025088B0025000B00250CE
:10553000E4B00250DCB0025080021249C0020249BD
:10554000C01002290CB00250C0000C61C0011E4105
:10555000C0111E4980021E49C0311C98C0100E2186
:10556000C030109840021249809184A8001826513A
:10557000C0F00D61C0111E2140320C8840622488A9
:10558000409224880A682F922F9AD207FAD52A6867
:10559000D20460D401341A683092309AD207FAD516
:1055A000C0F800C0B1E713680993099BDB07FAD57F
:1055B000854B8649864A196013680A930A9BDF0760
:1055C000FAD5814B8349824A196013680B930B9B70
:1055D000DE07FAD57C4B80497D4A196013680C932D
:1055E0000C9BDD07FAD5784B7C497D4A196013681E
:1055F0000D930D9BDC07FAD57A4B754A1B68D804CE
:1056000040F1928013680E930E9BD907FAD56E4B2A
:1056100075496F4A196013680F930F9BDB07FAD522
:10562000694B72496A4A196013681093109BDF072F
:10563000FAD5654B6E4A1A60002054E0644A13683C
:105640000293029BDF07FAD55F4B6A4A1A6001207A
:105650003AB0BDE8F087002C3FD0A8EB0404012C41
:1056600033D0621E02F01F01002A4FF00107B8BFBD
:1056700004F11E028F4051111A683292329AD207F9
:10568000FAD55D4A564C026022683392339AD507A8
:10569000FAD55A4A524C156822683492349AD20785
:1056A000FAD5574C574A2944216017601A68359239
:1056B000359AD207FAD5544A02601A683692369A59
:1056C000D507FAD5514A02600EE71A683192319A2D
:1056D000D107FAD54E4A026006E707F00303032B11
:1056E00040F0C58001203A4A13683793379BDC07A6
:1056F000FAD5354B4749364A196013683893389BB9
:10570000D907FAD5304B4449354A196013683993A3
:10571000399BDB07FAD5334B1B6813F4805F18BF46
:1057200001203AB0BDE8F08713681193119BDE07A2
:10573000FAD5254B39492A4A196013681293129BEE
:10574000DD07FAD5274B1B68DC04C3F30030CAD54C
:105750001F4B1A681392139AD107FAD51A4B304A85
:105760001B491A600B681493149BDA07FAD5164B81
:105770001E4A17491A600B681593159BDB07FAD56B
:10578000114B284A12491A600B681693169BDF07C3
:10579000FAD50D4B244A0E491A600B681793179BD4
:1057A000DE07FAD5084B214A09491A600B6818939D
:1057B000189BDD07FAD5044B1D4A1A603CE7002010
:1057C0003AB0BDE8F08700BF80B002504012022915
:1057D000B0B00250C01124618071109800181A51A5
:1057E000B4B0025088B0025080310221802118618B
:1057F000C0601098C0000E410002224120B002504B
:10580000D4B00250D8B0025040821C98C0900C888E
:10581000C0700C8880310C880048185100981851CD
:105820008051022940121071C06124984002107109
:10583000C0901C88343A13680693069BDC07FAD59F
:10584000104B1149114A196013680793079BD80739
:10585000FAD50C4B0E490D4A196013680893089B42
:10586000D907FAD5074B0B4A1A6000203BE707F02F
:105870000707052F4FF001003FF435AFE8E64FF082
:105880000008ADE580B00250C0100221B0B0025057
:1058900080110C61C0601098F0B595B07D4C1A9ED7
:1058A000370347EA864747F0045545F080052668E8
:1058B0000096009EF607FAD51B9C764E920142EAAE
:1058C0000434754A44F01044156044F400243268EE
:1058D0000192019AD507FAD56F4A6E4E146047EAD5
:1058E000811747F010478A0134680294029CE4074C
:1058F000FAD54FEA033C4CEA834C674B654C1F607A
:105900004CF0045646F0800623680393039BDF07A0
:10591000FAD5614B5F4C1E6023680493049BDD073E
:10592000FAD55D4B5D4F5E4C5A4E1C6047EA81478D
:105930008C0433680593059BDB07FAD5564B554E0F
:105940001F604CF0104C4CF4807C33680693069B2F
:10595000DD07FAD5504E534D4E4FC6F800C045EA0C
:10596000801586013B680793079BDB07FAD54A4FF2
:105970004D4BDFF820C13D6043EA003E0703DCF8F1
:1059800000300893089BDD07F9D5434DDFF828C1A7
:10599000C5F800E01C9B30354CEA834E2B68099318
:1059A000099BDB07FAD53C4B3A4DC3F800E02B6866
:1059B0000A930A9BDB07FAD5374B3C4DDFF8FCC056
:1059C0001D60344D46EA0C0C2B680B930B9BDB07D8
:1059D000FAD5314B2F4DC3F800C03E4346F0045674
:1059E00046F400262B680C930C9BDF07FAD52A4D52
:1059F0002F4B2E6043EA804030352B680D930D9B72
:105A0000DE07FAD5244B234D18602B680E930E9BAE
:105A1000DB07FAD5204B274D1E481D60144344EA8E
:105A2000013444F004550E0303680F930F9BDF0706
:105A3000FAD5194B17481D6044F0104403681093C1
:105A4000109BDB07FAD5144B12481C6003681193B6
:105A5000119BDF07FAD5104B0E481D60164346F028
:105A6000245646F4101603681293129BDC07FAD5ED
:105A7000094B08481E600A4342F0484242F4A21211
:105A800003681393139BDB07FAD5034B1A6015B019
:105A9000F0BD00BFB0B0025080B002508020009036
:105AA00080200821004010210001102180202029A1
:105AB000802000214021282900410021024010C8F7
:105AC00030B42D4C88B0206800900098C507FAD5F6
:105AD0002A4C2B482B4D2560303440EA83452368FF
:105AE0000193019BD807FAD5900140EA8240234BED
:105AF000214A1D6040F0104444F4C04413680293EE
:105B0000029BDB07FAD51D4B1B4A1C6013680393ED
:105B1000039BDD07FAD58B0143EA8141174B1A4DF0
:105B20001D60154A41F0104545F4C04513680493C3
:105B3000049BDB07FAD5114B0F4A1D6013680593D0
:105B4000059BDD07FAD50D4B0B4A1C6041F058410F
:105B500013680693069BDC07FAD5084B064A1960C2
:105B600040F0584013680793079BDB07FAD5034BB7
:105B7000186008B030BC7047B0B0025080B002501E
:105B800080710098C0210229806118902DE9F043AE
:105B900085B000284CD00E4600294ED01546002A6C
:105BA0004DD0002B3FD0D0F8BC22039305F14C0719
:105BB00000F5B6731F3201F1040905F10408CDE9BF
:105BC000018700935209494600F592730446FEF797
:105BD0005DFC0746A8B94FF43772214606F1500024
:105BE000FDF744FB174B336021464FF4377205F144
:105BF0009400FDF73BFB144B2B60384605B0BDE825
:105C0000F08300244846346021462C604C22FDF786
:105C100031FB404621469022FDF72CFB0B4F3846C6
:105C200005B0BDE8F0830A4F384605B0BDE8F08303
:105C3000084F384605B0BDE8F083074FDDE7074F52
:105C4000DBE700BF020000EC010000EC3008F000D0
:105C50000508F0000208F0000308F0000408F00056
:105C600000487047600B0600004870473C0E060075
:105C7000004870471811060000487047F4130600EA
:105C800000487047D016060000487047AC1906005F
:105C900000487047881C060000487047641F0600D3
:105CA0000048704740220600004870471C25060047
:105CB00000487047F82706000B460146184603F0D7
:105CC000A1BE000000B510EE103A204A23F00043B8
:105CD000934283B019DDB3F1FF4F04DB30EE400A8D
:105CE00003B05DF804FB684601F0E8FC00F0030037
:105CF000012811D002281FD0B8B1DDED010A9DEDB9
:105D0000000A012002F0DCF9EAE7DFED110A01F0F8
:105D10001FFE03B05DF804FBDDED010A9DED000AF6
:105D200002F0CEF9B1EE400ADAE7DDED010A9DEDB1
:105D3000000A01F00DFED3E7DDED010A9DED000A3A
:105D400001F006FEB1EE400ACAE700BFD80F493F96
:105D50000000000000B510EE103A214A23F0004385
:105D6000934283B01ADDB3F1FF4F04DB30EE400AFB
:105D700003B05DF804FB684601F0A0FC00F00300EE
:105D8000012813D0022820D0B8B1DDED010A9DED25
:105D9000000A01F0DDFDB1EE400AE9E7DFED110A8E
:105DA000002002F08DF903B05DF804FBDDED010A7F
:105DB0009DED000A01F0CCFDDAE7DDED010A9DED75
:105DC000000A012002F07CF9D2E7DDED010A9DED29
:105DD000000A012002F074F9B1EE400AC8E700BFE2
:105DE000D80F493F0000000000F03EBA000000005C
:105DF000F0B52DED048BB0EE408AF0EE608A3A4C9F
:105E00008BB000F031FB94F90030B0EE409AF0EE28
:105E1000609A013317D0B0EE480AF0EE680A02F03B
:105E200055FB80B12CA3D3E9002351EC180B03F0F0
:105E30006DFA0546A0BB2AA3D3E9002351EC180B49
:105E400003F046FA38B9B0EE490AF0EE690A0BB031
:105E5000BDEC048BF0BD94F90030244A089500266F
:105E600000270421022B8DED048B8DED028BCDE9F3
:105E70000667CDE900120ED0684602F033FB50B140
:105E8000089B0BBB9DED069BDDE719490020022B0B
:105E9000CDE90601F0D103F0C3FD22230360EFE753
:105EA000124A94F900300192032100228DED048BF7
:105EB0008DED028B00910892002BE6D10D4B4FF037
:105EC0006042CDE90623D7E703F0AAFD089B0360F3
:105ED000D8E700BFAFF30080EF39FAFE422E8640CC
:105EE00051302DD5104987C0E8670020D42A06001C
:105EF0000000F07FFFFFEF472DE9F04F2DED028B03
:105F00008DB057EC106B55EC114B00F091FCAE4B83
:105F1000B0EE408AF0EE608A93F90090B9F1FF3F4D
:105F200037D022462B462046294603F0F9F983460E
:105F300078BB32463B463046394603F0F1F980469D
:105F4000002840F093804FF0000A4FF0000B3046DD
:105F5000394652465B4603F0B1F918B352465B46E8
:105F60002046294603F0AAF90090002857D0974B05
:105F7000CDF828800122CDE90467CDE90645CDE9B9
:105F800008AB02920393B9F1000F00F089809FEDF6
:105F90008A8BB0EE480AF0EE680A0DB0BDEC028BB9
:105FA000BDE8F08FB0EE480AF0EE680A02F08EFA13
:105FB0008046002800F082804FF000084FF0000972
:105FC00051EC180B42464B4603F078F90028E0D01C
:105FD00047EC106B02F07AFA0028DAD045EC104B4F
:105FE00002F074FA0028D4D0774B784A93F9003045
:105FF000039204210022022BCDE90467CDE9064576
:10600000CDE9088902910A9204D002A802F06AFA46
:1060100000284AD103F004FD2223036045E045EC4B
:10602000104B02F053FA0028B3D052465B4620468C
:10603000294603F04DF90028ABD0634B0099634A21
:1060400093F900300A910121CDE90467CDE90645B5
:10605000CDE90212002B6FD1CDE908AB02A802F006
:1060600041FA00286ED00A9B2BB320E000220023C7
:106070002046294603F022F900288AD09FED4E8B56
:10608000524BCDF828B00122B9F1020FCDE90467D7
:10609000CDE906458DED088B029203933FF479AF6D
:1060A00002A802F01FFA002851D00A9B1BB103F08E
:1060B000B7FC0A9B03609DED088B6AE747EC106B09
:1060C00002F004FA00283FF477AF45EC104B02F0E1
:1060D000FDF900283FF470AF53EC182B18EE100AAE
:1060E000194603F01DF9384B002840F0968093F9CB
:1060F00000800A9003230293344B0393CDE9046795
:10610000CDE90645B8F1000F26D1DFF8D0904FF069
:10611000604852465B4630463946CDE9088903F06F
:10612000D7F848BB02A802F0DDF900289BD103F0A4
:1061300077FC2223036096E725490020022BCDE956
:1061400008018BD103F06CFC212303608BE703F083
:1061500067FC21230360A8E79FED197B52465B464D
:10616000304639468DED087B03F0B2F8002837D170
:10617000B8F1020FDBD0D5E7164B002220462946A6
:1061800002F034FE02460B4643EC102BCDE900230F
:1061900002F0B2F9DDE9002351EC100B03F08EF8A8
:1061A000002836D10C4B08494FF06042CDE9082356
:1061B00091F90080DCE700BF000000000000F03F24
:1061C000000000000000F07FE8670020D82A0600E9
:1061D0000000F0FF0000E03FFFFFEFC7FFFFEF47C9
:1061E0001C4B00222046294602F000FE02460B46C8
:1061F00043EC102BCDE9002302F07EF9DDE900230A
:1062000051EC100B03F05AF818B9134B0022CDE9EA
:106210000823124B93F90080AAE793F90090104BE2
:10622000CDF828800122CDE90467CDE90645CDE906
:106230000223B9F1000F3FF40FAF52465B465046C0
:10624000594602F0FDFEB9F1020FCDE908013FF415
:1062500079AF03E70000E03F0000F0FFE8670020AF
:10626000D82A060001F082B951EC110B2DE9F04754
:106270004342794E034321F0004C4CEAD373B342BE
:1062800055EC104B82B047D86342234325F0004AB7
:106290004AEAD373B34210EE10EAA9463CD801F1A2
:1062A000404303F5801303434CD04FEAA17808F034
:1062B00002085AEA040348EAD57838D05CEA0003B9
:1062C00048D0B4455DD0B24544D0AAEB0C0CBCF12B
:1062D000747F4FEA2C534FDA002961DA3C335FDADE
:1062E0009FED4F7B8DED007BB8F1010F78D0B8F1B9
:1062F000020F64D0B8F1000F14D04BA3D3E90023F0
:10630000DDE9000102F0BAFB49A3D3E9002302F062
:10631000B5FBCDE9000105E022462B4602F0B0FBBB
:10632000CDE900019DED000B02B0BDE8F087B8F1AA
:10633000020F17D0B8F1030F09D19FED3F7B8DED10
:10634000007BEFE702B0BDE8F04701F001BF8DED43
:10635000000BE7E7B9F1000F09DB9FED397B8DED0D
:10636000007BDFE79FED327B8DED007BDAE79FED71
:10637000367B8DED007BD5E79FED317B8DED007B8E
:10638000B2E7E24508F1FF3832D0B8F1020F3AD84F
:10639000324B03EBC80898ED007B8DED007BC1E725
:1063A00002460B462046294602F04AFE41EC100BFD
:1063B00002F082F801F0CCFE8DED000B94E71AA3F9
:1063C000D3E90023DDE9000102F058FB02460B4649
:1063D00017A1D1E9000102F051FBCDE90001A1E7CD
:1063E000DDE90023019901F10043CDE9002399E79C
:1063F000B8F1020F0CD81A4B03EBC80898ED007BDC
:106400008DED007B8EE79FED067B8DED007B89E7B0
:106410009FED0F7B8DED007B84E700BFAFF3008025
:106420000000000000000000075C143326A6A13C19
:10643000182D4454FB210940182D4454FB2109C058
:10644000182D4454FB21F93F182D4454FB21F9BF6A
:10645000182D4454FB21E93F0000F07FF82A060084
:10646000E02A0600000000002DE9F04F55EC104B2B
:106470002DED028BDC4925F000428A4283B04FEAC1
:10648000D57613D9D9498A422FD9C5F313032343AB
:1064900010EE102A40F06281002E00F0F9809FED8E
:1064A000BA0B03B0BDEC028BBDE8F08FD04B9A4223
:1064B0005BD8D04B9A4200F2F080B5A3D3E9002319
:1064C00010EE100A294602F0DBFACB4B002202F054
:1064D0001DFF002800F0E180C74B2046294600221E
:1064E00002F0CEFA41EC100BD2E0ABA3D3E90023CB
:1064F00010EE100A294602F009FF002840F03A8108
:10650000A7A3D3E900232046294602F0E1FE002894
:10651000C5D1BA49A4A3D3E9002301EBC60620469E
:10652000294602F063FCD6E9002302F0A9FA02F042
:106530000DFF019002F0F0FB9DA3D3E90023064676
:106540000F4602F053FC02460B462046294602F055
:1065500095FA99A3D3E90023804689463046394607
:1065600002F044FC41EC180B1CE0A54B9A42D0D839
:10657000A44B03EBC603D3E9002310EE100A29460F
:1065800002F07CFAA04BF200134493ED007BC6F1BD
:10659000010AAAEB0603804689460193B0EE478ABA
:1065A000F0EE678A53EC182B4046494602F066FA33
:1065B00002460B4682468B4602F018FC80A3D3E9C4
:1065C000002304460D4602F011FC7FA3D3E900230B
:1065D00002F054FA22462B4602F008FC7CA3D3E9D1
:1065E000002302F04DFA22462B4602F0FFFB7AA36D
:1065F000D3E9002302F042FA22462B4602F0F6FBD2
:1066000077A3D3E9002302F03BFA22462B4602F09F
:10661000EDFB02460B465046594602F02FFA019B0D
:106620000F46064654465D4601463A46002B6DD05D
:1066300032463B465046594602F0D8FB32460446A5
:106640003B460D4600204FF0804102F017FA02460B
:106650000B462046294602F0F3FC02460B4651EC5D
:10666000180B02F00BFA42464B4602F007FA0B46B3
:1066700002466149002002F001FA019C6FF47F7329
:106680009C42C0F2C380024601EB045343EC102B42
:1066900003B0BDEC028BBDE8F08F22462B462046AE
:1066A000294602F0A3FB46A3D3E9002306460F4682
:1066B00002F09CFB44A3D3E9002302F0DFF9324649
:1066C0003B4602F093FB42A3D3E9002302F0D8F942
:1066D00032463B4602F08AFB3FA3D3E9002302F097
:1066E000CDF932463B4602F081FB3DA3D3E90023BE
:1066F00002F0C6F932463B4602F078FB02460B46F2
:106700002046294602F0BAF90A46014691468846D3
:106710000A464B462046294602F068FB0022064600
:106720000F464FF080434046494602F0A7F9024623
:106730000B463046394602F083FC22462B4602F0D7
:106740009DF902460B4600202B4902F097F941ECD7
:10675000100B03B0BDEC028BBDE8F08F2B4620463A
:10676000294602F08DF941EC100B03B0BDEC028B11
:10677000BDE8F08F06A3D3E900231046194602F0C6
:1067800035FB41EC100B83E7000000000000000027
:106790009C7500883CE4377EEF39FAFE422E864035
:1067A00051302DD5104987C0FE822B654715F73F24
:1067B0000000E0FE422EE63F763C7935EF39EA3DB7
:1067C000D0A4BE726937663EF16BD2C541BDBB3EF7
:1067D0002CDE25AF6A56113F93BDBE166CC1663FD5
:1067E0003E5555555555C53F412E8640FFFFEF7F1D
:1067F000422ED63FFFFF2F3E0000F03F102B060039
:10680000B1A2F03F202B0600302B0600019B03F5C0
:106810007A7A01EB0A53194600224FF0B87302F05E
:10682000E5FA41EC100B03B0BDEC028BBDE8F08F34
:106830002DE9F04F57EC116B2DED0A8B27F0004A34
:106840005AEA060289B03DD055EC104B764925F046
:106850000048884510EE102AA9462CDC11EE103AAB
:10686000BB463AD08A4526DC6F498A4521D0B9F12A
:10687000000F3DDB00210391002B55D16A4B9A4557
:1068800000F0A880694B9A4500F0B680BBF1804FBC
:1068900000F00185664B9B4546D1B9F1000F43DB03
:1068A00045EC104B09B0BDEC0A8BBDE8F04F00F091
:1068B00099BD002BDBD008F1404808F5801858EA54
:1068C00002030DD19FED547B8DED007B9DED000B00
:1068D00009B0BDEC0A8BBDE8F08F0CB9C245C3DD31
:1068E000544809B0BDEC0A8BBDE8F04F01F0FCBD87
:1068F00051498A4500F38780A1F154718A450FDD23
:106900004FEA2A51A1F2FF31142940F3CE84C1F19C
:10691000340123FA01F000FA01F1994200F02085D8
:1069200000210391002BADD045EC104B069201F0F5
:10693000C3FD069A8DED000B5ABBB8F1000F04D0D1
:106940003A4B29F040429A4223D1BBF1000F07DABB
:10695000DDE900233549002002F072FBCDE900019A
:10696000B9F1000FB2DA039B08F1404808F580182E
:1069700058EA030340F0BE84DDE9002310461946BF
:1069800002F07CF802460B4602F05AFBCDE900010A
:106990009CE7039A4FEAD973013B0693134335D022
:1069A000264B9A454EDD03F104739A45244B40F380
:1069B000ED83984540F36B83BBF1000F40F36B838D
:1069C00017A3D3E900231046194602F00FFACDE9C8
:1069D00000017BE708F1404303F5801313433FF4C4
:1069E00071AF174B984540F38883BBF1000FC0F29D
:1069F0005283CDE9006769E7BBF1000FC0F2418423
:106A0000CDE9004562E70221039135E722462B4696
:106A1000B4E700BFAFF30080000000000000F03FCB
:106A20009C7500883CE4377E0000F07F0000F03F5A
:106A30000000E03FBC0A0600FFFF3F430000E041CA
:106A4000FFFFEF3FE44B09EA0303002B40F01684FD
:106A5000DDE90001E14B002202F0C8F9CDE90001B7
:106A6000DDF804806FF034004FEA2853DC49C8F3A6
:106A70001302A3F2FF3342F07F5818188A4207909E
:106A800048F4401840F3E983D64B9A4240F33E84E1
:106A90009FEDBB7BB0EE47BAF0EE67BAB0EE47CAE7
:106AA000F0EE67CA9FEDB87B013054EC173B0790BE
:106AB000A8F580184FF00009DDE900AB44EC183B65
:106AC0001A4650462346414601F0D8FF53EC182B96
:106AD00004460D465046414601F0D2FF02460B46A1
:106AE0000020C14902F0ACFA45EC1A4B41EC190BFD
:106AF00051EC1A0B53EC192B02F078F9C3464FEA0C
:106B0000680848F0005808F5002303EB09050A4619
:106B100000230146CDE900120093DDE9008900243D
:106B2000CDE904122B4622464046494602F05EF962
:106B300002460B4651EC1A0B01F0A0FF41EC170B7B
:106B400053EC182B2046294655EC174B01F096FFC5
:106B500002460B465046594601F090FF42464B46CE
:106B600002F044F902460B462046294601F086FF12
:106B700053EC192B02F03AF9DDE904AB04460D465B
:106B800052465B465046594602F030F980A3D3E99D
:106B9000002345EC1A4B04460D4602F027F97EA36C
:106BA000D3E9002301F06CFF22462B4602F01EF9C8
:106BB0007BA3D3E9002301F063FF22462B4602F0BA
:106BC00015F979A3D3E9002301F05AFF22462B4699
:106BD00002F00CF976A3D3E9002301F051FF22461D
:106BE0002B4602F003F974A3D3E9002301F048FF18
:106BF00022462B4604460D461046194602F0F6F88A
:106C000002460B462046294602F0F0F8424604466A
:106C10000D464B4650465946CDE904AB01F030FFD6
:106C200053EC1A2B02F0E2F822462B4601F028FF23
:106C3000424604460D464B464046494602F0D6F8C9
:106C400045EC194B694B002282468B4601F018FF38
:106C500053EC192B01F014FF009C0D4622462B46E5
:106C60004046494602F0C2F8604B80468946002201
:106C70002046294601F002FF52465B4601F0FEFE27
:106C800002460B4651EC190B01F0F8FEDDE9042336
:106C900002F0ACF849EC188B2246804689462B4618
:106CA00051EC1A0B02F0A2F802460B464046494648
:106CB00001F0E6FE82468B4652465B4651EC180BCD
:106CC00001F0DEFE009C3EA3D3E9002320460D46E2
:106CD00002F08CF853EC182B804689462046294652
:106CE00001F0CCFE02460B465046594601F0C6FE66
:106CF00035A3D3E9002302F079F849EC198B34A3CA
:106D0000D3E90023804689462046294602F06EF8E2
:106D100002460B464046494601F0B2FE53EC1C2B9E
:106D200001F0AEFE824607988B4601F0F5FF524611
:106D3000804689465B4651EC190B01F0A1FE53ECED
:106D40001B2B01F09DFE42464B4601F099FE009C34
:106D500042464B4620460D4601F090FE53EC1B2B5D
:106D600001F08CFE53EC192B01F088FE02460B4615
:106D70005046594601F082FE82468B4638E000BFFD
:106D80000000000000000000000000000000F03FD4
:106D9000EF4E454A287ECA3F65DBC9934A86CD3F00
:106DA00001411DA96074D13F4D268F515555D53FE6
:106DB000FFAB6FDBB66DDB3F033333333333E33F7E
:106DC000000000E009C7EE3FFD033ADC09C7EE3FD3
:106DD000F5015B14E02F3EBE0000F07F0000404351
:106DE0008E98030079B60B000000F03F00000840C9
:106DF000039B069A013B134340F078819FEDC47BCF
:106E0000B0EE479AF0EE679A0023CDE90067009351
:106E1000DDE900893046424639464B4601F02EFEF8
:106E200022462B4601F0E2FF32463B4606460F461D
:106E30005046594601F0DAFF02460B4630463946C5
:106E400001F01EFE424682468B464B4620462946AE
:106E500001F0CCFF06460F463B46504659463246A7
:106E600001F00EFEC44B994204460D46884640F39D
:106E7000178101F13F4303F5E003034340F02A8209
:106E8000A5A3D3E900235046594601F0F9FD324647
:106E900041EC180B3B462046294601F0EFFD024627
:106EA0000B4651EC180B02F031FA002840F0128228
:106EB000C8F30A534FF48012A3F2FE3342FA03F3ED
:106EC0004344AE49C3F30A52A2F2FF3241FA02FC34
:106ED000C3F3130523EA0C01C2F1140445F4801531
:106EE000B8F1000F0B4645FA04F103914FF0000092
:106EF000B8BF49420246B8BF03913046394601F057
:106F0000BDFD06460F463B4650465946324601F007
:106F1000B7FD039B1B0500930D46002480A3D3E916
:106F200000232046294601F061FF3246804689460B
:106F30003B462046294601F0A1FD02460B4650463D
:106F4000594601F09BFD78A3D3E9002301F04EFFE1
:106F500077A3D3E9002306460F462046294601F0D1
:106F600045FF02460B463046394601F089FD06468C
:106F70000F4632463B464046494601F081FD4246B7
:106F80004B4604460D4601F079FD02460B4630465D
:106F9000394601F073FD224682468B462B46204639
:106FA000294601F023FF64A3D3E9002306460F46D8
:106FB00001F01CFF62A3D3E9002301F05FFD32461C
:106FC0003B4601F013FF60A3D3E9002301F058FD15
:106FD00032463B4601F00AFF5DA3D3E9002301F0EE
:106FE0004DFD32463B4601F001FF5BA3D3E9002390
:106FF00001F046FD32463B4601F0F8FE02460B46E4
:107000002046294601F03AFD06460F4632463B46E9
:107010002046294601F0EAFE0022804689464FF0CC
:1070200080433046394601F029FD02460B46404672
:10703000494602F005F8524606460F465B46204692
:10704000294601F0D3FE52465B4601F019FD024687
:107050000B463046394601F011FD22462B4601F021
:107060000DFD02460B460020454901F007FD0B4689
:1070700000991944B1F5801F0246C0F2698110469B
:1070800053EC192B01F0B2FECDE900011EE4BBF177
:10709000000FFFF695AC9FED327B8DED007B15E484
:1070A000DFF8E4C021F00043634540F30B81354B2A
:1070B0000B4403430AD132463B4601F0DFFC524603
:1070C0005B4602F019F900283FF4F2AE26A3D3E99B
:1070D000002351EC190B01F089FE23A3D3E900230F
:1070E00001F084FECDE90001FFF7F0BB9FED207BAE
:1070F000B0EE479AF0EE679A86E6BBF1000FCADA67
:1071000007F1004300960193FFF7E0BBAFF3008067
:10711000000000000000F0BFFE822B654715973C81
:1071200000000000432EE63FEF39FAFE422EE63F14
:10713000396CA80C615C20BED0A4BE726937663E73
:10714000F16BD2C541BDBB3E2CDE25AF6A56113F67
:1071500093BDBE166CC1663F3E5555555555C53F4E
:10716000000000000000000059F3F8C21F6EA501E6
:10717000000000000000F03FFFFF8F40FFFF0F0006
:107180000000F03F00346F3FFFCB90409845FFF682
:107190007EAF914B98453FF70FAC8F4B0022DDE956
:1071A000000101F06BFC78A3D3E9002304460D46EF
:1071B00001F01CFE76A3D3E9002382468B462046CD
:1071C000294601F013FE854B804689460022204661
:1071D000294601F00BFE02460B466FA1D1E90001E2
:1071E00001F04CFC22462B4601F000FE02460B4605
:1071F00000207B4901F042FC22462B4604460D4606
:107200001046194601F0F2FD02460B46204629467B
:1072100001F0ECFD62A3D3E9002301F0E7FD024693
:107220000B464046494601F029FC804689465046B7
:10723000594642464B4601F023FC002452465B4629
:1072400020460D4601F01AFC02460B4640464946D0
:1072500001F014FC82468B46CAE59FED537BB0EEED
:1072600047BAF0EE67BAB0EE47CAF0EE67CA9FEDD4
:10727000507B4FF0000954EC173B1DE40020FFF752
:10728000F3BB554922462B46002001F0D9FECDE93B
:107290000001FFF71BBB22462B462046294601F082
:1072A000A5FDCDE90001FFF711BB002B42D1C1F1D3
:1072B00014014AFA01F000FA01F151455AD0039342
:1072C000FFF7E0BA464A93425BDCDDE90012009129
:1072D000039122E638A3D3E9002351EC190B01F006
:1072E00085FD35A3D3E9002301F080FDCDE9000140
:1072F000FFF7ECBA039B012B7FF4E8AADDE900213C
:1073000001F10043CDE90023FFF7E0BA9FED2C7BAC
:10731000B0EE47BAF0EE67BA9FED2B7BB0EE47CAEE
:10732000F0EE67CA9FED2A7B4FF4802954EC173B9F
:10733000FFF7C2BB45EC104B039201F0BDF8039A76
:107340008DED000B002A7FF461AB0392FFF7F5BAD5
:10735000039843EC102B01F063F951EC100B8FE60E
:1073600000F00100C0F102010391002B3FF48AAA52
:10737000FFF7DABA00F00100C0F102030393FFF750
:1073800081BA1B1596E500BF000000604715F73F66
:1073900044DF5DF80BAE543E555555555555D53F18
:1073A000FE822B654715F73F00000000000000003B
:1073B000000000000000F03F9C7500883CE4377E30
:1073C0000000004003B8E23F06D0CF43EBFD4C3E47
:1073D000000000000000F83F0000F03F0000D03F38
:1073E0000000E03F2DE9F0415F4A57EC106BBA43D3
:1073F00000F09880002F10EE104A3B464EDD391504
:107400005BD0C3F31303CA0743F48013A1F2FF3E1A
:1074100003D45B0003EBD4736400E20F4FF0000C65
:1074200002EB43034FEA6E0E6400664616254FF4E6
:107430000012B118994202DC5B1A8E1894445B006A
:10744000013D03EBD4734FEA52024FEA4404F0D1FA
:107450002F4620204FF0004209E03ED0E10F0138D6
:107460004FEA520201EB43034FEA44043ED0B342D9
:1074700002EB0501F1DD002901EB020509DBB04655
:107480009B1BA14288BF03F1FF33641A1744464691
:10749000E4E7002DF3DB06F10108F1E727F00042F5
:1074A000324336D0002F4DD13946E20A15396405F2
:1074B0001346002AF9D0D70251D400205B00DE0227
:1074C000054600F10100F9D51A4623468440C0F173
:1074D0002000C3401343491B93E7A142BED80029B3
:1074E00001EB0205D5DB98460023CEE7234312D1FA
:1074F00078084FEA6C0101F17F511CF0010F01F592
:10750000001118BF40F0004001EB0E53024643EC5F
:10751000102BBDE8F0817B1C16BF781C0CF1010C10
:107520004008E6E710EE102A10EE100A3B463946F6
:1075300001F05CFC32463B4601F0A2FA41EC100B34
:10754000BDE8F08110EE102A3046394601F096FA77
:1075500002460B4601F074FD41EC100BD9E72346BF
:1075600020204FF0FF35B4E70000F07F10B582B067
:10757000CDED010A019B23F00042B2F1FF4FF0EE86
:10758000407A30DC10EE100A20F00041B1F1FF4FDC
:1075900029DCB3F17E5F42D09C1704F0020444EA78
:1075A000D07431B37AB3B2F1FF4F40D0B1F1FF4F95
:1075B00029D08A1AB2F1F45F4FEAE25134DA002B93
:1075C00042DA3C3140DA9FED340A012C4ED0022CD5
:1075D00043D064B19FED317ADFED317A30EE070AA6
:1075E00030EE670A03E09DED017A37EE270A02B01C
:1075F00010BD022C10D09FED2B0A032C18BFB0EE4B
:10760000670A02B010BD9FED280ADFED287A002836
:10761000B8BFB0EE670AEAE79FED210AE7E702B0DC
:10762000BDE8104001F08EB89FED1F0ACDE7B1F123
:10763000FF4F04F1FF3420D0022C26D81C4B03EB63
:10764000840494ED000AD2E79DED017A87EE870A63
:1076500001F050F901F076F8B7E79FED107ADFED11
:10766000107A30EE070A37EEC00AC0E710EE103A83
:1076700003F1004300EE103AB9E7022C08D80D4B95
:1076800003EB840494ED000AB1E79FED030AAEE733
:107690009FED090AABE700BF000000002EBDBB3321
:1076A000DB0F4940DB0F49C0DB0FC93FDB0FC9BF10
:1076B0004C2B0600402B0600DB0F493F70B510EE47
:1076C000103A954A23F00044944286B0054668DD9E
:1076D000924A944210EE106A1ADC002BDFED907A89
:1076E000904A24F00F0440F3F180944270EE677AE0
:1076F00066D09FED8D7A77EEC76A012077EEE67A45
:10770000C5ED006A77EEC77AC5ED017A06B070BDA7
:10771000864A944267DDB4F1FF4F49DAE215863AB2
:10772000A4EBC25307EE903ABDEEE77ADFED806A34
:10773000B8EEC77A77EEC77A8DED037A67EEA67A50
:10774000BDEEE77AB8EEC77A77EEC77A8DED047AA8
:1077500067EEA67AF5EE407AF1EE10FACDED057AF5
:1077600040F0A380B5EE407AF1EE10FA14BF022388
:107770000123704901910221009103A8294600F0DC
:1077800069F9002EC2DA95ED007AD5ED017AB1EEF5
:10779000477AF1EE677A404285ED007AC5ED017ACD
:1077A000B4E7002285ED000A4260002006B070BDFB
:1077B00070EE407A0020C5ED017AC5ED007AA5E7AC
:1077C000DFED5D6A9FED5D7A77EEE67A012077EE78
:1077D000C76A77EEE67AC5ED006A77EEC77AC5ED3F
:1077E000017A06B070BD01F085F8DFED556A9FEDB6
:1077F0004C6A9FED4D7AF6EE007AE0EE267AFDEEC9
:10780000E77A17EE900AF8EEE76A1F28A6EEC60A96
:1078100066EE877AB1EE666A1EDC4A4A411E24F0A3
:10782000FF0352F82120934216D030EE677A85ED9F
:10783000007A30EE470A002E30EE670A85ED010A25
:10784000BFF664AFB1EE477AB1EE400A85ED007A3B
:1078500085ED010A404259E730EE677AE21517EEEE
:10786000103AC3F3C753C3EBD454082CDFDDDFED6C
:10787000327A9FED327AF0EE405AE6EE275A30EE39
:10788000650AA6EE270AF0EE407AD6EE877A35EE44
:10789000E77A17EE103AC3F3C753D21A192A06DC57
:1078A00085ED007AB0EE650AC3E7032361E79FED3B
:1078B000267A9FED265AB0EE650AA6EE070A75EE07
:1078C000C07AE6EE077AD6EE857AAEE7944270EE9D
:1078D000277A0ED09FED147A77EE876A4FF0FF304B
:1078E00077EEE67AC5ED006A77EE877AC5ED017A24
:1078F0000CE7DFED116A9FED117A77EEA67A4FF073
:10790000FF3077EE876A77EEE67AC5ED006A77EEAC
:10791000877AC5ED017AF9E6D80F493FE3CB1640E7
:10792000800FC93FD00FC93F43443537800F4943CB
:1079300000008043D82B06000044353708A3852E6D
:1079400084F9223F582B060000A3852E32318D2466
:1079500010EE103A23F00043B3F1485F2CDAFDEE4D
:10796000C07A17EE903A002B60D020EE007ADFED5F
:10797000314A9FED315ADFED315A9FED316ADFED2B
:10798000317ADFED316AA7EE245AE7EE055AA7EE09
:10799000256AE7EE067AE7EE276A67EE266A60EE6A
:1079A000C00AF6EE007AE7EE260AB7EE000AD7EE36
:1079B000270A30EE600A704720EE007ADFED1D4A9C
:1079C0009FED1D5ADFED1D5A9FED1D6ADFED1D7AFB
:1079D000DFED1D6A1D4AA7EE245A9342E5EE075AD1
:1079E000A5EE876AE6EE077AE7EE876A66EE876AB3
:1079F000D5DD174A934214DC03F17F4307EE903A3A
:107A0000B7EE006A36EE676A60EEC00AF6EE005A1C
:107A1000E7EE260AD7EE257A77EEE00A36EE600A20
:107A20007047B6EE076AF5EE027AEDE7B7EE000AA8
:107A3000704700BF4ED747ADF6740F317CF293B458
:107A4000010DD037610BB6BAABAA2A3D9999993E80
:107A50000000483F2DE9F04F2DED048BDBB0D74CF3
:107A6000689D0791111D54F825600493099283467F
:107A700003F1FF39C0F29D82D31E44BF1346043385
:107A8000DB1003930133DB000893DDE908239B1A25
:107A90000693039B16EB0901A3EB090316D40131EE
:107AA0009FEDC77A699819441EAA002BA4BF50F80D
:107AB000234007EE904A03F10103ACBFF8EEE77AEA
:107AC000F0EE477A8B42E2EC017AEED1002EC0F262
:107AD000E082049B1EA901EB830446AD4FEA830CB0
:107AE0004846F7180BEB8301B9F1000FDFEDB47ACC
:107AF00009DB22465B46F3EC016A32ED017A8B42E8
:107B0000E6EE877AF7D10130B842E5EC017A04F16C
:107B10000404E9D10DF1280808EB8603083B05931E
:107B20009FEDA99ADFEDA78A0698009609AB03EBB3
:107B3000860A0BEB0C0446AF5B465AAA02EB8602A0
:107B4000002E12ED140A4FEA860B16DD07EB8602B3
:107B5000414660EE097AB0EE407AFDEEE77A72EDCA
:107B6000016AF8EEE77ABA42A7EEE87A37EEA60A9B
:107B7000BDEEC77AA1EC017AEBD1CDE9010300F0AB
:107B800007FFB0EE408AB4EE000A28EE000A00F0CB
:107B9000B9FEF2EE007AA0EE678A0198029BFDEE34
:107BA000C89A0028F8EEE97A38EE678A78DD06F19F
:107BB000FF3CC0F1080258F82C5045FA02F101FAD6
:107BC00002F2AA1A48F82C20C0F1070519EE90CA53
:107BD00042FA05F58C44002D09EE90CA68DCB5EE3A
:107BE000408AF1EE10FA40F0B680009A06F1FF3EAE
:107BF000724510DC06F18042013A08EB8202002156
:107C00009C4652F80439524541EA0301F9D16346D2
:107C1000002940F0F280009A013A58F82220002A08
:107C200040F0E680059A4FF0010C52F804190CF16F
:107C3000010C0029F9D006F1010BB444DE46049989
:107C4000039A8D195A441EA902F1804201EB850561
:107C50006999013A01EB820607EB8B0BD6ED017AAD
:107C60009FED577AF8EEE77AB9F1000F06F10406B6
:107C70002946C5ED007A05F1040509DB1A4601E045
:107C800071ED017AF2EC016AA242A6EEA77AF7D171
:107C90000EF1010EE645ABEC017ADFDD66464CE7FE
:107CA00040F09C80721E58F822502D12002D96DD57
:107CB00019EE902A002E02F1010209EE902A40F3FB
:107CC0008E81D8F80010002974D1012E1CD04246B4
:107CD0004FF0010C52F8041F002979D00CF1010279
:107CE000C1F58071964248F82C100CDD58F822102E
:107CF000C34408EB820200E01168C1F1FF0142F8C1
:107D0000041B5A45F8D1012100280CDD012800F0A0
:107D10004781022807D106F1FF3C58F82C2002F0D9
:107D20003F0248F82C20022D7FF459AFB7EE000A2D
:107D300030EE488A00293FF452AFCDE9010300F04C
:107D400027FE38EE408ADDE90103B5EE408AF1EE08
:107D500010FA3FF44AAFDDE90832B0EE480A981A4B
:107D600002960195009E00F013FE9FED167AB4EE88
:107D7000C70AF1EE10FADDE90123C0F25781DFED09
:107D8000127A069960EE277A0831FDEEE77A0691BD
:107D9000F8EEE77A5D1CA7EEC70AFDEEE77ABDEEC6
:107DA000C00A10EE101A48F8231017EE903A48F85F
:107DB000253039E001224FF0000C91E71C2F06001E
:107DC00000000000000080430000803B0000C93F2D
:107DD0000CF1010CB4457FF47DAF95E7F6EE007A27
:107DE000B4EEE78AF1EE10FA80F2E8800025F6E6BC
:107DF00006F1010BDE46DC4621E7069858F82E1006
:107E0000083833462A46009E0690754661B903F14C
:107E10008043023B08EB8303014653F80409013D0C
:107E200008390028F9D0069106980092B7EE000AAA
:107E300000F0AEFD002D009AC0F21E814FEA850EC3
:107E400046AB03EB0E070EF1040C1FED217A08EB95
:107E50000C03391D73ED017AF8EEE77A434567EEBE
:107E6000807A20EE070A61ED017AF3D1002E1FED32
:107E7000296A4FF0000420DB8F48DFED907A394605
:107E8000B0EE467A002303E09C4208DBB0EC017AB6
:107E9000F1EC016A01339E42E6EE877AF4DA5AABDE
:107EA00003EB8403A54243ED287AA7F1040704F10C
:107EB000010305D0002E1C46DEDADFED807AEEE706
:107EC000689902291CDC002900F38B800FD132ABAA
:107ED000DFED7A7A9C443CED017A634577EE877A50
:107EE000F9D10AB1F1EE677A079BC3ED007A19EE7A
:107EF000903A03F007005BB0BDEC048BBDE8F08F57
:107F0000689B032BF3D1002D00F0CB805AAB734458
:107F100032A913ED287A01EB850373ED017AF0EEB7
:107F2000476A37EE277A994277EEC77A83ED007A6F
:107F300077EEA67AC3ED017AEFD1012D40F3B1803F
:107F400005F180455AAB013D9E44AD002B1D1EED51
:107F5000287A0B4433A873ED017AF0EE476A37EEC6
:107F6000277A984277EEC77A83ED007A77EEA67A81
:107F7000C3ED017AEFD10835DFED507A4B190831A6
:107F800033ED017A994277EE877AF9D1002A55D1FB
:107F90000799329A339BC1ED027A0A604B60A6E7DB
:107FA00006F1FF3C58F82C2002F07F0248F82C2004
:107FB000B9E6082308930023039366E519EE902A97
:107FC000002E02F1010209EE902AC8BF02253FF7F8
:107FD00078AEF7EE007A37EEC88A0225FFE5002179
:107FE00092E632A9DFED357A01EB830333ED017AB6
:107FF000994277EE877AF9D192BB9DED327A079B51
:10800000002DC3ED007A77EE677A0BDD33A90123EB
:10801000B1EC017A01339D4277EE877AF8DA0AB142
:10802000F1EE677A079BC3ED017A60E7BDEEC00A07
:108030001D4610EE101A48F82310F5E6DDED326A01
:108040009DED337A079BF1EE677AF1EE666AB1EE49
:10805000477AC3ED027AC3ED006A83ED017A46E701
:10806000DDED326A079BB1EE677A002D76EEE77A96
:1080700083ED007ACADCD3E7689B022B0DDC002B72
:1080800014DC7FF434AFDFED0D7A002A3FF42CAF1F
:1080900028E7049B4FEA830C3CE5689B032B7FF4A5
:1080A00026AFDFED067A002AC8D171E7DFED037A4B
:1080B000002AA2D0D4E700BFF42E06000000000082
:1080C00010EE103A23F00043B3F1485F04DAFDEEFE
:1080D000C07A17EE903A5BB360EE007A9FED155AC6
:1080E000DFED155A9FED156ADFED156A9FED157AE4
:1080F000E7EE855A20EE275AA5EEA76AE6EE276A34
:10810000A6EEA77A30B9DFED106AE7EE876AA6EE31
:10811000850A704727EE457AF6EE006AA0EEA67A49
:10812000DFED0A6AD7EE270AE5EE260A30EE600A8E
:10813000704700BFD3C92E2F342FD7B21BEF38366C
:10814000010D50B98988083CABAA2ABEABAA2A3EC9
:108150002DE9F84F55EC104BCD4B25F000469E42D3
:10816000AA460DDDCB4B9E4200F3B58000F0B080F7
:10817000BAF1000F40F3F6809FEDA90BBDE8F88F30
:10818000C54B9E4200F3C380A3F1DE739E4240F3D1
:10819000AC804FF0FF3B22462B462046294600F09C
:1081A00025FE02460B468046894600F01FFE9EA330
:1081B000D3E9002306460F4600F018FE9CA3D3E93E
:1081C000002300F05DFC32463B4600F00FFE9AA310
:1081D000D3E9002300F054FC32463B4600F006FE93
:1081E00097A3D3E9002300F04BFC32463B4600F056
:1081F000FDFD95A3D3E9002300F042FC32463B4647
:1082000000F0F4FD92A3D3E9002300F039FC4246CC
:108210004B4600F0EBFD90A3D3E90023804689464E
:108220003046394600F0E2FD8DA3D3E9002300F08B
:1082300025FC32463B4600F0D9FD8BA3D3E9002351
:1082400000F01CFC32463B4600F0D0FD88A3D3E989
:10825000002300F013FC32463B4600F0C7FD86A326
:10826000D3E9002300F00AFC32463B4600F0BEFD95
:10827000BBF1FF3F02460B4678D04046494600F02E
:10828000FFFB864E22462B4600F0B0FD844B06EBEA
:10829000CB064FEACB0B9B44DBE9002300F0EEFB5F
:1082A00022462B4600F0EAFB02460B46D6E90001C7
:1082B00000F0E4FBBAF1000F41EC100B13DA10EE02
:1082C000901A024601F1004343EC102BBDE8F88FF1
:1082D000002C3FF44DAF22462B462046294600F0A5
:1082E000CFFB41EC100BBDE8F88F65A3D3E9002369
:1082F00010EE100A294600F0C3FB6A4B002201F081
:1083000005F800283FF445AF45EC104BEBE700F0D3
:10831000D3F8654B9E4255EC104B39DCA3F5502346
:108320009E4262DC10EE102A10EE100A2B462946FF
:1083300000F0A6FB5B4B002200F0A0FB00224FF0F8
:10834000804306460F462046294600F099FB024628
:108350000B463046394600F073FE4FF0000B0446E2
:108360000D4618E79FED480BBDE8F88F404649469B
:1083700000F086FB22462B4600F038FD02460B46F5
:108380002046294600F07AFB41EC100BBDE8F88F3F
:10839000464B9E421DDA10EE100A454B002229463C
:1083A00000F06CFB424B06460F4600222046294651
:1083B00000F01CFD3B4B002200F062FB02460B4626
:1083C0003046394600F03CFE4FF0020B04460D46A5
:1083D000E1E62B4610EE102A3649002000F030FE70
:1083E0004FF0030B04460D46D5E610EE100A2D4B58
:1083F0000022294600F042FB2A4B002206460F4687
:108400002046294600F03CFB02460B4630463946E2
:1084100000F016FE4FF0010B04460D46BBE600BF10
:10842000182D4454FB21F93F11DA22E33AAD903F75
:10843000EB0D76244B7BA93F513DD0A0660DB13F9B
:108440006E204CC5CD45B73FFF8300922449C23F03
:108450000D5555555555D53F2F6C6A2C44B4A2BFC8
:108460009AFDDE522DDEAD3F6D9A74AFF2B0B33F90
:10847000711623FEC671BC3FC4EB98999999C93F08
:108480009C7500883CE4377E182D4454FB21F9BFCD
:10849000FFFF0F440000F07FFFFFDB3F282F0600A7
:1084A000482F06000000F03FFFFFF23F008003402E
:1084B0000000F83F0000F0BF51EC100B10EE102A46
:1084C00021F0004343EC102B704700BF82B08DEDCC
:1084D000000B019840F0004000F58010C00F02B082
:1084E000704700BF002070479FED010B704700BF31
:1084F000000000000000F87FF0B553EC102BC3F330
:108500000A56A6F2FF30132810EE105A83B019460F
:108510004FEAD37431DC00284CDB3E4E064103EABF
:10852000060717432ED003EA56031D434FEA5606AB
:108530000CD04FF48023132821EA060643FA00F1F9
:1085400041EA06010CBF4FF000450025324800EB20
:10855000C4042A46D4E900450B462046294600F0CB
:108560008FFACDE90001DDE9000122462B4600F03B
:1085700085FA41EC100B03B0F0BD332806DDB0F5F1
:10858000806F40D043EC102B03B0F0BDA6F2134631
:108590004FF0FF30F0400242F4D015EA50024FEAAB
:1085A0005003D3D04FF0804225EA030542FA06F685
:1085B0003543CBE723F000401043E3D0C3F313006F
:1085C000104345420543144800EBC400D0E900675E
:1085D000590C2D0B490405F4002545EA01033046EA
:1085E000394600F04DFACDE900013B46DDE90001D6
:1085F000324600F043FA21F0004343EAC47141ECF3
:10860000100B03B0F0BD10EE100A00F039FA41EC87
:10861000100BB9E7FFFF0F00682F060000000000F5
:1086200038B553EC102BC3F30A511C46054681BBE9
:1086300010EE101A23F00044214329D019460022DD
:108640003D4B3E4C10EE100A00F0D0FBA542024616
:108650000B4616DB0C46C1F30A513639294440F269
:10866000FE70814221DC002947DC11F1350F34DA3C
:108670004CF250318D4218DC002B27A1D1E90001CA
:1086800044DB25A3D3E9002300F0B0FB41EC100B41
:1086900038BD40F2FF708142E0D110EE100A194659
:1086A00000F0EEF941EC100B38BD002B1CA1D1E914
:1086B000000107DB1AA3D3E9002300F097FB41EC8C
:1086C000100B38BD18A1D1E9000115A3D3E900238F
:1086D00000F08CFB41EC100BF3E724F0FF4424F492
:1086E000E004363144EA0153104619460022144B87
:1086F00000F07CFB41EC100B38BD24F0FF4424F467
:10870000E00444EA015343EC102B38BD08A1D1E941
:108710000001B6E7AFF3008059F3F8C21F6EA50160
:108720009C7500883CE4377E9C7500883CE437FEED
:1087300059F3F8C21F6EA58100005043B03CFFFF03
:108740000000903C38B510EE105A25F00044B4F10A
:10875000A14FF0EE407A0BDBB4F1FF4F59DCDFEDB7
:10876000527A9FED520A002DC8BFB0EE670A38BD9D
:108770004F4B9C425CDCB4F1445F4DDB4FF0FF3368
:1087800027EEA76A9FED4B1A9FED4B2A9FED4B3AC0
:10879000DFED4B1ADFED4B2A9FED4B4ADFED4B3AF5
:1087A0009FED4B5ADFED4B4ADFED4B6ADFED4B5A45
:1087B00026EE067A5A1CA7EE012AE7EE212AA2EE3F
:1087C000073AE2EE873AA3EE074AE3EE874AA4EEC1
:1087D000075AE4EE875AE5EE076A25EE877A66EED9
:1087E000866A3AD03E493F4A01EB830176EE876ABA
:1087F00091ED000A96EEA70A02EB8303002D93ED9C
:10880000007A70EE677A37EE670AB0DAB1EE400AA6
:1088100038BD30EE000A38BD9FED337A30EE077A6E
:10882000F7EE006AB4EEE67AF1EE10FAA6DD38BD96
:1088300000F060F82D4B9C4216DCA3F5D0039C425F
:1088400027DCF0EE007ABFEE007AA0EE277A002354
:1088500030EE270AC7EE007A92E776EE876AE6EEF8
:10886000E77AB0EE670A38BD214B9C420BDCF7EE8D
:10887000087AB7EE007AA0EE277A022330EE670A74
:10888000C0EE077A7CE7BFEE007AC7EE007A0323DA
:1088900076E7F7EE007A30EE677A30EE270A0123AA
:1088A000C7EE007A6CE700BFDB0FC93FDB0FC9BF23
:1088B000FFFFDF3ED769853C59DA4B3D356B883D7C
:1088C00021A215BD6BF16EBD6E2EBA3D95879DBD83
:1088D0002549123E388EE3BDABAAAA3ECDCC4CBE94
:1088E000882F0600782F0600CAF24971FFFF973FD4
:1088F000FFFF1B4010EE103A23F0004300EE103A49
:10890000704700BF10EE102AC2F3C7537F3B162BEF
:1089100022F000411ADC002B1EDB1A4919410A42E1
:1089200027D0DFED197A70EE277AF5EEC07AF1EEF6
:1089300010FA1EDD002A04DA4FF4000040FA03F3B7
:108940001A4422EA010300EE103A7047B1F1FF4FDA
:108950000FD330EE000A7047DFED0B7A70EE277A06
:10896000F5EEC07AF1EE10FA03DD002A02DB9FED8E
:10897000070A70470029FFEE007A18BFB0EE670AB9
:10898000704700BFFFFF7F00CAF24971000000007E
:1089900082B08DED010A019B33F000422AD0B2F182
:1089A000FF4F23D213F0FF4F28D19DED017ADFED69
:1089B0002A7A2A4B67EE277A9842CDED017A37DB87
:1089C000019BC3F3C752193A0244FE2A1ADD9FEDF8
:1089D000240A9FED247A019B002BF0EE407AB8BF69
:1089E000B0EE470A20EE270A02B0704730EE000AC8
:1089F00002B070479DED010A02B07047D20D0244EB
:108A0000FE2AE4DC002A0BDC12F1160F17DA4CF216
:108A100050339842DBDC9FED140A9FED147ADAE7BD
:108A200023F0FF4343EAC25300EE103A02B070470E
:108A30009FED0D0ADDED017A27EE800AD8E71932A5
:108A400023F0FF4343EAC253DFED097A07EE103A01
:108A500027EE270ACCE700BF0000004CB03CFFFF28
:108A6000CAF24971CAF249F16042A20D6042A28D78
:108A70000000003381F0004102E000BF83F00043BA
:108A800030B54FEA41044FEA430594EA050F08BFA9
:108A900090EA020F1FBF54EA000C55EA020C7FEA6D
:108AA000645C7FEA655C00F0E2804FEA5454D4EBEA
:108AB0005555B8BF6D420CDD2C4480EA020281EAB4
:108AC000030382EA000083EA010180EA020281EAEC
:108AD0000303362D88BF30BD11F0004F4FEA01313E
:108AE0004FF4801C4CEA113102D0404261EB41014D
:108AF00013F0004F4FEA03334CEA133302D05242D3
:108B000063EB430394EA050F00F0A780A4F101048E
:108B1000D5F1200E0DDB02FA0EFC22FA05F28018C8
:108B200041F1000103FA0EF2801843FA05F35941AE
:108B30000EE0A5F120050EF1200E012A03FA0EFC2D
:108B400028BF4CF0020C43FA05F3C01851EBE37157
:108B500001F0004507D54FF0000EDCF1000C7EEB74
:108B600000006EEB0101B1F5801F1BD3B1F5001FB2
:108B70000CD349085FEA30004FEA3C0C04F10104D1
:108B80004FEA445212F5800F80F09A80BCF1004FFA
:108B900008BF5FEA500C50F1000041EB045141EA7C
:108BA000050130BD5FEA4C0C404141EB0101013C45
:108BB00028BFB1F5801FE9D291F0000F04BF014634
:108BC0000020B1FA81F308BF2033A3F10B03B3F106
:108BD00020020CDA0C3208DD02F1140CC2F10C0296
:108BE00001FA0CF021FA02F10CE002F11402D8BFF4
:108BF000C2F1200C01FA02F120FA0CFCDCBF41EAC0
:108C00000C019040E41AA2BF01EB0451294330BD8E
:108C10006FEA04041F3C1CDA0C340EDC04F114046B
:108C2000C4F1200220FA04F001FA02F340EA030042
:108C300021FA04F345EA030130BDC4F10C04C4F188
:108C4000200220FA02F001FA04F340EA0300294668
:108C500030BD21FA04F0294630BD94F0000F83F4B2
:108C6000801306BF81F480110134013D4EE77FEA95
:108C7000645C18BF7FEA655C29D094EA050F08BFE1
:108C800090EA020F05D054EA000C04BF19461046C2
:108C900030BD91EA030F1EBF0021002030BD5FEA06
:108CA000545C05D14000494128BF41F0004130BD2E
:108CB00014F580043CBF01F5801130BD01F0004582
:108CC00045F0FE4141F470014FF0000030BD7FEAF5
:108CD000645C1ABF194610467FEA655C1CBF0B46F0
:108CE000024650EA013406BF52EA033591EA030F07
:108CF00041F4002130BD00BF90F0000F04BF0021FF
:108D0000704730B54FF4806404F132044FF0000531
:108D10004FF0000150E700BF90F0000F04BF0021AA
:108D2000704730B54FF4806404F1320410F0004510
:108D300048BF40424FF000013EE700BF42004FEA0B
:108D4000E2014FEA31014FEA02701FBF12F07F4388
:108D500093F07F4F81F06051704732F07F4208BF3F
:108D6000704793F07F4F04BF41F40021704730B546
:108D70004FF4607401F0004521F000411CE700BF92
:108D800050EA010208BF704730B54FF000050AE015
:108D900050EA010208BF704730B511F0004502D516
:108DA000404261EB41014FF4806404F132045FEA18
:108DB000915C3FF4D8AE4FF003025FEADC0C18BFC1
:108DC00003325FEADC0C18BF033202EBDC02C2F1B3
:108DD000200300FA03FC20FA02F001FA03FE40EA45
:108DE0000E0021FA02F11444BDE600BF70B54FF049
:108DF000FF0C4CF4E06C1CEA11541DBF1CEA135527
:108E000094EA0C0F95EA0C0F00F0DEF82C4481EA8E
:108E1000030621EA4C5123EA4C5350EA013518BFAE
:108E200052EA033541F4801143F4801338D0A0FB9B
:108E300002CE4FF00005E1FB02E506F00042E0FB48
:108E400003E54FF00006E1FB03569CF0000F18BF4E
:108E50004EF0010EA4F1FF04B6F5007F64F54074F6
:108E600004D25FEA4E0E6D4146EB060642EAC62189
:108E700041EA55514FEAC52040EA5E504FEACE2EF6
:108E8000B4F1FD0C88BFBCF5E06F1ED8BEF1004FF9
:108E900008BF5FEA500E50F1000041EB045170BD75
:108EA00006F0004646EA010140EA020081EA0301B9
:108EB000B4EB5C04C2BFD4EB0C0541EA045170BDB5
:108EC00041F480114FF0000E013C00F3AB8014F12F
:108ED000360FDEBF002001F0004170BDC4F1000478
:108EE000203C35DA0C341BDC04F11404C4F12005F9
:108EF00000FA05F320FA04F001FA05F240EA020054
:108F000001F0004221F0004110EBD37021FA04F689
:108F100042EB06015EEA430E08BF20EAD37070BD43
:108F2000C4F10C04C4F1200500FA04F320FA05F0A2
:108F300001FA04F240EA020001F0004110EBD370A4
:108F400041F100015EEA430E08BF20EAD37070BD14
:108F5000C4F1200500FA05F24EEA020E20FA04F3ED
:108F600001FA05F243EA020321FA04F001F000419C
:108F700021FA04F220EA020000EBD3705EEA430E0D
:108F800008BF20EAD37070BD94F0000F0FD101F03C
:108F90000046400041EB010111F4801F08BF013C75
:108FA000F7D041EA060195F0000F18BF704703F0B3
:108FB0000046520043EB030313F4801F08BF013D3A
:108FC000F7D043EA0603704794EA0C0F0CEA1355F6
:108FD00018BF95EA0C0F0CD050EA410618BF52EAB0
:108FE0004306D1D181EA030101F000414FF00000B6
:108FF00070BD50EA410606BF1046194652EA4306C4
:1090000019D094EA0C0F02D150EA013613D195EA37
:109010000C0F05D152EA03361CBF104619460AD17F
:1090200081EA030101F0004141F0FE4141F4700189
:109030004FF0000070BD41F0FE4141F4780170BD79
:1090400070B54FF0FF0C4CF4E06C1CEA11541DBFDE
:109050001CEA135594EA0C0F95EA0C0F00F0A7F8E0
:10906000A4EB050481EA030E52EA03354FEA01310D
:1090700000F088804FEA03334FF0805545EA131320
:1090800043EA12634FEA022245EA111545EA1065E8
:109090004FEA00260EF000419D4208BF964244F17F
:1090A000FD0404F5407402D25B084FEA3202B61A9E
:1090B00065EB03055B084FEA32024FF480104FF472
:1090C000002CB6EB020E75EB030E22BFB61A7546E6
:1090D00040EA0C005B084FEA3202B6EB020E75EB79
:1090E000030E22BFB61A754640EA5C005B084FEAE1
:1090F0003202B6EB020E75EB030E22BFB61A7546AE
:1091000040EA9C005B084FEA3202B6EB020E75EBB8
:10911000030E22BFB61A754640EADC0055EA060E79
:1091200018D04FEA051545EA16754FEA06164FEABC
:10913000C30343EA52734FEAC2025FEA1C1CC0D168
:1091400011F4801F0BD141EA00014FF000004FF0F5
:10915000004CB6E711F4801F04BF01430020B4F1B6
:10916000FD0C88BFBCF5E06F3FF6AFAEB5EB030C6E
:1091700004BFB6EB020C5FEA500C50F1000041EB6B
:10918000045170BD0EF0004E4EEA113114EB5C0438
:10919000C2BFD4EB0C0541EA045170BD41F480110B
:1091A0004FF0000E013C90E645EA060E8DE60CEA13
:1091B000135594EA0C0F08BF95EA0C0F3FF43BAF30
:1091C00094EA0C0F0AD150EA01347FF434AF95EAE7
:1091D0000C0F7FF425AF104619462CE795EA0C0FCB
:1091E00006D152EA03353FF4FDAE1046194622E798
:1091F00050EA410618BF52EA43067FF4C5AE50EA72
:1092000041047FF40DAF52EA43057FF4EBAE12E761
:109210004FF0FF3C06E000BF4FF0010C02E000BF42
:109220004FF0010C4DF804CD4FEA410C7FEA6C5C25
:109230004FEA430C18BF7FEA6C5C1BD001B050EAC8
:10924000410C0CBF52EA430C91EA030F02BF90EAB3
:10925000020F0020704710F1000F91EA030F58BF72
:10926000994208BF90422CBFD8176FEAE37040F0D4
:10927000010070474FEA410C7FEA6C5C02D150EA72
:10928000013C07D14FEA430C7FEA6C5CD6D152EA2D
:10929000033CD3D05DF8040B704700BF84461046F2
:1092A00062468C461946634600E000BF01B5FFF7F1
:1092B000B7FF002848BF10F1000F01BD4DF808EDC1
:1092C000FFF7F4FF0CBF012000205DF808FB00BF92
:1092D0004DF808EDFFF7EAFF34BF012000205DF8EC
:1092E00008FB00BF4DF808EDFFF7E0FF94BF012039
:1092F00000205DF808FB00BF4DF808EDFFF7CEFF3A
:1093000094BF012000205DF808FB00BF4DF808ED78
:10931000FFF7C4FF34BF012000205DF808FB00BF49
:109320004FEA410C7FEA6C5C02D150EA013C0AD161
:109330004FEA430C7FEA6C5C02D152EA033C02D153
:109340004FF0000070474FF0010070474FEA4102B4
:1093500012F5001215D211D56FF47873B3EB625287
:1093600012D94FEAC12343F0004343EA505311F0AE
:10937000004F23FA02F018BF404270474FF0000040
:10938000704750EA013005D111F0004008BF6FF07E
:10939000004070474FF00000704700BF4A0011D2F4
:1093A00012F5001211D20DD56FF47873B3EB62523F
:1093B0000ED44FEAC12343F0004343EA505323FA4B
:1093C00002F070474FF00000704750EA013002D1C0
:1093D0004FF0FF3070474FF0000070474FEA4102F6
:1093E000B2F1E04324BFB3F5001CDCF1FE5C0DD903
:1093F00001F0004C4FEAC0024CEA5070B2F1004F4D
:1094000040EB830008BF20F00100704711F0804F4F
:1094100021D113F13872BCBF01F00040704741F414
:1094200080114FEA5252C2F11802C2F1200C10FA18
:109430000CF320FA02F018BF40F001004FEAC123FC
:109440004FEAD32303FA0CFC40EA0C0023FA02F3A0
:109450004FEA4303CCE77FEA625307D150EA013376
:109460001EBF4FF0FE4040F44000704701F0004046
:1094700040F0FE4040F40000704700BF80F0004024
:1094800002E000BF81F0004142001FBF5FEA4103DC
:1094900092EA030F7FEA226C7FEA236C6AD04FEADC
:1094A0001262D2EB1363C1BFD21841404840414021
:1094B000B8BF5B42192B88BF704710F0004F40F4D3
:1094C000000020F07F4018BF404211F0004F41F4EF
:1094D000000121F07F4118BF494292EA030F3FD0BB
:1094E000A2F1010241FA03FC10EB0C00C3F12003CE
:1094F00001FA03F100F0004302D5494260EB40005D
:10950000B0F5000F13D3B0F1807F06D340084FEAC7
:10951000310102F10102FE2A51D2B1F1004F40EBBC
:10952000C25008BF20F0010040EA03007047490024
:1095300040EB0000013A28BFB0F5000FEDD2B0FAC1
:1095400080FCACF1080CB2EB0C0200FA0CF0AABFE4
:1095500000EBC25052421843BCBFD0401843704782
:1095600092F0000F81F4000106BF80F40000013288
:10957000013BB5E74FEA41037FEA226C18BF7FEA5F
:10958000236C21D092EA030F04D092F0000F08BFA1
:109590000846704790EA010F1CBF0020704712F088
:1095A0007F4F04D1400028BF40F00040704712F1C7
:1095B00000723CBF00F50000704700F0004343F02C
:1095C000FE4040F4000070477FEA226216BF084662
:1095D0007FEA23630146420206BF5FEA412390EA25
:1095E000010F40F4800070474FF0000304E000BF1B
:1095F00010F0004348BF40425FEA000C08BF7047CC
:1096000043F0964301464FF000001CE050EA01028F
:1096100008BF70474FF000030AE000BF50EA0102A4
:1096200008BF704711F0004302D5404261EB410191
:109630005FEA010C02BF84460146002043F0B643B6
:1096400008BFA3F18053A3F50003BCFA8CF2083ADB
:10965000A3EBC25310DB01FA02FC634400FA02FCE4
:10966000C2F12002BCF1004F20FA02F243EB0200EB
:1096700008BF20F00100704702F1200201FA02FC4D
:10968000C2F1200250EA4C0021FA02F243EB020040
:1096900008BF20EADC70704753B94AB9002908BFF7
:1096A00000281CBF4FF0FF314FF0FF3000F082B9AF
:1096B000ADF1080C6DE904CE00F01AF8DDF804E015
:1096C000DDE9022304B07047430803F05533C01AA4
:1096D000830803F0333300F03330184400EB1010EC
:1096E00000F00F3000EB002000EB0040000E704750
:1096F0002DE9F047089D04468C46002B40F08380FE
:109700008A42174647D9B2FA82F242B1C2F120002A
:1097100024FA00F09140974040EA010C94404FEA4F
:109720001748230CBCFBF8F61FFA87FE08FB16C18E
:1097300043EA014306FB0EF1994209D9FB1806F1F1
:10974000FF3080F01981994240F21681023E3B447D
:109750005B1AA4B2B3FBF8F008FB103344EA0344ED
:1097600000FB0EFEA64509D93C1900F1FF3380F03D
:109770000581A64540F2028102383C4440EA064099
:10978000A4EB0E0400261DB1D4400023C5E900431C
:109790003146BDE8F08702B9FFDEB2FA82F2002A54
:1097A00050D1CB1B4FEA174E1FFA87F80126B3FBA7
:1097B000FEFC210C0EFB1C3341EA034108FB0CF3B9
:1097C0008B4207D979180CF1FF3002D28B4200F29C
:1097D000E9808446C91AA3B2B1FBFEF00EFB10115A
:1097E00043EA014408FB00F8A04507D93C1900F101
:1097F000FF3302D2A04500F2D9801846A4EB08043A
:1098000040EA0C40BFE78B4209D9002D00F0B1803F
:109810000026C5E9000130463146BDE8F087B3FABD
:1098200083F6002E4AD18B4202D3824200F2B880E6
:10983000841A61EB030101208C46002DA8D0C5E9F4
:10984000004CA5E7C2F1200320FA03F6974001FA85
:1098500002F04FEA174ED9403043030CB1FBFEF63D
:109860001FFA87F80EFB161143EA014306FB08F1C5
:10987000994204FA02F409D9FB1806F1FF3C80F082
:109880008D80994240F28A80023E3B445B1A81B24D
:10989000B3FBFEF00EFB103341EA034100FB08F37B
:1098A0008B4207D9791800F1FF3C73D28B4271D9F2
:1098B00002383944CB1A40EA064678E7C6F1200C54
:1098C00003FA06F422FA0CF31C4320FA0CF701FA0F
:1098D00006F34FEA144E21FA0CF11F433B0CB1FB87
:1098E000FEF91FFA84F80EFB191143EA014109FB46
:1098F00008FA8A4502FA06F200FA06F308D9611856
:1099000009F1FF3048D28A4546D9A9F1020921441C
:10991000A1EB0A01BFB2B1FBFEF00EFB101147EA4A
:10992000014700FB08F8B84507D9E71900F1FF31F6
:109930002ED2B8452CD90238274440EA0940A7EB7B
:109940000807A0FB02894F45C64649461AD317D0DF
:109950005DB1B3EB0E0267EB010707FA0CFCF240B6
:109960004CEA0202F740C5E9002700263146BDE86F
:10997000F0872E4628460BE70646E9E61846FDE640
:109980004345E5D2B8EB020E69EB04010138DFE78D
:109990000846D2E760468DE78146B9E7664675E737
:1099A00030464AE7ACF1020C394413E702383C4434
:1099B00024E700BF704700BF1FB514461A46094B85
:1099C0001B680546D8684CB1074B0091CDE90134BE
:1099D00006492B4600F03EF802F002F8044B1C4604
:1099E000F3E700BFEC670020982F0600A52F0600C4
:1099F000D32F0600002101F01DBE0A22002101F034
:109A00009FBE000010B5054C13462CB10A46014616
:109A10000220AFF3008010BD2046FCE700000000EC
:109A2000014B1868704700BFEC67002008B5074B72
:109A3000044613B10021AFF30080054B1868836A18
:109A400003B19847204604F061FB00BF000000000E
:109A5000D42F06000EB403B5014603AB054853F8F6
:109A6000042B0068019300F05DF902B05DF804EB8F
:109A700003B07047EC67002070B50D4D0D4C641BB2
:109A8000A4100026A64209D10B4D0C4C04F040FB5B
:109A9000641BA4100026A64205D170BD55F8043BF6
:109AA00098470136EEE755F8043B98470136F2E750
:109AB000C0690020C0690020C0690020EC69002056
:109AC000024B0146186800F0A9B800BFEC670020FF
:109AD000024B0146186800F051B800BFEC67002047
:109AE00030B501390024A24201D1002005E0035D18
:109AF00001340D5DAB42F6D0581B30BD0A44914293
:109B000000F1FF3300D1704710B511F8014B03F895
:109B1000014F9142F9D110BD884210B501EB02040A
:109B200002D98442234607D8431EA14208D011F827
:109B3000012B03F8012FF8E7024401468A4200D1C5
:109B400010BD13F8014D02F8014DF7E7024403463A
:109B5000934200D1704703F8011BF9E713B54A435C
:109B60001146019200F05AF8044618B1019A0021FA
:109B7000FFF7ECFF204602B010BD000037B500290A
:109B800048D051F8043C0190002BA1F10404B8BF67
:109B9000E41803F07DFB204A01981368154633B999
:109BA0006360146003B0BDE8304003F077BBA342AC
:109BB0000BD921686218934204BF1A685B6863601E
:109BC00004BF521822602C60ECE71A465B680BB1A8
:109BD000A342FAD911685518A5420BD12468214433
:109BE0005418A3421160DDD11C685B6853602144A6
:109BF0001160D7E702D90C230360D3E72568611908
:109C00008B4204BF19685B68636004BF4919216017
:109C10005460C7E703B030BD98BD0020F8B5CD1C37
:109C200025F0030508350C2D38BF0C25002D064600
:109C300001DBA94203D90C2333600020F8BD03F0F7
:109C400027FB21490A6814469CB9204F3B6823B979
:109C50002146304600F008FE38602946304600F0C4
:109C600003FE431C23D10C233360304603F016FB64
:109C7000E3E723685B1B17D40B2B03D923601C4439
:109C8000256004E06368A2420CBF0B60536030465D
:109C900003F004FB04F10B00231D20F00700C21A9F
:109CA000CCD01B1AA350C9E722466468CCE7C41C79
:109CB00024F00304A042E3D0211A304600F0D4FD82
:109CC0000130DDD1CFE700BF98BD00209CBD002052
:109CD0009368013B002B10B4936008DA9469A342A7
:109CE00001DB0A2903D15DF8044B01F0B9BD13680B
:109CF000581C1060197008465DF8044B7047F8B5A1
:109D000006460F461446D518AC4201D1002007E0A4
:109D100014F8011B3A463046FFF7DAFF431CF3D133
:109D2000F8BD00002DE9F04F0D469DB01446984651
:109D3000064618B183690BB902F0DEFD894B9D42DE
:109D40001BD175686B6ED90705D4AB899A0502D40F
:109D5000A86D03F0D0F9AB891B0701D52B69EBB9CE
:109D60002946304601F0CEFDC0B16B6EDC070ED542
:109D70004FF0FF301DB0BDE8F08F7B4B9D4201D10D
:109D8000B568DFE7794B9D4208BFF568DAE7AB8934
:109D90009805EDD4A86D03F0AFF9E9E70023099326
:109DA00020238DF82930CDF80C803023DFF8C081D6
:109DB0008DF82A304FF0010923469A4613F8012BFB
:109DC0000AB1252AF9D1BAEB040B0BD05B46224627
:109DD00029463046FFF793FF013000F0AA80099A28
:109DE0005A4409929AF80030002B00F0A280002318
:109DF0004FF0FF32CDE905230AF1010A04930793DE
:109E00008DF853301A935446052214F8011B584814
:109E100003F0EEF9049AD8B9D10644BF20238DF897
:109E20005330130744BF2B238DF853309AF800307A
:109E30002A2B15D0079A544600204FF00A0C2146D1
:109E400011F8013B303B092B4ED9B0B1079214E019
:109E5000A0EB080309FA03F313430493A246D2E7E5
:109E6000039B191D1B680391002BBBBF5B4242F093
:109E7000020207930793B8BF049223782E2B0CD1CC
:109E800063782A2B35D1039B1A1D1B680392002B84
:109E9000B8BF4FF0FF3302340593DFF8E4A0217818
:109EA0000322504603F0A4F940B14023A0EB0A007E
:109EB00003FA00F0049B03430134049314F8011BDC
:109EC0002C488DF82810062203F092F900283FD084
:109ED000294B1BBB039B073323F007030833039372
:109EE000099B3B44099367E70CFB02320C460120B7
:109EF000A5E700230134059319464FF00A0C2046CC
:109F000010F8012B303A092A03D9002BC5D005914E
:109F1000C3E70CFB012104460123F0E703AB0093E8
:109F20002A46164B04A9304600F0CCF80746781CA8
:109F3000D6D16B6ED90705D4AB899A0502D4A86D2A
:109F400003F0DAF8AB895B063FF512AF099811E729
:109F500003AB00932A46094B04A9304600F056FB98
:109F6000E4E700BFA0310600C031060080310600E2
:109F7000D82F0600E22F0600C5A00500FF9C0500B3
:109F8000DE2F06002DE9FF4755EC104B002D0E4645
:109F900019462B46BBBF05F100431D4600232D2368
:109FA0000B700D9BDDF830A0914623F02008BCBF5C
:109FB00022461446B8F1460F05D0B8F1450F00D13E
:109FC0000136022100E0032103AB019302AB0093B1
:109FD00045EC104B5346324601F096FDB8F1470F61
:109FE000074602D119F0010F22D0B8F1460F07EB56
:109FF000060910D13B78302B0AD1002200232046DD
:10A000002946FFF75BF918B9C6F10106CAF80060E6
:10A01000DAF8003099440022002320462946FFF751
:10A020004DF908B1CDF80C903022039B4B4507D376
:10A03000039B0E9ADB1B3846136004B0BDE8F08723
:10A04000591C03911A70F0E7F7B503460029B8BF11
:10A05000494203F8022BB4BF2D222B22092942705A
:10A060002ADD0DF10704A4460A27A6460A4691FBFD
:10A07000F7F607FB16153035632A04F1FF340EF8A6
:10A08000015C3146F1DC3031AEF1020504F8011C0F
:10A09000441C294661450AD30DF10902A2EB0E02C8
:10A0A000654588BF00221344181A03B0F0BD11F8AB
:10A0B000012B04F8012FEDE7302330318370C1709C
:10A0C000031DF1E72DE9F04F2DED028B8DB00C460D
:10A0D000DDF8608016461F46054603F007F8D0F805
:10A0E00000A0504600F02FFC00230A93236805933C
:10A0F000D8F8003094F818B0073323F0070303F1C1
:10A100000802C8F80020D3E90023C4E91223D4E9E7
:10A11000128929F000430793CDF8188008EE100A41
:10A120009F4BDDE906014FF0FF32FFF7F9F888BBDE
:10A13000DDE906019A4B4FF0FF32FFF7D3F848BB39
:10A140000022002340464946FFF7C2F810B12D23F4
:10A1500084F84330934B9448BBF1470F94BF984623
:10A16000804603232361059B23F0040222604FF005
:10A170000009009733460BAA2146284600F0D8F97B
:10A18000013040F090804FF0FF300DB0BDEC028BFD
:10A19000BDE8F08F42464B4640464946FFF7C0F8BF
:10A1A00040B14B46002BBCBF2D2384F843307F4881
:10A1B0007F4BD1E763680BF0DF0206925A1C3FD158
:10A1C00006236360059B616843F480620023039368
:10A1D0000AABCDE901B309AB49EC108B00932260C7
:10A1E0000DF123032846FFF7CDFE069B0999472B67
:10A1F000804608D1C81C02DB6368994241DDABF19F
:10A20000020B5FFA8BFBBBF1650F20D801395A4670
:10A2100004F150000991FFF717FF0A9A1318012A59
:10A220008146236102DC2268D20701D50133236114
:10A230009DF82330002B9CD02D2384F8433098E7E1
:10A24000069A472ABED1002BBCD10123B9E7BBF146
:10A25000660F18D1002963680BDD216113B92268EC
:10A26000D00702D501330B442361A1654FF00009EB
:10A27000DEE713B92268D20701D50233F4E70123E0
:10A28000F2E74FF0670B0A9B994205DB23682161D7
:10A29000D807EAD54B1CE7E70029D4BFC1F1020279
:10A2A00001221344E0E723685A0507D42369424694
:10A2B00031462846B84701302CD164E7BBF1650F21
:10A2C00040F2E080D4E9120100220023FEF7F6FFFD
:10A2D000002834D0374A012331462846B847013098
:10A2E0003FF451AFDDE909239A4202DB2368D80726
:10A2F00010D518EE103A524631462846B84701307C
:10A300003FF441AF4FF0000804F11A090A9B013BEA
:10A31000434509DC23689B0700F10581E0680B9B3E
:10A320009842B8BF184630E701234A4631462846CE
:10A33000B84701303FF427AF08F10108E6E7099B71
:10A34000002B39DC1B4A012331462846B84701302F
:10A350003FF419AFDDE90923134302D12368D9077C
:10A36000D8D518EE103A524631462846B847013043
:10A370003FF409AF4FF0000904F11A0A099B5B4250
:10A380004B4501DC0A9B92E70123524631462846A1
:10A39000B84701303FF4F7AE09F10109EEE700BF1D
:10A3A000FFFFEF7FE92F0600ED2F0600F52F0600D7
:10A3B000F12F0600F92F06000A9AA36D9A42A8BF52
:10A3C0001A46002A914637DC4FF0000B29EAE9795A
:10A3D00004F11A02A36D0593A3EB09035B4533DC7B
:10A3E000DDE909239A423BDB2368DA0738D40A9A6D
:10A3F000059B0999D31AA2EB01099945A8BF994673
:10A40000B9F1000F35DC4FF0000829EAE97904F1D1
:10A410001A0ADDE909239B1AA3EB090343457FF7D9
:10A4200079AF0123524631462846B84701303FF400
:10A43000AAAE08F10108ECE7134631464246284629
:10A44000B8470130C0D19EE6012331462846059227
:10A45000B84701303FF497AE059A0BF1010BB9E70D
:10A4600018EE103A524631462846B8470130BED160
:10A4700089E6059A4B46424431462846B8470130A2
:10A48000C1D180E60A9A012A01DCDB0738D5012315
:10A49000424631462846B84701303FF474AE18EEC4
:10A4A000103A524631462846B84701303FF46BAE69
:10A4B000D4E9120100220023FEF700FFD8B90A9B5D
:10A4C00008F10102013B31462846B84701300ED160
:10A4D00059E60123524631462846B84701303FF439
:10A4E00052AE08F101080A9B013B4345F1DC4B46A3
:10A4F00004F15002DCE64FF0000804F11A0AF2E71A
:10A5000001234246DFE701234A4631462846B84741
:10A5100001303FF438AE08F10108E3680B995B1A8B
:10A520004345F0DCFAE64FF0000804F11909F4E7BE
:10A530002DE9F047164699468A680B69DDF82080B8
:10A540009342B8BF1346336091F8432007460C4648
:10A550000AB1013333602368990642BF336802337E
:10A560003360256815F0060506D104F1190AE36881
:10A5700032689B1AAB4226DC94F84320131E2268F3
:10A5800018BF012392062BD404F1430249463846F2
:10A59000C04701301ED02368E568326803F0060327
:10A5A000042B08BFAD1AA36822690CBF25EAE57524
:10A5B00000259342C4BF9B1AED1800261A34B542F9
:10A5C0001AD1002008E00123524649463846C047C8
:10A5D000013003D14FF0FF30BDE8F0870135C6E709
:10A5E000E1185A1C302081F84300224494F84510A9
:10A5F00082F843100233C7E7012322464946384612
:10A60000C0470130E6D00136D9E700002DE9FF4709
:10A610000C469146277E0C99782F80469A4604F185
:10A62000430207D8622F0AD8002F00F0D880582F95
:10A6300000F0A38004F1420684F842703AE0A7F1EA
:10A640006303152BF6D801A050F823F0A5A605004A
:10A65000B9A6050035A6050035A6050035A60500F6
:10A6600035A60500B9A6050035A6050035A60500E6
:10A6700035A6050035A60500C5A70500E9A6050015
:10A68000A7A7050035A6050035A60500E7A7050024
:10A6900035A60500E9A6050035A6050035A6050086
:10A6A000AFA705000B681A1D1B680A6004F142067B
:10A6B00084F842300123A3E0256808682E0600F1E3
:10A6C00004030AD505680B60002D03DA2D236D42C3
:10A6D00084F843305E480A2319E015F0400F0568FE
:10A6E0000B6018BF2DB2EFE70B682568181D0860D6
:10A6F000280601D51D6802E06906FBD51D8854486F
:10A700006F2F0CBF08230A23002184F843106668CA
:10A71000A660002EA2BF216821F0040121600DB9BE
:10A72000002E4DD01646B5FBF3F103FB1157C75D64
:10A7300006F8017D2F46BB420D46F4D9082B0BD1FC
:10A740002368DF0708D5236961689942DEBF30239B
:10A7500006F8013C06F1FF36921B2261CDF800A0FD
:10A760004B4603AA21464046FFF7E2FE01304CD19A
:10A770004FF0FF3004B0BDE8F087354884F84570ED
:10A7800023680E681F0656F8045B0E6014D5D907BF
:10A7900044BF43F0200323601DB9236823F0200346
:10A7A00023601023B0E7236843F02003236078235D
:10A7B000284884F84530E3E75E0648BFADB2E6E7D7
:10A7C0001646BBE70B68266860691D1D0D603506DF
:10A7D0001B6801D5186002E07106FBD518800023C4
:10A7E00023611646BAE70B681A1D0A601E68626884
:10A7F0000021304602F0FCFC08B1801B60606368F9
:10A800002361002384F84330A8E723693246494690
:10A810004046D0470130ABD023689B0713D4E06893
:10A82000039B9842B8BF1846A4E701233246494625
:10A830004046D04701309BD00135E36803995B1A4D
:10A84000AB42F2DCEBE7002504F11906F5E700BFA7
:10A85000FB2F06000C300600024B0A460146186822
:10A8600003F061B9EC67002038B5064D00230446BB
:10A8700008462B60F5F754FD431C02D12B6803B149
:10A88000236038BD50C000200EB400B59CB01DAB95
:10A89000029006906FF00041094807910491094920
:10A8A00053F8042B05910068019302A903F0BCF949
:10A8B000029B00221A701CB05DF804EB03B07047D5
:10A8C000EC6700200802FFFF10B50246147813461B
:10A8D0000132002CFAD1013B11F8012B03F8012FB2
:10A8E000002AF9D110BDC9B2034610F8012B1AB1E4
:10A8F0008A42F9D118467047002918BF0023F9E7AA
:10A9000010F8012B11F8013B012A28BF9A42F7D019
:10A91000D01A7047034611F8012B03F8012B002AC7
:10A92000F9D1704770B503461E4613F8014B44B188
:10A930004A1E01E0A54204D012F8015F002DF9D1B2
:10A94000F2E7301A70BD034613F8012B002AFBD141
:10A95000181A0138704710B56AB10139841810F817
:10A96000013B11F8012F934203D1A04201D0002BEB
:10A97000F5D1981A10BD1046FCE710B50139034611
:10A9800032B111F8014F03F8014B013A002CF7D115
:10A990001A440021934200D110BD03F8011BF9E7CE
:10A9A00038B503460C4669B9BDE83840FFF79BBF90
:10A9B000431C054621461846FFF795FF0028F7D1AE
:10A9C000284638BD0025F5E770B503461E4613F846
:10A9D000014B3CB14A1E01E0A542F7D012F8015FDD
:10A9E000002DF9D1301A70BD70B504460D4645EC06
:10A9F000104B164602F054FF51EC100B7EB1C5F31C
:10AA00000A53C3F16B03002B09DD1B0503F17F55CE
:10AA1000002405F5401522462B46FEF7E7F970BDE8
:10AA20002DE9F04FA3B01F4600231E93A44B1992AB
:10AA30001B680793044618468846FFF784FF4FF0CB
:10AA4000000A05464FF0000BCDF874801D9B1A7864
:10AA50002B2A4CD039D80D2A32D8082A32D8002ACD
:10AA60003CD000230E931D9E3378302B40F0B480F1
:10AA7000737803F0DF03582B6CD10E9B01931EAB50
:10AA8000029700938F4A1FAB1DA9204602F038F8A9
:10AA900010F00707054605D0062F2AD101360023FE
:10AAA0001D960E93199B002B40F096850E9BDBB1F3
:10AAB00052460BF1004343EC102B23B0BDE8F08F5E
:10AAC000202ACED101331D93C0E72D2AC9D10122FE
:10AAD0000E925A1C1D925B78002BC4D1199BCDF8A5
:10AAE0007480002B40F0768552465B46E3E70022F7
:10AAF000EEE71E9A3AB1352120A802F0D0FF1E9948
:10AB0000204602F005FC013F052F07D8DFE807F0DB
:10AB10000E0B181D0E034FF0000BDA462807C1D5A7
:10AB20004BF0004BBEE7DDE920ABF7E7DDE920A302
:10AB30001F9A23F4801302F2334243EA025BEDE7EB
:10AB4000DFF884B14FF0000AE8E76FF0004B4FF0F8
:10AB5000FF3AE3E71D9B5A1C1D925B78302BF9D01E
:10AB6000002B9FD001234FF0000904931D9B0A93F3
:10AB7000CDF824904F460A221D980678A6F130039E
:10AB8000D9B209292AD907992A46FFF7E4FE98B3D2
:10AB9000002033463D4607900246652B01D0452BE9
:10ABA00018D11DB9049B034398D00025DDF87480AB
:10ABB00008F101031D9398F801302B2B75D02D2B34
:10ABC0007BD04FF0000CA3F13001092940F28280C4
:10ABD000CDF8748000269DE00023C4E7082FD8BF7D
:10ABE000099900F10100DABF02FB0133099302FB6E
:10ABF000093901371D90BFE71D9B5A191D925B5DF6
:10AC0000002F37D007903D46A3F13002092A12D910
:10AC10000122C2E71D9B5A1C1D925B780130302B2C
:10AC2000F8D0A3F13102082A00F2DB841D9A0790C4
:10AC300000200A920546303B00F1010214D007992A
:10AC4000114407912A4600EB050E0A21724513D1E3
:10AC50002A18082A05F1010505441CDC09990A2275
:10AC600002FB0133099300221D9B591C1D915B7847
:10AC70001046C9E73846D2E7082A04DC099E4E434D
:10AC800009960132E2E702F1010CBCF1100FD8BFC6
:10AC900001FB09F9F5E7102DDCBF0A2202FB093997
:10ACA000E1E70023079301227CE74FF0000C08F155
:10ACB00002031D9398F8023085E74FF0010CF6E788
:10ACC000E4310600203006000000F07F1D9B591C77
:10ACD0001D915B78302BF9D0A3F1310108293FF6A3
:10ACE00079AFA3F1300E1D9B08931D9B591C1D913C
:10ACF0005B78A3F13006092E37D9089E891B0829F5
:10AD000044F61F6602DC7645A8BF7646BCF1000F0C
:10AD100000D07642002D4FD1049901437FF4C2AE9A
:10AD2000002A7FF4DBAE692B27D024DC492B24D00A
:10AD30004E2B7FF4D3AE9E491DA802F027F90028C0
:10AD40003FF4CCAE1D9B1B78282B2DD1994920AA0E
:10AD50001DA802F02FF9052826D1219BDDF880A03F
:10AD600043F0FF4B4BF4E00B9CE60A2101FB0E3E47
:10AD7000AEF1300EB9E76E2BDBE78F491DA802F06C
:10AD800005F900283FF4AAAE1D9B8C49013B1DA884
:10AD90001D9302F0FBF810B91D9B01331D93DFF8E2
:10ADA0002CB24FF0000A7DE68548FDF79DFB8DED46
:10ADB000040BDDE904AB75E6079B0998F31A002F35
:10ADC00008BF2F46102D0893A846A8BF4FF01008C3
:10ADD000FDF792FF092D82468B4613DD794B03EB7D
:10ADE000C80353E91223FEF701F8824648468B4612
:10ADF000FDF782FF02460B4650465946FDF740FEDE
:10AE000082468B460F2D38DC089B002B3FF44AAE60
:10AE100024DD162B0BDC6B4D05EBC305D5E90001DA
:10AE200052465B46FDF7E2FF82468B463AE6089AB9
:10AE3000C5F12503934220DB624CC5F10F0504EBFD
:10AE4000C50152465B46D1E90001FDF7CFFF089BE3
:10AE50005D1B04EBC504D4E90023E3E7089B16332C
:10AE60000BDB079B574A9E1B02EBC606D6E9002365
:10AE700050465946FEF7E4F8D6E7089BA5EB0808CC
:10AE80009844B8F1000F71DD18F00F030AD04D4956
:10AE900001EBC30152465B46D1E90001FDF7A6FF75
:10AEA00082468B4638F00F084DD0B8F59A7F22DDE8
:10AEB00000252E46099507952223DFF810B123605F
:10AEC0004FF0000A099B002B3FF4ECAD1E99204681
:10AED00002F01EFA0799204602F01AFA314620467F
:10AEE00002F016FA0999204602F012FA2946204685
:10AEF00002F00EFAD6E500234FEA281850465946CC
:10AF00009946B8F1010F21DC0BB182468B462E4BDE
:10AF1000ABF1547B03EBC90952465B46D9E900010A
:10AF2000FDF764FF294B0A460B4029498B428246B4
:10AF3000BED8A1F580118B4286BFDFF898B04FF0E4
:10AF4000FF3A02F1547B0023049381E018F0010FD3
:10AF500007D01D4B03EBC903D3E90023FDF746FFE0
:10AF6000012309F101094FEA6808CAE7EBD0C8F1EB
:10AF7000000818F00F020AD0124B03EBC203504630
:10AF80005946D3E90023FEF75BF882468B465FEA19
:10AF90002818D8D0B8F11F0F1EDD00252E460995C0
:10AFA000079522234FF0000A4FF0000B236089E73A
:10AFB000F62F060034300600EE2F0600743106002E
:10AFC000D32F060020320600F83106000000F07F83
:10AFD0000000A07CFFFFEF7F18F0100318BF6A236A
:10AFE000DFF8B493049350465946002318F0010F3C
:10AFF00004D0D9E90023FDF7F9FE01235FEA6808D0
:10B0000009F10809F2D10BB182468B46049BBBB112
:10B01000CBF30A53C3F16B03002B594610DD1F2BF2
:10B0200040F32881342BDEBF203B4FF0FF3202FA81
:10B0300003F34FF0000ACCBF4FF05C7B03EA010B37
:10B040000022002350465946FEF738F90028A4D1C3
:10B05000099B00930A992B463A46204602F0ADF927
:10B06000099000283FF424AF079B9E1B089B002BF0
:10B07000B4BF334600231093089B002523EAE373F3
:10B0800018932E46099B2046596802F00DF9079047
:10B0900000283FF411AF099B1A69023203F10C0139
:10B0A00092000C30FEF72AFD4BEC10AB20AA1FA932
:10B0B0002046CDE90AAB02F06FFC1E9000283FF459
:10B0C000FBAE0121204602F006FA064600283FF4B6
:10B0D000F3AE1F9B0499002BABBF109A189A189FD0
:10B0E000DDF84090ACBF03EB0209D71A209AA3EB1E
:10B0F00001089044A34B08F1FF389845C2F136028D
:10B1000080F2CC80A3EB08031F2BA2EB03024FF0CD
:10B11000010100F3B68001FA03F3119300230C93AD
:10B1200009EB0208049BC14517441F444B46A8BFC6
:10B130004346BB42A8BF3B46002BC2BFA8EB030857
:10B14000FF1AA9EB0309109B002B17DD31461A46A5
:10B15000204602F065FA064600283FF4ADAE0146EF
:10B160001E9A204602F0C0F90F9000283FF4A4AECA
:10B170001E99204602F0CCF80F9B1E93B8F1000FE9
:10B1800000F39180089B002B08DD189A0799204650
:10B1900002F046FA079000283FF48EAE002F08DD3B
:10B1A00007993A46204602F089FA079000283FF4B2
:10B1B00083AEB9F1000F08DD31464A46204602F061
:10B1C0007DFA064600283FF477AE079A1E9920467E
:10B1D00002F0EFFA054600283FF46EAEC3680F9305
:10B1E0000023C360314602F0C8FA002865DA0F9BDD
:10B1F00053EA0A0340F08780CBF31303002B40F09F
:10B2000082802BF000431B0D1B05B3F1D66F7AD95A
:10B210006B6913B92B69012B75DD29460122204684
:10B2200002F04CFA3146054602F0A7FA00286ADD22
:10B230000499554A5B46002900F0858002EA0B011B
:10B24000B1F1D66F7FDCB1F15C7F7FF7AAAE4F4AD8
:10B250000023CDE916325046DDE916235946FDF7A5
:10B26000C5FD0B46034308BF222382468B4608BF19
:10B2700023602BE64FF0FF3202FA03F303EA0A0AD7
:10B28000DEE6C8F17F4808F57F0808F57B4808F13D
:10B29000E20801FA08F30C93119141E700230C93A3
:10B2A000012311933CE71E994246204602F006FA1C
:10B2B0001E9000287FF466AFFEE55F466ED10F9AC0
:10B2C000CBF3130342B3324A934228D1049B504636
:10B2D000EBB12D4A3A40B2F1D46F4FF0FF3119D89B
:10B2E000120DC2F16B0301FA03F3984217D1294BF7
:10B2F0009F4202D101303FF4DFAD234B3B4003F5C9
:10B30000801B4FF0000A049B002BA0D1DEE54FF01C
:10B31000FF33EAE70B46E8E753EA0A0388D00C9BC1
:10B32000DBB13B42EFD00F9B049A50465946C3B164
:10B33000FFF75AFB02460B46DDE90A01FDF7A0FBC9
:10B3400082468B46DFE71340A3F580136FEA135B59
:10B350006FEA0B5B4FF0FF3AD5E7119B13EA0A0F38
:10B36000E0E7FFF741FB02460B46DDE90A01FDF786
:10B3700085FB0022002382468B46FDF79FFF0028B5
:10B38000C1D00EE602FCFFFF0000F07F0000503944
:10B39000FFFF0F00FFFFEF7F4830060031462846D1
:10B3A00002F04AFB59EC108B10EE100A00224FF00D
:10B3B00080434946FDF796FF00287CD00F9B002B69
:10B3C0004CD0954B0022CDE90C23DFF84C924FF086
:10B3D0000008924B3B401193119A914B9A4240F0D6
:10B3E000B280DDE90A23DDE90C01A7F1547B4BECC7
:10B3F00010ABCDE91623CDE90C0102F051FADDE9DD
:10B400000C0153EC102BFDF7F1FC52465B46FDF7A7
:10B4100037FB0B468149834A1940914282465ED9E7
:10B420000B9B02F15472934203D10A9B01333FF408
:10B4300043ADDFF8FCB14FF0FF3A1E99204601F012
:10B4400067FF0799204601F063FF3146204601F06F
:10B450005FFF2946204601F05BFF13E6BAF1000FBB
:10B460001BD1CBF31303F3B96B4B00224046494683
:10B47000FDF72EFFD0B9404649466B4B0022FDF741
:10B48000B5FC8046894609F10043CDF868801B93DE
:10B49000DDE91A23CDE90C239BE7BAF1010F02D1B4
:10B4A000002F3FF47EAD614B00228CE7DFF87891EE
:10B4B0004FF00008E7E75C4B404649460022FDF7A5
:10B4C00095FC0F9B8046894633B901F100431290E9
:10B4D0001393DDE91223DDE7CDE91289F9E703F1E2
:10B4E000547B049B002BA8D12BF00043119A1B0D19
:10B4F0001B059A42A1D14046494602F099FDFDF74D
:10B5000047FC02460B4640464946FDF7B7FA0F9AFC
:10B51000CBF3130343EA0A0313438046894653D00F
:10B5200035A3D3E90023FDF7D3FE00287FF4CEAC8A
:10B5300033A3D3E9002340464946FDF7E7FE002840
:10B540003FF47BAFC2E4049B33B3119BB3F1D46FE0
:10B5500022D82DA3D3E9002340464946FDF7C2FE79
:10B56000A0B149464046FDF719FF012838BF012028
:10B57000FDF7C2FB0F9B8046894613BB01F10043D8
:10B5800014901593DDE91423CDE90C230D9B119A3A
:10B5900003F1D6639B1A0D93DDE90C019DED0A0BB7
:10B5A000CDE90C0102F07CF9DDE90C0153EC102B24
:10B5B000FDF71CFCDDE90A23FDF762FA82468B46A3
:10B5C0008FE7CDE91489DDE711A3D3E90023FDF767
:10B5D0007FFEB4E700230E93199A1D9B1360FFF7BB
:10B5E00065BA652B3FF45DAB452B3FF45AAB0122A6
:10B5F000FFF792BBAFF300809535A094FFFFDF3FCC
:10B6000035E5AF350000E03F0000C0FFFFFFDF4140
:10B610009535A094FFFFCF3F0000F03F0000F07F82
:10B620000000E07FFFFF9F7C0000E03F0000F0BFD4
:10B63000FFFFEF7F0A4601460248034B0068FFF711
:10B64000EFB900BFEC670020546800202DE9F047F7
:10B650003A4E86468C4660461CF8014BA55D15F0B7
:10B660000805F8D12D2C33D19CF800404FF001088B
:10B6700000F1020C002B5CD0102B0CD1302C0AD125
:10B680009CF8000000F0DF0058284DD19CF80140E4
:10B6900010230CF1020C08F10047013F0026B7FB14
:10B6A000F3F9304603FB197AA4F13005092D18D8B7
:10B6B0002C46A34224DD751C07D081451DD301D142
:10B6C000A2451ADB00FB034001261CF8014BEBE707
:10B6D0002B2C08BF9CF80040A84608BF00F1020CC4
:10B6E000C8E7A4F14105192D01D8373CE1E7A4F1E1
:10B6F0006105192D04D8573CDBE74FF0FF36E4E72E
:10B70000731C06D12223CEF80030384642B9BDE87A
:10B71000F087B8F1000F00D04042002AF7D00EB1F8
:10B720000CF1FF311160F2E73024002BB3D1082374
:10B73000B1E7302CA4D00A23ADE700BF713006007A
:10B7400013460A46014602480068FFF77FBF00BF64
:10B75000EC6700202DE9F0433B4E86468C46604660
:10B760001CF8014BA55D15F00805F8D12D2C34D13E
:10B770009CF800404FF0010800F1020C002B5ED055
:10B78000102B0CD1302C0AD19CF8000000F0DF0007
:10B7900058284FD19CF8014010230CF1020C4FF0B7
:10B7A000FF370025B7FBF3F703FB07F96FEA090939
:10B7B0002846A4F13006092E18D83446A34224DDC9
:10B7C000002D1FDB87421DD301D1A1451ADB00FBF1
:10B7D000034001251CF8014BEBE72B2C08BF9CF81C
:10B7E0000040A84608BF00F1020CC7E7A4F14106DB
:10B7F000192E01D8373CE1E7A4F16106192E04D8CF
:10B80000573CDBE74FF0FF35E4E7002D07DA222352
:10B81000CEF800304FF0FF3042B9BDE8F083B8F108
:10B82000000F00D04042002AF7D00DB10CF1FF31DB
:10B830001160F2E73024002BB1D10823AFE7302CA0
:10B84000A2D00A23ABE700BF7130060013460A46B8
:10B85000014602480068FFF77DBF00BFEC6700208B
:10B86000F8B50E461446054618B183690BB901F0C8
:10B8700043F8214B9C422BD16C68A369A360A38938
:10B880001A072FD523696BB323692068C01A63692F
:10B89000F6B28342374604DC2146284600F098FF82
:10B8A00030BBA368013BA36023685A1C22601E7052
:10B8B00063690130834204D0A389DB0706D50A2ED1
:10B8C00004D12146284600F083FF88B93846F8BDE8
:10B8D0000A4B9C4201D1AC68CFE7094B9C4208BFA0
:10B8E000EC68CAE72146284600F00CF80028CBD0C7
:10B8F0004FF0FF37EAE700BFA0310600C031060075
:10B9000080310600324B70B51D6806460C4625B1E5
:10B91000AB6913B9284600F0EFFF2E4B9C420FD1C4
:10B920006C68A389B4F90C2019072CD4DD0611D456
:10B930000923336042F04003A3814FF0FF303EE023
:10B94000254B9C4201D1AC68EBE7244B9C4208BFDD
:10B95000EC68E6E7580712D5616B41B104F1440386
:10B96000994202D03046FEF709F900236363A389A8
:10B9700023F02403A3810023636023692360A38948
:10B9800043F00803A38123694BB9A38903F420730F
:10B99000B3F5007F03D02146304601F0D3FBA089E8
:10B9A000B4F90C2010F001030AD00023A3606369EE
:10B9B0005B42A361236943B910F08000BAD170BD26
:10B9C000810758BF6369A360F4E70020F7E700BF71
:10B9D000EC670020A0310600C0310600803106006F
:10B9E00008B5062002F048FA012002F08FFB2DE98D
:10B9F000F74F03690C69A3420746C0F28180013CFE
:10BA000001F1140800F1140505EB8403019358F8C3
:10BA1000243055F8242001339A424FEA840B08EB76
:10BA20008409B2FBF3F631D34FF0000E4046AC462A
:10BA3000F24650F8042B93B206FB03E34FEA134E91
:10BA40009BB2AAEB0303120CDCF800A006FB02E297
:10BA500013FA8AF34FEA124E1FFA82FADCF800203A
:10BA6000CAEB124202EB23429BB243EA02438145F6
:10BA70004CF8043B4FEA224ADBD255F80B302BB985
:10BA8000019B043B9D421A462ED33C61384601F08F
:10BA900074FE002824DB013628464FF0000C58F8CD
:10BAA000042BD0F800E093B2ACEB0303120C13FAB2
:10BAB0008EF3C2EB1E4202EB23429BB243EA0243E7
:10BAC000C14540F8043B4FEA224CE8D255F8242007
:10BAD00005EB840322B9043B9D421A460AD33C611C
:10BAE000304603B0BDE8F08F1268043B002ACCD189
:10BAF000013CC7E71268043B002AF0D1013CEBE7A8
:10BB00000020EEE7000000002DE9F04F2DED028B44
:10BB100057EC106B95B0456ADDF880800591CDE952
:10BB20000267044609920F933DB91020F2F784F89A
:10BB3000C0E9015560620560C560636A196851B16A
:10BB40005A684A60012393408B60204601F0E0FB75
:10BB5000636A00221A603B1EB9BF23F000430393BF
:10BB60000023C8F80030DDF80C90B74BBCBF0122B1
:10BB7000C8F8002033EA09031BD10F9A42F20F7371
:10BB80001360C9F31303334300F07585219B63B938
:10BB9000AE4B25E0AE4B00930833219A136000981A
:10BBA00015B0BDEC028BBDE8F08FA84B00930333BA
:10BBB000F3E79DED027B002251EC170B00238DED86
:10BBC0000A7BFDF77BFB804660B10F9A012313606F
:10BBD000219B002B00F04C859E4B219A1360013B6A
:10BBE0000093DCE79DED0A0B12AA13A9204601F091
:10BBF000D3FEC9F30A558246002D7ED00B9BCDF8AB
:10BC00004080C3F31303DDE90A6743F07F5747F42D
:10BC10004017A5F2FF35904B002230463946FCF71D
:10BC20002DFF83A3D3E90023FDF7E0F882A3D3E936
:10BC30000023FCF725FF064628460F46FDF76CF863
:10BC40007FA3D3E90023FDF7D1F802460B46304627
:10BC50003946FCF715FF06460F46FDF777FB002235
:10BC60008146002330463946FDF732FB48B148464D
:10BC7000FDF752F832463B46FDF720FB08B909F1C3
:10BC8000FF39B9F1160F56D8744B03EBC903D3E94A
:10BC90000023DDE90A01FDF71BFB00284DD009F167
:10BCA000FF3900230E93129B5D1B6B1E049343BF51
:10BCB0000023C5F1010804934FF00008B9F1000F0B
:10BCC0003DDB049BCDF834904B4404930023069352
:10BCD000059B092B00F29A80052BC4BF043B0593FA
:10BCE000059BA3F10203CCBF00250125032B00F225
:10BCF0009980DFE803F02C7D7B89DDE912531D4438
:10BD000005F23243202BC1BFC3F1400305F21240BC
:10BD100009FA03F326FA00F0DABFC3F1200306FAAA
:10BD200003F01843FCF7E8FF01230646A1F1F8777A
:10BD3000013D10936FE70123B4E70E90B3E7C9F11B
:10BD4000000306930023A8EB09080D93C0E7002326
:10BD50000893099B002B00F385804FF0010BCDF871
:10BD600004B05B46CDF824B0666A002272600422FB
:10BD700002F11400984271687AD9204601F094FAD1
:10BD8000636A30601B680093019B0E2B00F2F58004
:10BD9000002D00F0F280B9F1000F7DDD2F4A09F08F
:10BDA0000F0302EBC30393ED007B19F4807F4FEA8E
:10BDB0002917B0EE478AF0EE678A5DD0284BDDE99F
:10BDC0000A01D3E90823FDF73BF9CDE9020107F0A9
:10BDD0000F070325224E002F50D1DDE9020153EC5D
:10BDE000182BFDF72DF9CDE902016FE00123AFE734
:10BDF00000230893099B09EB030B0BF10103012BB3
:10BE00000193B8BF0123AFE70123F2E70125002327
:10BE1000059308954FF0FF3B0022CDF804B01223A4
:10BE20000992A1E701230893F4E700BFAFF3008074
:10BE300061436F63A787D23FB3C8608B288AC63F30
:10BE4000FB799F501344D33F0000F07F7A31060006
:10BE500071310600FA2F06000000F83F203206007C
:10BE6000F8310600DDF824B0CDF804B05B467BE77E
:10BE70000131716052007BE70225ABE7F90708D575
:10BE800051EC180BD6E90023FCF7B0FF41EC180B7E
:10BE900001357F1008369EE700F0AB80C9F100063F
:10BEA000AA4BAB4F06F00F0203EBC203D3E900230A
:10BEB000DDE90A01FCF79AFFCDE902013611002302
:10BEC0000225002E40F08A80002B8CD10E9B002B87
:10BED00000F09180DDE902679E4B00223046394632
:10BEE000FDF7F6F9002800F08680019B002B00F09A
:10BEF0008280BBF1000F3CDD09F1FF330793002284
:10BF0000954B30463946FCF771FFCDE9020101350A
:10BF1000CDF830B0DDE902672846FCF7FDFE324679
:10BF20003B46FCF763FF8D4B0022FCF7A9FDA1F116
:10BF30005073CDE9020103930C9B002B60D1884B19
:10BF4000002230463946FCF799FDDDE9022306461A
:10BF50000F46FDF7DBF9002840F09982DDE9022168
:10BF6000304601F100433946FDF7B2F9002840F0B0
:10BF70008B82DDE90A23CDE90223139B002BC0F25B
:10BF80005B81B9F10E0F00F35781704B03EBC903CE
:10BF900093ED007B099BB0EE478AF0EE678A002B99
:10BFA00080F2E280019B002B00F3DE8040F06C8287
:10BFB0006B4B51EC170B0022FCF718FFDDE9022355
:10BFC000FDF79AF9019E3746002840F04282009D15
:10BFD000312305F8013B09F101093EE2F20705D5DD
:10BFE000D7E90023FCF702FF01350123761008375B
:10BFF00067E702256AE7019BCDF81C900C9389E75F
:10C0000000990C980C9A514B9DED027B01440291D2
:10C010000899B0EE478AF0EE678A03EBC20353E952
:10C020000223002945D04F490020FDF709F853ECC1
:10C03000182BFCF723FD009D41EC180B39463046C8
:10C04000FDF784F90C90FCF767FE02460B4630467C
:10C050003946FCF713FD0C9B303305F8013B53ECDC
:10C06000182B06460F46FDF733F9002865D13246F6
:10C070003B4638490020FCF701FD53EC182BFDF737
:10C0800027F9002840F0B880029B9D423FF471AF31
:10C09000314B51EC180B0022FCF7A8FE2E4B41EC63
:10C0A000180B002230463946FCF7A0FE06460F4624
:10C0B000C4E751EC170BFCF799FE029B009D0C9313
:10C0C00041EC180B39463046FDF740F91190FCF76A
:10C0D00023FE02460B4630463946FCF7CFFC119B47
:10C0E000303305F8013B029B9D4206460F464FF058
:10C0F000000225D11B4B51EC180BFCF7C1FC02468A
:10C100000B4630463946FDF701F9002874D153EC4F
:10C11000182B14490020FCF7B1FC02460B463046B0
:10C120003946FDF7D5F800283FF423AF0C9D6B1E70
:10C130000C9315F8013C302BF8D0DDF81C9049E049
:10C14000054BFCF753FE06460F46BBE720320600C0
:10C15000F83106000000F03F0000244000001C40C1
:10C16000000014400000E03FDDE90267009D53EC51
:10C17000182B30463946FCF763FFFDF7E7F8804699
:10C18000FCF7CAFD53EC182BFCF730FE02460B46B9
:10C190003046394608F13006FCF770FC05F8016BB3
:10C1A000009E019FAE1BB74202460B4637D1FCF7FB
:10C1B00067FC53EC182B06460F46FDF7A7F8C8B9E5
:10C1C00053EC182B30463946FDF778F810B118F0CB
:10C1D000010F0FD12046514601F09AF800232B7031
:10C1E0000F9B09F101001860219B002B3FF4D7AC95
:10C1F0001D60D4E4CDF81C902B461D4613F8012D8C
:10C20000392A08D1009A9A42F7D1079A0099013247
:10C21000079230220A701A7801321A708DE79E4B0D
:10C220000022FCF7E3FD0022002306460F46FDF73F
:10C2300045F800289BD0CDE7089A002A00F0C68078
:10C24000059A012A00F3AA80109A002A00F0A28021
:10C2500003F23343069E4546049A01211A442046C0
:10C260009844049201F037F90746002D0BDD049B3A
:10C27000002B08DDAB42049AA8BF2B46A8EB0308AD
:10C28000ED1AD31A0493069BFBB1089B002B00F018
:10C29000A180002E11DD39463246204601F0C0F95A
:10C2A000524601460746204601F01EF951460790C6
:10C2B000204601F02DF8079B9A46069B9A1B04D056
:10C2C0005146204601F0ACF982460121204601F09A
:10C2D00002F90D9B002B06467EDD1A4601462046DC
:10C2E00001F09EF9059B012B064678DD002306939D
:10C2F000336906EB8303186901F09DF8C0F1200053
:10C30000049B184410F01F0000F08880C0F1200347
:10C31000042B40F38180C0F11C00049B0344804443
:10C3200005440493B8F1000F05DD5146424620460E
:10C3300001F0C4F98246049B002B05DD31461A4604
:10C34000204601F0BBF906460E9B002B68D0314613
:10C35000504601F012FA002862DA002351460A2200
:10C36000204600F0ECFF089B09F1FF398246002BC4
:10C3700000F08881394600230A22204600F0DFFFC2
:10C38000BBF1000F074600F38F80059B022B40F3A3
:10C390008B804DE0129BC3F136035BE7019B5E1E71
:10C3A000069BB342BFBF069B0696F21A0D9BB6BF13
:10C3B0009B189E1B0D93019BB8BF0026002BB5BF99
:10C3C000A8EB0305019B0023454645E7069E089F11
:10C3D00045464AE7069A73E7059B012B18DC029B4A
:10C3E000B3B9039BC3F31303A3B9039B23F0004327
:10C3F0001B0D1B052BB1049B0133049308F10108AD
:10C40000012306930D9B002B7FF472AF012077E789
:10C410000023F6E7029BF4E784D018461C307CE743
:10C42000019B002B3ADC059B022B37DDDDF804B0C5
:10C43000BBF1000F0DD131465B460522204600F0CE
:10C440007EFF01460646504601F097F900283FF767
:10C45000BEAD099B009D6FEA03094FF0000831460D
:10C46000204600F055FF002F3FF4B4AEB8F1000FA6
:10C4700005D0B84503D04146204600F049FF394673
:10C48000204600F045FFA5E600263746E1E70C9E72
:10C49000DDF81C9037469AE500002440089BDDF843
:10C4A00004B0002B00F0F580002D05DD39462A464A
:10C4B000204601F003F90746069B002B55D079680A
:10C4C000204600F0F1FE3A6902320546920007F17B
:10C4D0000C010C30FDF712FB01222946204601F029
:10C4E000EDF8009B01330193009B5B440793029B93
:10C4F00003F00103B84606930746019B31465046B8
:10C5000003F1FF3BFFF773FA0346303302904146D5
:10C510005046089301F031F93A46049031462046DE
:10C5200001F047F9C268089B054602BB0146504628
:10C5300001F023F9089B024629462046CDE908323E
:10C5400000F0E6FE059B099A019D43EA0201069B65
:10C550000B43089B0DD1392B27D0049A002A01DD0B
:10C56000029B31338BF8003079E73846B9E7012276
:10C57000E2E70499002904DB05980143069801438A
:10C5800020D1002AEEDD514601222046019301F020
:10C5900095F83146824601F0F0F80028019B02DC54
:10C5A000E0D1DA07DED5392BDAD139238BF8003028
:10C5B0002B461D46013B15F8012C392A50D001327B
:10C5C0001A704CE7002A03DD392BEED00133C9E79E
:10C5D000019A079902F8013C8A422AD05146002369
:10C5E0000A22204600F0ABFEB84582464FF0000319
:10C5F0004FF00A024146204607D100F0A0FE8046D7
:10C600000746019B0133019377E700F098FE394616
:10C61000804600230A22204600F091FE0746F0E7FC
:10C62000BBF1000F009ACCBF5D46012515444FF0C9
:10C630000008514601222046019301F03FF831469F
:10C64000824601F09AF80028B2DC02D1019BDB0798
:10C65000AED42B461D4613F8012D302AFAD0FEE643
:10C66000009A9A42A5D1312309F101091370F6E627
:10C67000124BFFF7B5BA219B002B7FF48BAA104B0E
:10C68000FFF7AEBABBF1000F03DC059B022B3FF7AF
:10C69000CFAE009D31465046FFF7A9F900F13003B7
:10C6A00005F8013B009AAA1A9345B9DD51460023CB
:10C6B0000A22204600F043FE8246EBE7F92F0600EF
:10C6C000713106008A892DE9F041054610070C46B4
:10C6D00058D44B68002B05DC0B6C002B02DC0020CF
:10C6E000BDE8F081E66A002EF9D0002312F48052F2
:10C6F0002F682B6032D0606DA3895A0705D5636817
:10C70000C01A636B0BB1236CC01A00230246E66AA1
:10C71000216A2846B047431CA38906D129681D29F0
:10C720002CD82A4ACA40D60728D500226260D904EC
:10C730002269226004D5421C01D12B6803B96065CF
:10C74000616B2F600029CAD004F14403994202D0E2
:10C750002846FDF713FA00206063C1E7216A012330
:10C760002846B047411CC7D12B68002BC4D01D2BD5
:10C7700001D0162B01D12F60B1E7A38943F040030C
:10C78000A381ADE70F69002FA9D093070E6808BFFA
:10C790004B690F6018BF0023A6EB07088B60B8F148
:10C7A000000F9CDD216AA66A43463A462846B047F8
:10C7B000002806DCA38943F04003A3814FF0FF303B
:10C7C0008EE70744A8EB0008E9E700BF010040201E
:10C7D00038B50B6905460C4613B90025284638BD07
:10C7E00018B183690BB900F087F8144B9C421BD138
:10C7F0006C68B4F90C30002BEFD0626ED00704D413
:10C80000990502D4A06D00F076FC28462146FFF77A
:10C8100059FF636EDA070546E0D4A3899B05DDD492
:10C82000A06D00F069FCD9E7054B9C4201D1AC68D2
:10C83000DFE7044B9C4208BFEC68DAE7A031060052
:10C84000C031060080310600002310B50446C0E95F
:10C850000033C0E90433836081814366C281836110
:10C86000194608225C30FDF771F9054B6362054BF0
:10C87000A362054BE362054B2462236310BD00BF36
:10C88000B1DE0500D3DE05000BDF05002FDF05005C
:10C89000014900F0AFB800BFD1C7050070B54A1E0E
:10C8A000682555430E4605F17401FDF7B7F90446B6
:10C8B00040B10021C0E900160C30A06005F168020B
:10C8C000FDF744F9204670BD014800F014BC00BFDC
:10C8D00048C00020014800F00FBC00BF48C0002045
:10C8E000014800F008BC00BF47C00020014800F02C
:10C8F00003BC00BF47C0002010B50446FFF7F0FF9F
:10C90000A3691BB1BDE81040FFF7F0BFC4E91233C3
:10C910002365134B134A1B68A262A34204BF012381
:10C92000A361204600F020F86060204600F01CF86B
:10C93000A060204600F018F80022E0600421606842
:10C94000FFF782FFA06801220921FFF77DFFE06861
:10C9500002221221FFF778FF0123A361D2E700BF73
:10C96000D42F060091C80500F8B50746FFF7ACFFC5
:10C970001E4B1E68B36913B93046FFF7BDFF48363A
:10C98000D6E90134013B03D533680BB33668F7E7CA
:10C99000B4F90C50D5B9164BE36004F15800656644
:10C9A00000F0A8FBFFF796FFC4E90155C4E9045560
:10C9B0002560A5610822294604F15C00FDF7C6F850
:10C9C000C4E90D55C4E912552046F8BD6834D9E7CD
:10C9D00004213846FFF762FF044630600028D5D1B5
:10C9E000FFF778FF0C233B60EEE700BFD42F060073
:10C9F0000100FFFF2DE9F8430646884600F1480490
:10CA00000027D4E90195B9F1010905D52468002C66
:10CA1000F7D13846BDE8F883AB89012B07D9B5F9C2
:10CA20000E30013303D029463046C04707436835EE
:10CA3000E9E70369B3EB611F2DE9F0434FEA6112A7
:10CA400000F1140445DD11F01F0104EB830604EB33
:10CA500082050CD100F110072946B14234D39B1A4C
:10CA60009B00EA1E964238BF0023234415E054F889
:10CA70002270C1F12008CF4005F1040EA146764591
:10CA8000F44615D89B1A9A00043A0135AE4238BFD5
:10CA90000022A318A75007B104331A1BA3424FEA80
:10CAA000A20208BF0023026108BF4361BDE8F08312
:10CAB000DCF800C00CFA08FC4CEA070749F8047BD4
:10CAC0005EF8047BCF40DAE751F804CB47F804CF97
:10CAD000C3E72346E1E7A0F13003092B02D8203851
:10CAE000C0B27047A0F16103052B01D84738F7E7C2
:10CAF000A0F14103052B01D82738F1E7002070474A
:10CB00002DE9F04F2DED028B89B008EE100A049349
:10CB1000BC4B1B68019318468B469046FDF713FFEC
:10CB2000019BDBF800200344824613F8013C059387
:10CB3000931CC2F1FF2202F57F02FE32D1181F467C
:10CB400013F8010B00913028F8D0FFF7C4FF04461A
:10CB500000283AD1019952463846FDF7FCFE0546B9
:10CB6000002868D117F80A0007EB0A06FFF7B3FFA1
:10CB7000002862D03346187830281F4603F101039D
:10CB8000F9D0FFF7A8FF0123B0FA80F46409354615
:10CB900000933A46164601323078FFF79CFF002892
:10CBA000F8D1019952463046FDF7D5FE80B94DB90E
:10CBB00006EB0A052A46164601323078FFF78BFF4E
:10CBC0000028F8D1AD1BAD0004E000242546E0E7C5
:10CBD000002DF7D1337803F0DF03502B3BD173786E
:10CBE0002B2B2CD02D2B2ED0711C4FF00009087848
:10CBF000FFF771FF431EDBB2182B2CD8A0F11002F7
:10CC000011F8010FFFF767FF431EDBB2182B1DD988
:10CC1000B9F1000F00D052421544CBF80010E4B136
:10CC2000009B002B14BF00270627384609B0BDEC37
:10CC3000028BBDE8F08F3E4625460124CAE74FF03F
:10CC40000009B11CD3E74FF00109FAE70A2303FBFF
:10CC50000202103AD4E73146DFE7F31B013B2146DD
:10CC6000072B52DC18EE100A00F01EFB4FF0000BF1
:10CC700000F11409CAF101030446CDF80890CDF87B
:10CC800000B00693B74243D30298009B40F8043BA0
:10CC9000A0EB0900801046012061184600F0CBFB94
:10CCA000301AD8F80060B04266DD871B394620464E
:10CCB00000F018FF8246A8B17B1E591103F01F0235
:10CCC00059F821104FF0010A0AFA02F20A4209D07B
:10CCD000534505DDB91E204600F004FF002848D169
:10CCE0004FF0020A39462046FFF7A3FE3D44D8F82C
:10CCF0000830AB424FDA18EE100A214600F008FB6C
:10CD0000149A00231360A3278FE701315B10A7E774
:10CD1000731E059A039316F8013C934219D0BBF198
:10CD2000200F07D1029B009A43F8042B02930023A3
:10CD300000939B4616F8010CFFF7CDFE009B00F018
:10CD40000F0000FA0BF0034300930BF1040B039B5D
:10CD50000DE0039B069A1344BB42E0D318460199A9
:10CD600007935246FDF7F7FD079B0028D7D11E46D3
:10CD700088E74FF0030AB5E70ADA371A214618EEBA
:10CD8000100A3A4600F09AFCED1B044600F1140923
:10CD90004FF0000AABE7D8F80400A8426DDD451B50
:10CDA000AE4231DCD8F80C30022B23D0032B25D037
:10CDB000012B15D1AE4213D1012E0BD1049AD8F814
:10CDC0000430136001232361C9F80030149B6227EB
:10CDD0001C602AE7711E204600F084FE0028EDD179
:10CDE00018EE100A214600F093FA149A00231360FB
:10CDF00050271AE7159B002BF2D1DFE7159B002B7C
:10CE0000DCD1EDE7E43106006F1EBAF1000F31D13D
:10CE100027B13946204600F065FE82467B1101218C
:10CE200059F8233007F01F0701FA07F71F42294678
:10CE3000204618BF4AF0020A761BFFF7FAFDD8F821
:10CE400004500227BAF1000F48D0D8F80C30022B5A
:10CE500015D0032B17D0012B09D11AF0020F06D0E1
:10CE6000D9F800004AEA000A1AF0010F0ED147F083
:10CE7000100733E04FF0010AD0E70127E2E7159BE6
:10CE8000C3F101031593159B002BF0D0D4F810903B
:10CE900004F114034FEA890B03EB89014FF0000CF6
:10CEA000184653F8042BB2F1FF3F1CD00132026048
:10CEB000022F04F114033AD1D8F80020013AB2420B
:10CEC0000AD17111012253F8213006F01F0602FA2F
:10CED00006F61E4218BF174647F02007149B1C6039
:10CEE000049B1D60A1E6994243F804CCD8D8A368FE
:10CEF000994514DB616818EE100A013100F0D4F98D
:10CF00002269023204F10C01824692000C30FCF7D7
:10CF1000F5FD214618EE100A00F0FAF9544623698F
:10CF20005A1C04EB8303226101225A61C0E7226983
:10CF30004A450BDD01212046FFF77BFDD8F808307C
:10CF40000135AB42FFF6D7AE0127C5E716F01F0645
:10CF5000FAD09B44C6F120065BF8040C00F06BFA93
:10CF6000B042E7DBF0E700BFC2F10802920070B503
:10CF7000C2F120064368046803FA06F52C43D34047
:10CF8000046040F8043F8842F4D370BD30B50368B4
:10CF9000013311F8014B14B90360012030BD13F8BF
:10CFA000012BA2F14105192D98BF2032A242F0D0E9
:10CFB0000020F3E72DE9F04F0B6801685E1102EBEA
:10CFC000860613F01F0387B018BF04360025371FED
:10CFD00082469046019346F8045CB9463C46029569
:10CFE000AB464A784B1C039342B31046059104921A
:10CFF000FFF771FD00284FD1049A0599202A18D80F
:10D00000029B9B4513DD4C4506D2072D04DC2A46C6
:10D0100049462046FFF7A8FF444550D90023A4F114
:10D02000040944F8043CCDF808B04C461D46039969
:10D03000D7E7292A56D10231CAF80010BBF1000FF8
:10D0400050D04C4506D2072D04DC2A4649462046DE
:10D05000FFF78AFF444534D9A8F10402234653F868
:10D06000041B42F8041F9F42F9D23B1B23F0030329
:10D0700004330134033EB44288BF042343440022F6
:10D0800043F8042B9F42FBD23B681BB9474527D18D
:10D0900001233B60052026E00135082D0BF1010B33
:10D0A00006DD4445C3D9002344F8043C0125043C73
:10D0B000226800F00F0040EA02122260B7E708255C
:10D0C000B5E7019B002BDFD04FF0FF32C3F1200307
:10D0D00022FA03F356F8042C1A4046F8042CD3E73E
:10D0E000043FD1E7042007B0BDE8F08F0048704747
:10D0F0004469002070477047704770B50E46B1F91B
:10D100000E10002996B014461D4607DA00232B6046
:10D11000B3891A0610D44FF480630EE06A4600F01B
:10D1200039FF0028F2DB019A02F47042A2F50053A5
:10D130005A425A412A60EEE740230020236016B08D
:10D1400070BD00008B8973B59D0706460C4607D558
:10D1500004F14703236023610123636102B070BDC2
:10D1600001AB6A46FFF7C9FF009905463046FCF758
:10D1700055FD48B9B4F90C309A05EFD423F00303F8
:10D1800043F00203A381E3E70D4BB362A389206060
:10D1900043F08003A381009B6361019B20615BB12D
:10D1A000B4F90E10304600F007FF28B1A38923F030
:10D1B000030343F00103A381A0890543A581CDE7C3
:10D1C00091C8050082B001B901A942B14BB11378F1
:10D1D0000B601278101E18BF012002B07047104675
:10D1E000FBE76FF00100F8E700000000000000001E
:10D1F00001F0FF01102A2BDB10F0070F08D010F808
:10D20000013B013A8B422DD010F0070F42B3F6D10B
:10D21000F0B441EA012141EA014122F007047FF024
:10D2200000070023F0E80256083C85EA010586EA7B
:10D23000010685FA47F5A3FA87F586FA47F6A5FAB7
:10D2400087F68EB9EED1F0BC01F0FF0102F00702C3
:10D2500032B110F8013B013A83EA010313B1F8D16E
:10D260000020704701387047002D06BF354603384F
:10D27000073815F0010F07D1013015F4807F02BF88
:10D28000013015F4C03F0130F0BC0138704700BFD9
:10D290000148FFF730BF00BF44C000200148FFF73E
:10D2A0002BBF00BF44C0002070B5466A04460D463F
:10D2B0003EB91020F0F7C0FCC0E90166606206606C
:10D2C000C660666AF36883B1636ADB6853F8250059
:10D2D000B8B9012101FA05F6721D92002046FCF74B
:10D2E0003DFC60B1C0E901560EE021220421204638
:10D2F000FCF734FC636AF060DB68002BE4D10020AB
:10D3000070BD026843F825200023C0E90333F7E726
:10D3100070B5466A05460C463EB91020F0F78CFC05
:10D32000C0E9016668620660C6603CB16B6A62680B
:10D33000DB6853F82210216043F8224070BD2DE9CC
:10D34000F0410E69074698460C4601F1140000238F
:10D350000568A9B202FB01814FEA114C2D0C02FBBA
:10D3600005C589B2013301EB05419E4240F8041B1B
:10D370004FEA1548ECDCB8F1000F1BD0A368B342AC
:10D3800012DC616838460131FFF78EFF22690232F4
:10D3900004F10C01054692000C30FCF7AFFB21466E
:10D3A0003846FFF7B5FF2C4604EB86030136C3F879
:10D3B000148026612046BDE8F0812DE9F8430C4633
:10D3C00015461F4609220833064693FBF2F3002157
:10D3D00001229A4220DB3046FFF766FF089B43613B
:10D3E000092D4FF00103036119DD04F10909C84655
:10D3F0002C4418F8013B0146303B0A223046FFF727
:10D400009EFFA045F5D1A5F108044C442D1B6319DE
:10D41000BB4207DBBDE8F88352000131D9E70A348B
:10D420000925F3E714F8013B0146303B0A22304658
:10D43000FFF785FFEBE7030C1B04D3B900041023AF
:10D4400010F07F4F04BF0002083310F0704F04BF8C
:10D450000001043310F0404F04BF80000233002865
:10D4600005DB10F0804F03F1010308BF20231846AD
:10D4700070470023E4E7036813F0070201460BD06E
:10D48000DA0724D4980749BF5B089B0801200B608A
:10D490005CBF0B600220704798B2B0B91B0C102023
:10D4A00013F0FF0F04BF1B0A08301A0704BF1B0943
:10D4B00004309A0704BF9B080230DA0703D45B08E4
:10D4C00000F1010005D00B6070471046E8E700202E
:10D4D00070472020704710B50C460121FFF7E4FE8D
:10D4E00001224461026110BD2DE9F04F15460A6921
:10D4F0002B699A42B8BF0B460C46BCBF2C461D4652
:10D500002769D5F81090A368616807EB0906B34254
:10D51000B8BF013185B0FFF7C7FE00F1140101EB80
:10D5200086080B46002243451DD304F1140305F180
:10D53000140203EB870702EB890302933B1B153BA5
:10D5400023F00303043304F11505AF4238BF04236D
:10D550000193029B0392934208D8002E5ADC066185
:10D5600005B0BDE8F08F43F8042BDCE7B2F800A06B
:10D57000BAF1000F24D004F1140E89464FF0000CCC
:10D580005EF8045BD9F800B0ABB21FFA8BFB0AFB64
:10D5900003B34FEA154BD9F8005063444FEA154CDA
:10D5A0000AFB0BC505EB13459BB243EA05437745E0
:10D5B00049F8043B4FEA154CE2D8019B41F803C0FF
:10D5C000039BB3F802900432B9F1000F20D00B682E
:10D5D00004F1140C8E464FF0000ABCF80050BEF85F
:10D5E00002B009FB05B5AA449BB243EA0A434EF8D0
:10D5F000043B5CF8043BBEF800501B0C09FB0353D2
:10D6000003EB1A4367454FEA134AE6D8019D4B5195
:10D6100004319EE758F8043D002BA0D1013E9CE761
:10D620002DE9F843154612F0030206460F4607D0CF
:10D63000214C013A002354F82220FFF780FE0746D0
:10D64000AD1035D0746A3CB91020F0F7F5FAC0E996
:10D65000014470620460C460D6F82480D8F80840A1
:10D660004CB940F271213046FFF735FF0023C8F86E
:10D670000800044603604FF00009EB070AD539465D
:10D6800022463046FFF730FF394680463046FFF7E6
:10D690003FFE47466D100BD0206838B92246214620
:10D6A0003046FFF721FF2060C0F800900446E4E711
:10D6B0003846BDE8F88300BFE83206002DE9F047A0
:10D6C0000C464968236903EB6218A3680746914634
:10D6D0004FEA621A08F10106B3423FDB3846FFF712
:10D6E000E3FD0023054600F1140100F11002184685
:10D6F000534536DB20692AEAEA7A04F1140319F06B
:10D700001F0901EB8A0103EB800C2ED0C9F1200E1A
:10D710008A460022186800FA09F002434AF8042BEE
:10D7200053F8042B9C4522FA0EF2F3D8ACEB040319
:10D73000153B23F00303043304F11500604588BF53
:10D740000423CA500AB108F10206013E38462E6190
:10D750002146FFF7DDFD2846BDE8F08701315B007B
:10D76000BAE742F8040F0133C2E7043953F8042B37
:10D7700041F8042F9C45F9D8E7E730B502690C69F8
:10D78000121B0ED100F11403143103EB840001EBE2
:10D79000840150F8045D51F8044DA54203D005D32F
:10D7A0000122104630BD8342F3D3FAE74FF0FF3237
:10D7B000F7E72DE9F84F0C46064611462046174676
:10D7C000FFF7DBFF051E08D129463046FFF76CFD49
:10D7D0000123C0E90435BDE8F88FA4BF3B462746C6
:10D7E00030467968A6BF1C4600250125FFF75CFD81
:10D7F0003E69C560256907F1140104F1140900F1BF
:10D80000140E07F1100201EB860C09EB8505F246B8
:10D81000002759F8043B52F804BF1FFA83F817FA9F
:10D820008BF71B0CA7EB0808C3EB1B4303EB284348
:10D830001FFA88F81F144D4548EA03434AF8043B91
:10D84000E7D82B1B153B23F0030304331534A54203
:10D8500038BF0423194473449E460D4665450ED3D4
:10D860000CF10302521A22F0030203398C4538BF2F
:10D8700000221A4452F8043D7BB10661ABE755F82B
:10D88000048B17FA88F4221402EB1842A4B244EA7B
:10D8900002444EF8044B1714E0E7013EEAE70000AB
:10D8A00082B08DED000B019B12491940A1F150711E
:10D8B000002905DD00220B4643EC102B02B0704717
:10D8C0004942B1F1A07F4FEA21504FF000024FF0E2
:10D8D000000304DA4FF4002141FA00F3ECE7A0F171
:10D8E00014011E29DABF4FF0004020FA01F1012196
:10D8F0000A46E1E70000F07FF8B5056900F114077A
:10D9000007EB85052E1F55F8044C2046FFF793FDC5
:10D91000C0F120030A28DFF87CC00B6014DCC0F1E2
:10D920000B0E24FA0EF1B74241EA0C0334BF55F84E
:10D93000081C0021153004FA00F021FA0EF140EA2B
:10D94000010243EC102BF8BDB7423ABF55F8081C52
:10D95000A5F1080600210B3817D0C0F1200C04FAFD
:10D9600000F5BE4221FA0CF445EA04058CBF56F8D6
:10D97000044C002445F07F5301FA00F024FA0CF423
:10D9800043F4401340EA0402DBE744EA0C030A468E
:10D99000D7E700BF0000F03F2DE9F743894601219A
:10D9A00057EC106B9046FFF77FFCC7F30A5504460F
:10D9B000C7F3130335BB002E019328D068460096A9
:10D9C000FFF759FD009900B3019AC0F1200302FA54
:10D9D00003F30B43C24063610192019BA361002BDF
:10D9E00014BF022201222261D5B1A5F233450544BC
:10D9F000C9F80050C0F13500C8F80000204603B057
:10DA0000BDE8F08343F48013D5E76161E5E701A841
:10DA1000FFF731FD019B6361012222612030E3E7C2
:10DA200004EB8203A0F23240C9F800001869FFF746
:10DA300002FDC0EB4210DFE72DE9F74F884669464B
:10DA40008146FFF759FF01A9404655EC104BFFF7FF
:10DA500053FFD9F81030D8F81020A3EB020CDDE901
:10DA600000329B1A03EB4C1351EC100B002BD6BF6A
:10DA70000A462A46C3EB03338B462F46D4BF02EB3C
:10DA8000035B02EB0357204610EE102A5B46394633
:10DA9000FBF7D6FA41EC100B03B0BDE8F08F01396B
:10DAA00070B549111469013102F1140300EB8101D1
:10DAB00003EB8404051FA3420CD3A31A113B23F0EC
:10DAC00003031132A24288BF002318440023884276
:10DAD00005D370BD53F8046B45F8046FEBE740F8CD
:10DAE000043BF4E700F1140200694B11984210B5B1
:10DAF00011DB0ADD11F01F0107D052F8234024FA90
:10DB000001F000FA01F18C420BD102EB8303934246
:10DB100003D8002010BD0346F7E753F8041D002981
:10DB2000F5D00120F6E7F8B5074614460E4621B9B0
:10DB3000BDE8F8401146FCF771B822B9FCF71EF8B1
:10DB400025462846F8BD00F059FAA0420FD22146DA
:10DB50003846FCF763F805460028F2D031462246E5
:10DB6000FBF7CCFF31463846FCF708F8E9E73546C5
:10DB7000E7E72DE9F0478E689E4282460C469046C4
:10DB80001F4638D88A8912F4906F32D02568096907
:10DB9000A5EB0109656905EB450505EBD575013375
:10DBA0004B446D109D4238BF1D46530531D5294663
:10DBB000FCF734F8064650B90C23CAF80030A389A4
:10DBC00043F04003A3814FF0FF30BDE8F0872169A7
:10DBD0004A46FBF793FFA38923F4906343F0800345
:10DBE000A381266165614E44A5EB09052660A56009
:10DBF0003E46BE4200D93E46324620684146FBF7CB
:10DC00008BFFA36822689B1B3244A3602260002024
:10DC1000DBE72A46FFF787FF06460028E1D12169A6
:10DC20005046FBF7ABFFC7E72DE9F04F98468B89CD
:10DC30001B069DB007460D4614460ED50B6963B909
:10DC40004021FBF7EBFF2860286120B90C233B60E3
:10DC50004FF0FF30D1E040236B6100230993202374
:10DC60008DF82930CDF80C803023DFF8A8818DF8AD
:10DC70002A304FF0010923469A4613F8012B0AB1C6
:10DC8000252AF9D1BAEB040B0BD05B462246294674
:10DC90003846FFF76EFF013000F0AA80099A5A4417
:10DCA00009929AF80030002B00F0A28000234FF078
:10DCB000FF32CDE905230AF1010A049307938DF899
:10DCC00053301A935446052214F8011B5148FFF7AC
:10DCD0008FFA049AD8B9D00644BF20238DF8533068
:10DCE000110744BF2B238DF853309AF800302A2BAC
:10DCF00015D0079A544600204FF00A0C214611F81F
:10DD0000013B303B092B4ED9B0B1079214E0A0EB98
:10DD1000080309FA03F313430493A246D2E7039BD3
:10DD2000191D1B680391002BBBBF5B4242F002022E
:10DD300007930793B8BF049223782E2B0CD16378F6
:10DD40002A2B35D1039B1A1D1B680392002BB8BFE9
:10DD50004FF0FF3302340593DFF8C8A02178032287
:10DD60005046FFF745FA40B14023A0EB0A0003FA02
:10DD700000F0049B03430134049314F8011B26486C
:10DD80008DF828100622FFF733FA002838D0234BED
:10DD90001BBB039B073323F0070308330393099B43
:10DDA0003344099367E70CFB02320C460120A5E7D8
:10DDB00000230134059319464FF00A0C204610F851
:10DDC000012B303A092A03D9002BC5D00591C3E7AE
:10DDD0000CFB012104460123F0E703AB00932A4624
:10DDE0000F4B04A93846FCF76DF9421C0646D6D104
:10DDF000AB895B063FF52CAF09981DB0BDE8F08FED
:10DE000003AB00932A46064B04A93846FCF7FEFBF9
:10DE1000EBE700BFD82F0600E22F0600C5A00500E3
:10DE200073DB0500DE2F06001F2938B504460D46BA
:10DE300004D9162303604FF0FF3038BD426C12B195
:10DE400052F821304BB9204600F030F82A460146FE
:10DE50002046BDE8384000F017B8012B0AD0591C05
:10DE600003D1162303600120E7E7002442F8254090
:10DE7000284698470020E0E7024B01461868FFF764
:10DE8000D3BF00BFEC67002038B5074D0023044620
:10DE9000084611462B6000F021F9431C02D12B6883
:10DEA00003B1236038BD00BF50C0002000F006B9A8
:10DEB00010B50C46B1F90E1000F0A8F80028ABBF61
:10DEC000636DA3891B1823F48053ACBF6365A381E2
:10DED00010BD2DE9F0411F468B89DB0505460C4638
:10DEE000164605D5B1F90E100223002200F074F891
:10DEF000A389B4F90E1023F48053A38132463B4624
:10DF00002846BDE8F04100F023B810B50C46B1F941
:10DF10000E1000F061F8431CA38915BF606523F45F
:10DF2000805343F48053A38118BFA38110BDB1F97E
:10DF30000E1000F01FB849B1FF2A85BF8A23036085
:10DF40000A704FF0FF3098BF0120704708467047B5
:10DF500038B5074D04460846114600222A601A4685
:10DF6000F2F7C4F9431C02D12B6803B1236038BD1A
:10DF700050C0002038B5064D0023044608462B60EB
:10DF800000F08CF8431C02D12B6803B1236038BD2C
:10DF900050C0002038B5074D0023044608461146FE
:10DFA0002B6000F083F8431C02D12B6803B123607F
:10DFB00038BD00BF50C0002038B5064D00230446D0
:10DFC00008462B6000F082F8431C02D12B6803B195
:10DFD000236038BD50C0002038B5074D04460846C0
:10DFE000114600222A601A4600F080F8431C02D134
:10DFF0002B6803B1236038BD50C0002051F8043CA9
:10E00000181F002BBCBF0B58C018704738B5074D00
:10E0100004460846114600222A601A4600F06EF8AF
:10E02000431C02D12B6803B1236038BD50C00020CF
:10E0300038B50022002304460D46FBF749F928B9FC
:10E0400020462946BDE8384000F00AB8204605F1D0
:10E05000004100F005F8404261EB410138BD00BFCE
:10E06000D0B50C4B002206460F46FAF7BFFEFBF771
:10E0700095F90446FAF740FE074B0022FAF7B6FE80
:10E0800002460B4630463946FAF7F8FCFBF786F9AC
:10E090002146D0BD0000F03D0000F041024B582267
:10E0A0001A604FF0FF30704750C00020024B5822DA
:10E0B0001A604FF0FF30704750C00020024B5822CA
:10E0C0001A604FF0FF30704750C00020024B5822BA
:10E0D0001A600020704700BF50C00020024B582239
:10E0E0001A604FF0FF30704750C00020024B58229A
:10E0F0001A604FF0FF30704750C00020024B58228A
:10E100001A604FF0FF30704750C00020FEE700BF9C
:10E11000F8B500BFF8BC08BC9E467047F8B500BF14
:10E12000F8BC08BC9E4670474552524F523A2000F8
:10E1300053656E736F72206E6F7400006465746552
:10E14000637465642E0000004552524F523A204ECF
:10E150006F20667265652074696D657273000000DA
:10E160004E6F206A6F79737469636B005472792003
:10E170006361626C652E00004D616B6572734D6169
:10E180006B696E674368616E676500004C69705328
:10E19000796E63204D6F7573650000004552524FD4
:10E1A000523A204D6F7574687069656365207072AE
:10E1B0006573737572652073656E736F7220746911
:10E1C0006D656F75740000004552524F523A204100
:10E1D0006D6269656E742070726573737572652007
:10E1E00073656E736F722074696D656F757400006E
:10E1F0004552524F523A20436F756C646E2774201B
:10E2000066696E64204C5053333548572063686903
:10E21000700000004552524F523A20436F756C64B3
:10E220006E27742066696E64204C5053323220632E
:10E23000686970003C526561736F6E3E00000000BB
:10E2400045786974204D656E7500000043656E74F5
:10E250006572205265736574000000004D6F64653F
:10E2600000000000437572736F722053706565641F
:10E27000000000004D6F7265000000004578697471
:10E280000000000073657474696E67733F000000DE
:10E29000436F6E6669726D002E2E2E204261636B95
:10E2A000000000004D4F55534520555342000000DB
:10E2B0004D4F5553452042540000000047414D4505
:10E2C00050414420000000006D6F64653F00000075
:10E2D00053706565643A2000496E637265617365C9
:10E2E0000000000044656372656173650000000012
:10E2F000536F756E640000004C6967687420427249
:10E30000696768746E657373000000005363726F11
:10E310006C6C2053706565640000000053697020C8
:10E32000262050756666000046756C6C2043616C53
:10E330006962726174696F6E0000000052657374E7
:10E34000617274204C697053796E63004661637426
:10E350006F7279205265736574000000496E666FB4
:10E3600000000000536F756E643A00003C3E0000F0
:10E370005475726E203C3E004C69676874733A2095
:10E3800000000000536970205468726573686F6CF8
:10E390006400000050756666205468726573686F8B
:10E3A0006C6400005369703A200000005075666686
:10E3B0003A20000052657374617274004C697053A6
:10E3C000796E633F00000000526573657420746FBE
:10E3D0000000000064656661756C74733F000000A6
:10E3E00041726520796F7500737572653F0000009A
:10E3F00056657273696F6E0049440000534146458B
:10E40000204D4F44450000004F7074696F6E733AA1
:10E41000000000004D616B657273204D616B696E89
:10E4200067204368616E676500000000202020209F
:10E4300020202020202020202020202020202020DC
:10E4400020202020202020202020202020202000EC
:10E450003E000000526561647920746F0000000086
:10E46000757365004D6F64653A0000005553422096
:10E470004D6F7573650000004254204D6F757365D4
:10E48000000000005553420047616D6570616400F3
:10E490004572726F7200000043656E746572000011
:10E4A00072657365742C20646F0000006E6F7420B9
:10E4B0006D6F7665000000006A6F79737469636B35
:10E4C00000000000636F6D706C65746500000000F3
:10E4D000466F6C6C6F7700006F6E207363726565BA
:10E4E0006E00000070726F6D70747300486F6C6422
:10E4F00000000000746F70206C65667400000000FE
:10E50000746F70207269676874000000626F7474C1
:10E510006F6D000052656C656173652C0000000032
:10E52000646F206E6F7400004A6F79737469636B57
:10E530000000000063616C696272617465640000D0
:10E540004D6F76656D656E7400000000746F6F200E
:10E55000736D616C6C2E000052657475726E65642B
:10E5600000000000746F2064656661756C742E0095
:10E570005475726E206F6666000000004F464600BC
:10E580005475726E206F6E00496E636F72726563B0
:10E590007400000066756C6C2063616C69622E000B
:10E5A0006D6179206361757365000000647269664E
:10E5B000742E0000546869732077696C6C00000049
:10E5C000657261736520616C6C0000006375737423
:10E5D0006F6D000073657474696E677300000000EE
:10E5E000560000004C535F004E6F205553422E00E2
:10E5F000557365206D656E7500000000746F2063B3
:10E6000068616E67650000006D6F6465732E0000C1
:10E6100052455354415254494E472E2E2E0000006D
:10E62000464143544F52590052455345542E2E2EC5
:10E63000000000004552524F523A20446973706CFA
:10E640006179206E6F74206465746563746564001D
:10E650004552524F523A204E6F2073656E736F725F
:10E660007320646574656374656420696E206A6FE5
:10E6700079737469636B2E20436865636B20696EE0
:10E6800074657266616365206361626C652E00006B
:10E690004552524F523A204A6F79737469636B2026
:10E6A00073656E736F72206E6F742064657465633A
:10E6B0007465642E000000004552524F523A204DBE
:10E6C0006F757468706965636520507265737375E2
:10E6D00072652053656E736F72206E6F742064656F
:10E6E0007465637465642E004552524F523A20415E
:10E6F0006D6269656E742050726573737572652002
:10E7000053656E736F72206E6F74206465746563F9
:10E710007465642E000000004552524F523A204466
:10E720006973706C61793A204E6F7420666F756EF4
:10E73000640000004552524F523A20416D626965B3
:10E740006E742050726573737572652053656E73B5
:10E750006F723A204E6F7420666F756E6400000011
:10E760004552524F523A204D6F7574687069656317
:10E77000652050726573737572652053656E736F93
:10E78000723A204E6F7420666F756E640000000050
:10E790004552524F523A204A6F79737469636B2025
:10E7A00053656E736F723A204E6F7420666F756E8C
:10E7B00064000000494E2C30000000007C00000086
:10E7C00053554343455353004D414E55414C000072
:10E7D0002C00000052532C31000000004641494CEF
:10E7E000000000004A562C3000000000494E2C3139
:10E7F000000000004552524F523A204E6F2074697B
:10E800006D6572732061726520696E207573652E67
:10E810000000000042555A5A455220544553542096
:10E820004143544956415445440000005445535413
:10E830005F4D4F44455F42555A5A45523A20506CFD
:10E840006179696E67207374617274757020736F7B
:10E85000756E642E00000000544553545F4D4F44C4
:10E86000455F42555A5A45523A20506C6179696E5B
:10E870006720726561647920736F756E64732E0012
:10E88000544553545F4D4F44455F42555A5A455283
:10E890003A20506C6179696E67206572726F7220E0
:10E8A000736F756E642E0000544553545F4D4F4492
:10E8B000455F42555A5A45523A20506C6179696E0B
:10E8C0006720636F726E65722063616C696272614A
:10E8D00074696F6E20736F756E642E0054455354C7
:10E8E0005F4D4F44455F42555A5A45523A20506C4D
:10E8F0006179696E672063656E7465722063616C0F
:10E900006962726174696F6E20736F756E642E0038
:10E91000544553545F4D4F44455F42555A5A4552F2
:10E920003A20506C6179696E672073687574646F02
:10E93000776E20736F756E642E000000534F554E36
:10E9400044205445535420434F4D504C45544500AA
:10E950005741544348444F47205445535420414362
:10E960005449564154454400544553545F4D4F4417
:10E97000455F5741544348444F473A2044656C61D2
:10E9800079696E67206C6F6E676572207468616E5E
:10E99000207761746368646F672072657365742E95
:10E9A0002E2E0000544553545F4D4F44455F574150
:10E9B000544348444F473A20434F4E465F574154D3
:10E9C0004348444F475F54494D454F55545F534565
:10E9D000433A0000544553545F4D4F44455F5741FF
:10E9E000544348444F473A54455354204641494CB8
:10E9F000454400005741544348444F472054455331
:10EA00005420434F4D504C45544500004552524F01
:10EA1000523A20496E76616C69642054696D657262
:10EA20002049443A2000000044454255472C31001B
:10EA300044454255472C320044454255472C33004B
:10EA400044454255472C340044454255472C350037
:10EA500050562C30000000004C454420544553547F
:10EA600020414354495641544544000054455354B1
:10EA70005F4D4F44455F4C45443A20416C6C204CFF
:10EA80004544204F46460000544553545F4D4F4483
:10EA9000455F4C45443A204C656674204C45442003
:10EAA0004F4E0000544553545F4D4F44455F4C4515
:10EAB000443A204D6964646C65204C4544204F4EB7
:10EAC00000000000544553545F4D4F44455F4C4592
:10EAD000443A205269676874204C4544204F4E00E8
:10EAE000544553545F4D4F44455F4C45443A204193
:10EAF0004C4C204C4544204F46460000544553544E
:10EB00005F4D4F44455F4C45443A204D6963726FF9
:10EB1000204C454420426C75650000005445535418
:10EB20005F4D4F44455F4C45443A204D6963726FD9
:10EB3000204C454420507572706C65005445535408
:10EB40005F4D4F44455F4C45443A204D6963726FB9
:10EB5000204C454420526564000000005445535445
:10EB60005F4D4F44455F4C45443A204D6963726F99
:10EB7000204C4544204F72616E67650054455354E4
:10EB80005F4D4F44455F4C45443A204D6963726F79
:10EB9000204C45442059656C6C6F770054455354A4
:10EBA0005F4D4F44455F4C45443A204C65667420A8
:10EBB0004C4544204272696768746E657373000047
:10EBC000544553545F4D4F44455F4C45443A2045AE
:10EBD00072726F7220330000544553545F4D4F449E
:10EBE000455F4C45443A204C4544204445464155F8
:10EBF0004C540000544553545F4D4F44455F4C45C1
:10EC0000443A205445535420434F4D504C455445AD
:10EC1000000000005465737420436F6D706C657460
:10EC2000650000005254000052542C3100000000D6
:10EC30004552524F523A0000204341424C45000099
:10EC4000204A4F59535449434B000000205052452D
:10EC5000535355524500000020414D4249454E5402
:10EC6000000000004552524F522D253033750000F0
:10EC700053414645204D4F44453A20002048756297
:10EC800000000000487562005761746368646F6734
:10EC9000000000005741524E494E473A205341462A
:10ECA00045204D4F444520454E41424C4544202D82
:10ECB0002048756220427574746F6E730000000006
:10ECC0005741524E494E473A2053414645204D4FF9
:10ECD000444520454E41424C4544202D2057617407
:10ECE0006368646F670000005741524E494E473ACF
:10ECF0002053414645204D4F444520454E41424C0E
:10ED00004544202D204861726477617265000000DF
:10ED10005741524E494E473A2053414645204D4FA8
:10ED2000444520454E41424C4544000052656174C3
:10ED300074656D7074696E6720555342204D6F7510
:10ED4000736520005265617474656D7074696E67D7
:10ED5000205553422047616D6570616420000000BA
:10ED600053522C31000000002F2F272722225C5CF9
:10ED70006208660C6E0A720D740900007472756583
:10ED80000000000066616C73650000006E756C6CBD
:10ED9000000000004552524F523A2064657365727C
:10EDA00069616C697A654A736F6E282920666169AA
:10EDB0006C65643A20000000434100002F736574C5
:10EDC00074696E67732E74787400000043412C30B0
:10EDD000000000004F4D00004E6F6E650000000007
:10EDE000426C756500000000507572706C65000023
:10EDF0004D6167656E74610050696E6B00000000C4
:10EE0000526564004F72616E6765000059656C6CF5
:10EE10006F770000477265656E0000005465616C95
:10EE20000000000057686974650000004D4E000046
:10EE3000564E000031000000434D0000494E0000D6
:10EE4000495A00004F5A0000415600005353000039
:10EE5000534C000050560000535400005054000022
:10EE6000534D00004C4D00004C4C00004348000046
:10EE7000444D00004A560000535200005253000017
:10EE80004652000053455454494E47530000000079
:10EE900045584954000000007B224D4E223A302C48
:10EEA00022564E31223A342C22564E32223A312CFE
:10EEB00022564E33223A302C224944223A302C2218
:10EEC0004F4D223A312C22434D223A312C225353BA
:10EED000223A352C22534C223A352C225354223AD2
:10EEE000332E302C225054223A332E302C224156CD
:10EEF000223A302C22495A223A302E30372C224FD7
:10EF00005A223A302E39352C22434130223A5B3096
:10EF10002E302C302E305D2C22434131223A5B2D95
:10EF200031332E302C31332E305D2C2243413222AE
:10EF30003A5B31332E302C31332E305D2C2243415D
:10EF400033223A5B31332E302C2D31332E305D2C71
:10EF500022434134223A5B2D31332E302C2D313374
:10EF60002E305D2C22534D223A312C224C4D223A28
:10EF7000312C224C4C223A352C22444D223A307D01
:10EF8000000000004D4E2C3000000000564E3100B5
:10EF9000564E3200564E3300564E2C3000000000C4
:10EFA0004F4D2C30000000004F4D2C310000000070
:10EFB00053532C300000000053532C31000000004C
:10EFC000534C2C3000000000534C2C31000000004A
:10EFD00041562C300000000041562C31000000004A
:10EFE000434D2C30000000005553424445425547E4
:10EFF0003A20626567696E436F6D4F704D6F64654F
:10F000003A2053616665204D6F646500434D2C3195
:10F01000000000004368616E67696E6700000000D1
:10F020006D6F64652E00000052656C65617365004C
:10F030006A6F79737469636B2E000000534D2C3036
:10F04000000000004552524F523A20446973706CE0
:10F050006179205353443133303620616C6C6F63D7
:10F060006174696F6E206661696C65640000000000
:10F07000534D2C31000000004C4D2C30000000009E
:10F080004C4D2C31000000004C4C2C300000000096
:10F090004C4C2C3100000000444D2C30000000008E
:10F0A000444D2C3100000000495A2C300000000073
:10F0B000495A2C31000000004F5A2C30000000004B
:10F0C0004F5A2C310000000053542C300000000037
:10F0D00053542C310000000050542C30000000002C
:10F0E00050542C3100000000464143544F525920E7
:10F0F00052455345542054524947474552454400D0
:10F1000046522C31000000004163746976617469D5
:10F110006E6720736F6674776172652072657365C0
:10F120007400000045786974696E670043482C31AB
:10F130000000000052656C656173656420616C6C51
:10F140000000000049442C300000000043412C0026
:10F1500000000000000000007973020071730200DB
:10F1600081730200CDCCCC3D0AD7233C17B7D138F0
:10F1700077CC2B329595E6241FB14F0A0000204131
:10F180000000C84200401C4620BCBE4CCA1B0E5AA0
:10F19000AEC59D74000000009A9999999999B93F5C
:10F1A0007B14AE47E17A843F2D431CEBE2361A3FD5
:10F1B0003A8C30E28E79453EBC89D897B2D29C3CDD
:10F1C00033A7A8D523F649393DA7F444FD0FA5324E
:10F1D0009D978CCF08BA5B25436FAC642806C80A9C
:10F1E0000000000000002440000000000000594022
:10F1F000000000000088C3400000000084D7974151
:10F200000080E03779C34143176E05B5B5B8934622
:10F21000F5F93FE9034F384D321D30F94877825AEE
:10F220003CBF737FDD4F157580F2050074F2050059
:10F2300064F2050054F2050048F2050040F20500B2
:10F24000546F6F44656570004E6F4D656D6F7279D8
:10F2500000000000496E76616C6964496E707574D7
:10F2600000000000496E636F6D706C657465496ED7
:10F2700070757400456D707479496E707574000016
:10F280004F6B0000000000000001010005030203B5
:10F29000000503030200050304010505020503053B
:10F2A0000502060100050307030005030801000528
:10F2B0000309030005030A020005030B020005030E
:10F2C0000C000005030D000005030E040200000FF2
:10F2D00004020002100105050311030505031200D5
:10F2E00000000013050005031405000003150105C7
:10F2F000000316030500031704050500180405059F
:10F3000000000000000000000000000000000000FD
:10F3100000000000020106161600000000000000B8
:10F32000E80300000204080000000000E8030000F9
:10F33000B80B00000213131400000000B80B00000B
:10F34000401F00000102071515000000000000002A
:10F35000E80300000105090000000000E8030000C8
:10F36000B80B000001030A0000000000B80B000009
:10F37000401F00000000000000000000000000002E
:10F380000000000002010616160000000000000048
:10F39000E80300000204080000000000E803000089
:10F3A000B80B00000213131400000000B80B00009B
:10F3B000401F0000010207151500000000000000BA
:10F3C000E80300000105090000000000E803000058
:10F3D000B80B000001030A0000000000B80B000099
:10F3E000401F000003131314000000000000000081
:10F3F000E803000000000000000000000000000022
:10F4000000000000010106161600000000000000C8
:10F41000E80300000104080000000000E803000009
:10F42000B80B00000113131400000000B80B00001B
:10F43000401F000002030A0000000000000000005E
:10F44000E803000002000B0000000000E8030000D9
:10F45000B80B0000020E0E0000000000B80B000008
:10F46000401F000004020715150000000000000006
:10F47000E80300000405090000000000E8030000A4
:10F48000B80B00000403000000000000B80B0000EF
:10F49000401F0000051313140000000000000000CE
:10F4A000B80B000005010906A1018501050719E057
:10F4B00029E7150025019508750181029501750858
:10F4C000810105081901290595057501910295012C
:10F4D00075039101050719002AFF00150026FF009A
:10F4E000950675088100C005010902A10185020980
:10F4F00001A10005091901290515002501950575CA
:10F500000181029501750381010501093009311559
:10F5100081257F95027508810609381581257F951B
:10F520000175088106050C0A38021581257F9501B1
:10F5300075088106C0C0000005010905A10115007C
:10F5400025013500450175019508050919012908AE
:10F550008102050126FF0046FF00093009317508C8
:10F5600095028102C00000000000000000000000C1
:10F57000A1A10300D9A1030091A1030099A1030057
:10F58000C9A10300D1A1030095A1030054696E79BC
:10F590005553422053657269616C00000000000001
:10F5A000000000002DA90300E5A80300D5A8030072
:10F5B00051A803009DA8030071A80300C9A8030077
:10F5C00069A70300F0FFFFFF0000000099A90300F6
:10F5D00053656565640000005849414F206E5246EE
:10F5E000353238343000000030313233343536377C
:10F5F00038394142434445460000000012010002F0
:10F600000000004086284480000101020301000040
:10F6100009020900000100A0320000000000000003
:10F6200000000000E9AE0300416461667275697410
:10F63000000000004D6173732053746F7261676541
:10F6400000000000312E300075736264000000007D
:10F65000050F3900021810050038B60834A909A0B2
:10F66000478BFDA0768815B665000101011C1005C9
:10F6700000DF60DDD88945C74C9CD2659D9E648AB9
:10F680009F00000306B20002000000004DB5030019
:10F69000C5B50300F1B50300E9B60300A9B703003F
:10F6A0000000000049C2030059C2030069C2030000
:10F6B000FDC2030031C403000000000089BA03004A
:10F6C00099BA0300A9BA030069BB030069BD03002E
:10F6D0000000000049BE0300A9BE0300D1BE030024
:10F6E00001C0030005C003000000000005CB0300BB
:10F6F00061CB030081CB0300FDB2030069CC0300A2
:10F7000000000000000101011100000000000000E5
:10F710000000000059F8030071F803008DF80300A1
:10F7200089FA03000000000000000000C901040085
:10F73000ED010400100018000000C80000000000E7
:10F740000000000019170400191704001D17040019
:10F7500000000000000000000000000095170400F9
:10F76000991704005075626C6963000053746174EA
:10F770006963000050726976617465205265736F29
:10F780006C7661626C650000507269766174652008
:10F790004E6F6E205265736F6C7661626C6500000F
:10F7A000424C4500534F430064F705006CF70500D9
:10F7B00074F7050088F7050001000007110000003C
:10F7C000D8ECF0F4F8FC000203040506070800007A
:10F7D000312E312E313300004164616672756974D7
:10F7E00020496E64757374726965730000000000CF
:10F7F0000000000019170400191704002523040055
:10F80000080002000500000005010906A1018501AC
:10F81000050719E029E71500250195087501810202
:10F8200095017508810105081901290595057501DE
:10F830009102950175039101050719002AFF001532
:10F840000026FF00950675088100C0050C0901A17E
:10F85000018502150026FF0319002AFF0395017593
:10F86000108100C005010902A10185030901A10061
:10F870000509190129051500250195057501810264
:10F880009501750381010501093009311581257F35
:10F8900095027508810609381581257F950175083F
:10F8A0008106050C0A38021581257F9501750881AE
:10F8B00006C0C0000000000000000000191704008E
:10F8C000191704007124040000000000000000006B
:10F8D0001917040019170400B92904002F61646185
:10F8E00066727569742F626F6E645F707270680003
:10F8F0002F61646166727569742F626F6E645F63F5
:10F900006E7472002F61646166727569742F626F24
:10F910006E645F707270682F25303258253032580F
:10F92000253032582530325825303258253032585B
:10F93000000000002F61646166727569742F626F48
:10F940006E645F636E74722F2530325825303258E2
:10F95000253032582530325825303258253032582B
:10F9600000000000253032583A253032583A253010
:10F9700032583A253032583A253032583A2530320A
:10F98000580000000000000000000000000000001F
:10F990000338FDD8704700000000000000000000A0
:10F9A000D544040029460400F94404004C50533265
:10F9B000585F50004C505332585F54000000000014
:10F9C000000000000000000000000000B9DB04009F
:10F9D0000000000000000000854604009546040079
:10F9E0007D46040011490400E946040000000000BF
:10F9F0000000000081460400894604007D460400A2
:10FA0000DD480400A146040000000000E8030100F6
:10FA100000000000000101000A0000010000640075
:10FA2000010101000A0000000000FF000004F004D2
:10FA30000001FF0000040F000002FF0000050F009E
:10FA40000003F0040006FF0000030C0200030300A3
:10FA500000051004000718030008FF0000091F003C
:10FA60000101800701016005010104020101020199
:10FA70000101010001038007010340060103200585
:10FA8000010118030102FF0001031F000000000034
:10FA900000000000254F0400294F04002F00000043
:10FAA0000000000000000000B15204002D510400CD
:10FAB00091A10300DD510400555204006D51040072
:10FAC00021520400626C6F636B203C206C66732DC6
:10FAD0003E6366672D3E626C6F636B5F636F756E2E
:10FAE000740000002F686F6D652F72756E6E657201
:10FAF0002F2E61726475696E6F31352F7061636B83
:10FB0000616765732F536565656475696E6F2F68EE
:10FB1000617264776172652F6E726635322F312E95
:10FB2000312E31332F6C69627261726965732F41B6
:10FB3000646166727569745F4C6974746C65465370
:10FB40002F7372632F6C6974746C6566732F6C66A7
:10FB5000732E630068656164203E3D2032202626B6
:10FB60002068656164203C3D206C66732D3E6366B1
:10FB7000672D3E626C6F636B5F636F756E74000020
:10FB80007063616368652D3E626C6F636B203D3D01
:10FB90002030786666666666666666006E626C6FC2
:10FBA000636B203E3D2032202626206E626C6F6300
:10FBB0006B203C3D206C66732D3E6366672D3E6274
:10FBC0006C6F636B5F636F756E740000656E74724B
:10FBD000792E642E74797065203D3D204C46535F2C
:10FBE000545950455F52454700000000726573004C
:10FBF0006C66732D3E6366672D3E6C6F6F6B61683C
:10FC00006561642025203332203D3D203000000016
:10FC10006C66732D3E6366672D3E6C6F6F6B61681B
:10FC2000656164203E2030006C66732D3E6366671C
:10FC30002D3E70726F675F73697A652025206C6650
:10FC4000732D3E6366672D3E726561645F73697AEA
:10FC500065203D3D203000006C66732D3E63666775
:10FC60002D3E626C6F636B5F73697A652025206C33
:10FC700066732D3E6366672D3E70726F675F7369B2
:10FC80007A65203D3D203000342A6C66735F6E70CB
:10FC900077322830786666666666666666202F204C
:10FCA000286C66732D3E6366672D3E626C6F636BD6
:10FCB0005F73697A652D322A342929203C3D206CF6
:10FCC00066732D3E6366672D3E626C6F636B5F7378
:10FCD000697A65006C6974746C6566730000000075
:10FCE0006C66735F63616368655F72656164000081
:10FCF0006C66735F63616368655F70726F67000055
:10FD00006C66735F63747A5F66696E6400000000FE
:10FD10006C66735F63747A5F657874656E64000007
:10FD20006C66735F66696C655F73796E6300000073
:10FD30006C66735F72656D6F766500006C66735FED
:10FD4000696E697400000000000000006410B71DB7
:10FD5000C8206E3BAC30D9269041DC76F4516B6BF9
:10FD60005861B24D3C7105502083B8ED44930FF0BB
:10FD7000E8A3D6D68CB361CBB0C2649BD4D2D38671
:10FD800078E20AA01CF2BDBD0000000000000000E7
:10FD9000A5A90400B9A9040000000000003E5B4FC3
:10FDA0005B3E3E6B4F6B3E1C3E7C3E1C183C7E3CDB
:10FDB000181C577D571C1C5E7F5E1C00183C1800E9
:10FDC000FFE7C3E7FF0018241800FFE7DBE7FF3079
:10FDD000483A060E2629792926407F050507407FE7
:10FDE00005253F5A3CE73C5A7F3E1C1C08081C1C5A
:10FDF0003E7F14227F22145F5F005F5F06097F0150
:10FE00007F006689956A606060606094A2FFA2943A
:10FE100008047E040810207E201008082A1C080808
:10FE20001C2A08081E101010100C1E0C1E0C303856
:10FE30003E3830060E3E0E06000000000000005F57
:10FE400000000007000700147F147F14242A7F2A73
:10FE50001223130864623649562050000807030035
:10FE6000001C2241000041221C002A1C7F1C2A0881
:10FE7000083E0808008070300008080808080000E4
:10FE800060600020100804023E5149453E00427F58
:10FE9000400072494949462141494D331814127FA7
:10FEA0001027454545393C4A494931412111090747
:10FEB0003649494936464949291E000014000000C8
:10FEC000403400000008142241141414141400419A
:10FED00022140802015909063E415D594E7C121157
:10FEE000127C7F494949363E414141227F4141418F
:10FEF0003E7F494949417F090909013E414151730A
:10FF00007F0808087F00417F41002040413F017F7A
:10FF1000081422417F404040407F021C027F7F0442
:10FF200008107F3E4141413E7F090909063E41518B
:10FF3000215E7F09192946264949493203017F017B
:10FF4000033F4040403F1F2040201F3F4038403F7C
:10FF5000631408146303047804036159494D430092
:10FF60007F4141410204081020004141417F0402C9
:10FF70000102044040404040000307080020545460
:10FF800078407F284444383844444428384444283E
:10FF90007F385454541800087E090218A4A49C7891
:10FFA0007F0804047800447D40002040403D007FED
:10FFB0001028440000417F40007C047804787C08CD
:10FFC0000404783844444438FC18242418182424A1
:10FFD00018FC7C08040408485454542404043F4486
:10FFE000243C4040207C1C2040201C3C4030403CB5
:10FFF00044281028444C9090907C4464544C440015
:0200000260009C
:100000000836410000007700000041360800020178
:100010000204023C2623263C1EA1A161123A404064
:10002000207A3854545559215555794122545478E1
:1000300042215554784020545579400C1E5272127A
:100040003955555559395454545939555454580003
:1000500000457C410002457D420001457C407D1207
:1000600011127DF0282528F07C5455450020545469
:100070007C547C0A097F4932494949323A44444414
:100080003A324A4848303A4141217A3A424020784F
:10009000009DA0A07D3D4242423D3D4040403D3C50
:1000A00024FF2424487E4943662B2FFC2F2BFF0975
:1000B00029F620C0887E0903205454794100004469
:1000C0007D413048484A32384040227A007A0A0A54
:1000D000727D0D19317D2629292F282629292926C7
:1000E00030484D4020380808080808080808382F0C
:1000F00010C8ACBA2F102834FA00007B0000081496
:100100002A142222142A14085500550055AA55AA6B
:1001100055AAFF55FF55FF000000FF00101010FF0B
:1001200000141414FF001010FF00FF1010F010F066
:10013000141414FC001414F700FF0000FF00FF1457
:1001400014F404FC141417101F10101F101F1414A3
:10015000141F00101010F0000000001F10101010ED
:100160001F10101010F010000000FF1010101010E1
:1001700010101010FF10000000FF140000FF00FF1F
:1001800000001F10170000FC04F4141417101714BB
:1001900014F404F40000FF00F714141414141414DD
:1001A000F700F7141414171410101F101F14141450
:1001B000F4141010F010F000001F101F0000001FBA
:1001C00014000000FC140000F010F01010FF10FFED
:1001D000141414FF141010101F00000000F010FF82
:1001E000FFFFFFFFF0F0F0F0F0FFFFFF0000000066
:1001F00000FFFF0F0F0F0F0F3844443844FC4A4AEA
:100200004A347E02020606027E027E02635549419E
:10021000633844443C04407E201E2006027E0202D5
:1002200099A5E7A5991C2A492A1C4C7201724C30E9
:100230004A4D4D303048784830BC625A463D3E49C0
:100240004949007E0101017E2A2A2A2A2A44445F64
:10025000444440514A444040444A51400000FF0158
:1002600003E080FF000008086B6B08361236243666
:10027000060F090F060000181800000010100030CB
:1002800040FF0101001F01011E00191D1712003C53
:100290003C3C3C00000000000000000000000000AA
:1002A000CDB80400B9CD040091A10300B9DB04006E
:1002B00001AE040005AE040025B1040015AE040033
:1002C00029AE040075B2040001AE040041AE040082
:1002D0003DAE040001AF04005DAF0400B9AF0400FF
:1002E000D1B104005DAE040049B00400000000007C
:1002F00000018000000000000000000003800000FA
:100300000000000000000007C00000000000000026
:10031000000007C00000000000000000000FC00047
:1003200000000000000000001FE0000000000000CE
:100330000000001FE00000000000000000003FE09F
:100340000000000000000000003FF000000000007E
:10035000000000007FF0000000000000001FF87F98
:10036000F0000000000000003FFE7FF000000000F1
:100370000000003FFF7FF0000000000000001FFFB2
:10038000FBE0000000000000000FFFF9FFC00000CC
:10039000000000000FFFF9FFF80000000000000758
:1003A000FFF1FFFF00000000000003FC73FFFF806F
:1003B000000000000001FE3FFFFF80000000000081
:1003C00000FF1E0FFF000000000000007FFE1FFC6A
:1003D000000000000000003FFFFFF80000000000E8
:1003E00000000FDFFFE0000000000000001F19FF09
:1003F000C0000000000000003F3CFF0000000000C3
:100400000000007E7CF800000000000000007FFE7D
:100410007C0000000000000000FFFFFC0000000066
:1004200000000000FFFFFE0000000000000000FFD1
:10043000FFFE0000000000000001FFEFFE000000D2
:100440000000000001FFCFFE0000000000000003DC
:10045000FF07FE0000000000000003FC07FE000094
:10046000000000000003F003FE0000000000000098
:10047000018000FE000000000000000000007E007F
:100480000000000000000000003E0000000000002E
:10049000000000000C000000000000078000FC00CD
:1004A0000003C0000000078001FC000003C0000042
:1004B00000078001FC000003C0000000078001E08D
:1004C0000000001E000000078001E00000001E0088
:1004D0007FE3F79FF9FDE7787BDFC0FFF7FFBFFD04
:1004E000FDFF787BDFC0FFF7FFBFFDFDFF787BDFFF
:1004F000C0F0F787BC3DE1FF787BDE00F0F787BCFA
:100500003DE1F0787BDE0000F787803DE1E0787B1D
:10051000DE007FF7879FFDE1E0787BDE00FFF78755
:10052000BFFDE1E0787BDE00F0F787BC3DE1E078DD
:100530007BDE00F0F787BC3DE1E0787BDE00F0F782
:1005400087BC3DE1E0787BDE00FFF7FFBFFDE1E027
:100550007FFBDFC0FFF7FFBFFDE1E07FFBDFC07C7B
:10056000F3F39F3DE1E03E7BCFC0000000000000C0
:100570000000000000FFFFFFFFFFFFFFFFFFFFC0C5
:10058000FFFFFFFFFD68DB111A31C0FFFFFFFFFD1A
:100590002B5AFB6AEFC0FFFFFFFFFD4B5B3B1A339B
:1005A000C0FFFFFFFFFD6B5BDB6AFDC0000060006A
:1005B00000000000000000000000000000E000005B
:1005C000000000000000000000000001E00000004A
:1005D0000000000000000000000001F0000000002A
:1005E00000000000000000000003F0000000000018
:1005F000000000000000000007F000000000000004
:100600000000000000000007F800000000000000EB
:100610000000000000000FF800000003C0007E0092
:100620000001E0007F0FF800000003C000FE0000A2
:1006300001E000FFEFF800000003C000FE00000131
:10064000E000FFFFF800000003C000F00000000F12
:10065000007FFE7FC0000003C000F00000000F001C
:100660003FFE7FF83FF1FBCFFCFEF3BC3DEFE01F08
:10067000FE7FFF7FFBFFDFFEFEFFBC3DEFE01FC6FE
:10068000FFFF7FFBFFDFFEFEFFBC3DEFE00FE3C798
:10069000FE787BC3DE1EF0FFBC3DEF0007FF87FC4A
:1006A000787BC3DE1EF0F83C3DEF0001FFFFF00059
:1006B0007BC3C01EF0F03C3DEF0001F37FE03FFB49
:1006C000C3CFFEF0F03C3DEF0003E33F807FFBC370
:1006D000DFFEF0F03C3DEF0007E73C00787BC3DE37
:1006E0001EF0F03C3DEF0007FFBE00787BC3DE1E2E
:1006F000F0F03C3DEF0007FFFE00787BC3DE1EF00C
:10070000F03C3DEF000FFFFE007FFBFFDFFEF0F04F
:100710003FFDEFE00FFFFF007FFBFFDFFEF0F03F4C
:10072000FDEFE00FF9FF003E79F9CF9EF0F01F3D9D
:10073000E7E01FF1FF0000000000000000000000E3
:10074000001F80FF007FFFFFFFFFFFFFFFFFFFE0B5
:100750001C007F007FFFFFFFFEB46D888D18E00056
:10076000001F007FFFFFFFFE95AD7DB577E0000025
:100770000F007FFFFFFFFEA5AD9D8D19E000000675
:10078000007FFFFFFFFEB5ADEDB57EE0000000008D
:1007900000000000CDB80400B9CD040091A1030011
:1007A00035BC040001AE040005AE040025B1040010
:1007B00015AE040029AE040075B2040001AE0400B9
:1007C00041AE040029C5040091BE0400D1C104005B
:1007D000B9AF0400D1B104005DAE040049B004001B
:1007E0000080C0E0F0F8FCFE000103070F1F3F7F10
:1007F000AED580A8D300408D2000A1C8DB40A4A6C0
:100800002EAF00002200FF210200000003000000C4
:100810001C0000001D000000040000000500000096
:100820002B0000002C0000002D0000002E00000016
:100830002F0000001A000000060000001E0000004B
:100840000E000000280000001B0000000700000050
:100850000B0000002A000000200000001000000033
:100860000D0000001100000015000000190000003C
:10087000140000001800000016000000170000001F
:10088000090000000A0000001F0000002525256463
:100890002E25646600000000546D725100000000B7
:1008A000546D7220537663006C6F6F70000000000F
:1008B00043616C6C6261636B0000000073256C75B2
:1008C00020256C752E256C752E256C75000000009A
:1008D0002530386C582530386C5800004661696CFA
:1008E00020746F2061637175697265206D75746520
:1008F000780A00004661696C20746F2072656C652F
:10090000617365206D757465780A00004661696CD5
:1009100020746F20696E63726561736520504D208D
:10092000636F756E7465720A000000004661696C41
:1009300020746F20646563726561736520504D207B
:10094000636F756E7465720A000000000001020397
:100950000405060708090A0B0C0D0E0F10111213DF
:100960001415161718191A1B1C1D1E1FC6A13B377C
:10097000878F5B826F4F8162A1C8D8799503E3A20C
:10098000245A2BE43C9874EDFE1BED9EF29000B6C9
:100990002A499FD0A9F39A6ADD2E77809DBA41A794
:1009A00077F3B46A37B7AAAE49D6DF8D2F7A3C60A9
:1009B0000708D124ACD3C5DE3B65844700000000A6
:1009C000010000000300000002000000FFFFFFFF25
:1009D000070000004661696C20746F206765742011
:1009E00054524E4720636861726163746572697A1C
:1009F0006174696F6E20706172616D657465727388
:100A0000200A00004661696C20746F206372656182
:100A100074652053594D206D757465780A00000087
:100A20004661696C20746F20637265617465204152
:100A300053594D206D757465780A00004661696CE4
:100A4000656420746F2063726561746520506F77F0
:100A50006572206D757465780A0000004661696CE6
:100A600020746F206372656174652047656E5665FA
:100A700063206D757465780A0000000043616E277D
:100A80007420696E697469616C697A65206D75742A
:100A900065782C20776173204E554C4C0D0A000070
:100AA00043616E2774206C6F636B206D757465787D
:100AB0002C20776173204E554C4C0D0A000000002D
:100AC00043616E277420756E6C6F636B206D757457
:100AD00065782C20776173204E554C4C0D0A000030
:100AE000536153695F48616C57616974496E7465FD
:100AF00072727570742063616E74207761697420FE
:100B0000666F72206E6F7468696E670A000000007D
:100B1000000102030405060708090A0B0C0D0E0F5D
:100B2000101112131415161718191A1B1C1D1E1F4D
:100B3000615C0500695C0500715C0500795C05007D
:100B4000815C0500895C0500915C0500995C0500ED
:100B5000A15C0500A95C0500B15C05000000000077
:100B600073ACFFFFFEFFFFFFFFFFFFFFFFFFFFFF75
:100B7000FFFFFFFF00000000000000000000000079
:100B80000000000000000000000000000000000065
:100B90000000000000000000000000000000000055
:100BA0000000000000000000000000000000000045
:100BB0000000000000000000000000000000000035
:100BC0000000000000000000000000000000000025
:100BD0000000000000000000000000000000000015
:100BE0000000000000000000000000000000000005
:100BF00007000000000000000000000000000000EE
:100C000000000000000000000000000000000000E4
:100C100000000000000000000000000000000000D4
:100C200000000000000000000000000000000000C4
:100C30000000000000000000B3B616CA9AABDF1631
:100C4000FAB80100000000000000000001000000F0
:100C50000000000000000000000000000000000094
:100C60000000000000000000000000000000000084
:100C70000000000000000000000000000000000074
:100C800000000000BB7E4DDDF5F43630769E01A4F9
:100C900092A17AE32C384C3B0000000000000000D9
:100CA0000000000000000000000000000000000044
:100CB0000000000000000000000000000000000034
:100CC000000000000000000000000000EE4F3CF0BB
:100CD000C33317538682C26BEDDC8F3135F98C93A9
:100CE0000000000000000000000000000000000004
:100CF00000000000000000000000000000000000F4
:100D000000000000000000000000000000000000E3
:100D100000000000010000000000000000000000D2
:100D2000800000000000000000000000FFFFFFFF47
:100D3000FFFFFFFFFF0000000000000000000000B8
:100D400000000000000000000000000000000000A3
:100D50000000000000000000000000000000000093
:100D60000000000000000000000000000000000083
:100D70000000000000000000000000000000000073
:100D80000000000000000000000000000000000063
:100D90000000000000000000000000000000000053
:100DA0000000000000000000000000000000000043
:100DB0000000000000000000000000000000000033
:100DC0000000000000000000000000000000000023
:100DD0000000000000000000000000000000000013
:100DE0000000000000000000000000000000000003
:100DF00000000000000000000000000000000000F3
:100E000000000000000000000000000000000000E2
:100E10000000000000000000A0000000A100000091
:100E20000500000000000000534543475F50524951
:100E30004D455F3136304B3100000000FFFFFF7F32
:100E4000FFFFFFFFFFFFFFFFFFFFFFFFFFFFFFFFB2
:100E50000000000000000000000000000000000092
:100E60000000000000000000000000000000000082
:100E70000000000000000000000000000000000072
:100E800000000000FCFFFF7FFFFFFFFFFFFFFFFFF1
:100E9000FFFFFFFFFFFFFFFF00000000000000005A
:100EA0000000000000000000000000000000000042
:100EB0000000000000000000000000000000000032
:100EC00000000000000000000000000045FA65C5B9
:100ED000ADD4D4819FF8AC658B7ABD54FCBE971C11
:100EE0000000000000000000000000000000000002
:100EF00000000000000000000000000000000000F2
:100F000000000000000000000000000000000000E1
:100F100000000000572275CAD3AE27F9C8F40100BB
:100F200000000000000000000100000000000000C0
:100F300000000000000000000000000000000000B1
:100F400000000000000000000000000000000000A1
:100F50000000000000000000000000000000000091
:100F600082FCCB13B98BC368896964462873F58EFC
:100F700068B5964A00000000000000000000000074
:100F80000000000000000000000000000000000061
:100F90000000000000000000000000000000000051
:100FA000000000000000000032FBC57A3751230426
:100FB00012C9DC597D9468315528A6230000000031
:100FC0000000000000000000000000000000000021
:100FD0000000000000000000000000000000000011
:100FE0000000000000000000000000000000000001
:100FF0000100000000000000000000008000000070
:101000000000000000000000FFFFFFFFFFFFFFFFE8
:10101000FF000000000000000000000000000000D1
:1010200000000000000000000000000000000000C0
:1010300000000000000000000000000000000000B0
:1010400000000000000000000000000000000000A0
:101050000000000000000000000000000000000090
:101060000000000000000000000000000000000080
:101070000000000000000000000000000000000070
:101080000000000000000000000000000000000060
:101090000000000000000000000000000000000050
:1010A0000000000000000000000000000000000040
:1010B0000000000000000000000000000000000030
:1010C0000000000000000000000000000000000020
:1010D0000000000000000000000000000000000010
:1010E0000000000000000000000000000000000000
:1010F00000000000A0000000A100000005000000AA
:1011000001000000534543475F5052494D455F3150
:10111000363052310000000073ACFFFFFEFFFFFFCE
:10112000FFFFFFFFFFFFFFFFFFFFFFFF00000000CB
:1011300000000000000000000000000000000000AF
:10114000000000000000000000000000000000009F
:10115000000000000000000000000000000000008F
:1011600070ACFFFFFEFFFFFFFFFFFFFFFFFFFFFF72
:10117000FFFFFFFF00000000000000000000000073
:10118000000000000000000000000000000000005F
:10119000000000000000000000000000000000004F
:1011A0000000000000000000BA8803F55A4D6604F4
:1011B000492757AB8BEB59FBD334E1B40000000057
:1011C000000000000000000000000000000000001F
:1011D000000000000000000000000000000000000F
:1011E00000000000000000000000000000000000FF
:1011F0006BA1A1F318A886E71E35000000000000CF
:1012000000000000010000000000000000000000DD
:1012100000000000000000000000000000000000CE
:1012200000000000000000000000000000000000BE
:101230000000000000000000000000006DCE4431FE
:101240009D19F7301BF14F1F7E113A2934B0DC5243
:10125000000000000000000000000000000000008E
:10126000000000000000000000000000000000007E
:10127000000000000000000000000000000000006E
:10128000000000002E3FD4A7FE2C98F90DFA71E063
:1012900096F231E3F2FEAFFE000000000000000015
:1012A000000000000000000000000000000000003E
:1012B000000000000000000000000000000000002E
:1012C000000000000000000000000000010000001D
:1012D000000000000000000080000000000000008E
:1012E00000000000FFFFFFFFFFFFFFFFFF00000007
:1012F00000000000000000000000000000000000EE
:1013000000000000000000000000000000000000DD
:1013100000000000000000000000000000000000CD
:1013200000000000000000000000000000000000BD
:1013300000000000000000000000000000000000AD
:10134000000000000000000000000000000000009D
:10135000000000000000000000000000000000008D
:10136000000000000000000000000000000000007D
:10137000000000000000000000000000000000006D
:10138000000000000000000000000000000000005D
:10139000000000000000000000000000000000004D
:1013A000000000000000000000000000000000003D
:1013B000000000000000000000000000000000002D
:1013C000000000000000000000000000000000001D
:1013D000A0000000A10000000500000002000000C5
:1013E000534543475F5052494D455F313630523285
:1013F0000000000037EEFFFFFEFFFFFFFFFFFFFFD3
:10140000FFFFFFFFFFFFFFFFFFFFFFFF00000000E8
:1014100000000000000000000000000000000000CC
:1014200000000000000000000000000000000000BC
:1014300000000000000000000000000000000000AC
:10144000000000000000000000000000000000009C
:10145000000000000000000000000000000000008C
:10146000000000000000000000000000000000007C
:10147000000000000000000000000000000000006C
:101480000000000003000000000000000000000059
:10149000000000000000000000000000000000004C
:1014A000000000000000000000000000000000003C
:1014B000000000000000000000000000000000002C
:1014C0000000000000000000000000008DFDDE7440
:1014D0006A46690F17FCF226FEFFFFFFFFFFFFFFC2
:1014E000FFFFFFFF00000000000000000000000000
:1014F00000000000000000000000000000000000EC
:1015000000000000000000000000000000000000DB
:1015100000000000000000007D6CE0EAB1D1A51DD4
:1015200034F4B780027DB026AEE957C00EF14FDB30
:1015300000000000000000000000000000000000AB
:10154000000000000000000000000000000000009B
:10155000000000000000000000000000000000008B
:101560009D2F5ED988AA82403486BE15D0634184FF
:10157000A728569C6D2F2F9B000000000000000044
:10158000000000000000000000000000000000005B
:10159000000000000000000000000000000000004B
:1015A000000000000000000001000000000000003A
:1015B00000000000800000000000000000000000AB
:1015C000000000000000000080000000000000009B
:1015D000000000000000000000000000000000000B
:1015E00000000000000000000000000000000000FB
:1015F00000000000000000000000000000000000EB
:1016000000000000000000000000000000000000DA
:1016100000000000000000000000000000000000CA
:1016200000000000000000000000000000000000BA
:1016300000000000000000000000000000000000AA
:10164000000000000000000000000000000000009A
:10165000000000000000000000000000000000008A
:10166000000000000000000000000000000000007A
:10167000000000000000000000000000000000006A
:10168000000000000000000000000000000000005A
:10169000000000000000000000000000000000004A
:1016A000000000000000000000000000C00000007A
:1016B000C000000005000000030000005345434740
:1016C0005F5052494D455F3139324B3100000000C7
:1016D000FFFFFFFFFFFFFFFFFEFFFFFFFFFFFFFF1B
:1016E000FFFFFFFFFFFFFFFF000000000000000002
:1016F00000000000000000000000000000000000EA
:1017000000000000000000000000000000000000D9
:101710000000000000000000FCFFFFFFFFFFFFFFD4
:10172000FEFFFFFFFFFFFFFFFFFFFFFFFFFFFFFFCA
:1017300000000000000000000000000000000000A9
:101740000000000000000000000000000000000099
:101750000000000000000000000000000000000089
:10176000B1B946C1ECDEB8FE49302472ABE9A70F2F
:10177000E7809CE5190521640000000000000000DE
:101780000000000000000000000000000000000059
:101790000000000000000000000000000000000049
:1017A00000000000000000003128D2B4B1C96B1461
:1017B00036F8DE99FFFFFFFFFFFFFFFFFFFFFFFF90
:1017C0000000000000000000000000000000000019
:1017D0000000000000000000000000000000000009
:1017E00000000000000000000000000000000000F9
:1017F000000000001210FF82FD0AFFF40088A143E0
:10180000EB20BF7CF69030B00EA88D1800000000D1
:1018100000000000000000000000000000000000C8
:1018200000000000000000000000000000000000B8
:101830000000000000000000000000001148791EB8
:10184000A177F973D5CD246BED11106378DAC8FF59
:10185000952B1907000000000000000000000000A8
:101860000000000000000000000000000000000078
:101870000000000000000000000000000000000068
:101880000000000001000000000000000000000057
:1018900080000000000000000000000000000000C8
:1018A00000000000800000000000000000000000B8
:1018B0000000000000000000000000000000000028
:1018C0000000000000000000000000000000000018
:1018D0000000000000000000000000000000000008
:1018E00000000000000000000000000000000000F8
:1018F00000000000000000000000000000000000E8
:1019000000000000000000000000000000000000D7
:1019100000000000000000000000000000000000C7
:1019200000000000000000000000000000000000B7
:1019300000000000000000000000000000000000A7
:101940000000000000000000000000000000000097
:101950000000000000000000000000000000000087
:101960000000000000000000000000000000000077
:101970000000000000000000000000000000000067
:101980000000000000000000C0000000C0000000D7
:101990000500000004000000534543475F505249D2
:1019A0004D455F3139325231000000006DE5FFFFD7
:1019B000FEFFFFFFFFFFFFFFFFFFFFFFFFFFFFFF38
:1019C000FFFFFFFFFFFFFFFF00000000000000001F
:1019D0000000000000000000000000000000000007
:1019E00000000000000000000000000000000000F7
:1019F00000000000000000000000000000000000E7
:101A000000000000000000000000000000000000D6
:101A100000000000000000000000000000000000C6
:101A200000000000000000000000000000000000B6
:101A300000000000000000000000000005000000A1
:101A40000000000000000000000000000000000096
:101A50000000000000000000000000000000000086
:101A60000000000000000000000000000000000076
:101A70000000000000000000000000000000000066
:101A800000000000F7B19F7671A9F0CA8461ECD222
:101A9000E8DC010000000000000000000000000081
:101AA0000100000000000000000000000000000035
:101AB0000000000000000000000000000000000026
:101AC0000000000000000000000000000000000016
:101AD0005CA4B7B60E657E0FA97570E4E967A469CA
:101AE000A128FC30DF99F04D335B45A100000000D8
:101AF00000000000000000000000000000000000E6
:101B000000000000000000000000000000000000D5
:101B10000000000000000000A5616D55DB4BCAE22B
:101B200059BDB0C0F719E3F7D6FBCA824234BA7F79
:101B3000ED9F087E00000000000000000000000093
:101B40000000000000000000000000000000000095
:101B50000000000000000000000000000000000085
:101B600001000000000000000000000080000000F4
:101B70000000000000000000FFFFFFFFFFFFFFFF6D
:101B8000FF00000000000000000000000000000056
:101B90000000000000000000000000000000000045
:101BA0000000000000000000000000000000000035
:101BB0000000000000000000000000000000000025
:101BC0000000000000000000000000000000000015
:101BD0000000000000000000000000000000000005
:101BE00000000000000000000000000000000000F5
:101BF00000000000000000000000000000000000E5
:101C000000000000000000000000000000000000D4
:101C100000000000000000000000000000000000C4
:101C200000000000000000000000000000000000B4
:101C300000000000000000000000000000000000A4
:101C40000000000000000000000000000000000094
:101C50000000000000000000000000000000000084
:101C600000000000E0000000E100000005000000AE
:101C700005000000534543475F5052494D455F32D0
:101C800032344B3100000000010000000000000071
:101C900000000000FFFFFFFFFFFFFFFFFFFFFFFF50
:101CA000FFFFFFFF00000000000000000000000038
:101CB0000000000000000000000000000000000024
:101CC0000000000000000000000000000000000014
:101CD000FEFFFFFFFFFFFFFFFFFFFFFFFEFFFFFF16
:101CE000FFFFFFFFFFFFFFFFFFFFFFFF0000000000
:101CF00000000000000000000000000000000000E4
:101D000000000000000000000000000000000000D3
:101D10000000000000000000B4FF552343390B27EA
:101D2000BAD8BFD7B7B04450563241F5ABB3040C64
:101D3000850A05B40000000000000000000000005B
:101D40000000000000000000000000000000000093
:101D50000000000000000000000000000000000083
:101D60003D2A5C5C4529DD133EF0B8E0A216FFFF7A
:101D7000FFFFFFFFFFFFFFFFFFFFFFFF000000006F
:101D80000000000000000000000000000000000053
:101D90000000000000000000000000000000000043
:101DA000000000000000000000000000211D5C1188
:101DB000D68032342211C256D3C1034AB9901332AD
:101DC0007FBFB46BBD0C0EB7000000000000000028
:101DD0000000000000000000000000000000000003
:101DE00000000000000000000000000000000000F3
:101DF00000000000347E00859981D5446447075A6D
:101E0000A07543CDE6DF224CFB23F7B5886337BDD1
:101E100000000000000000000000000000000000C2
:101E200000000000000000000000000000000000B2
:101E300000000000000000000000000001000000A1
:101E40000000000000000000800000000000000012
:101E50000000000000000000000000008000000002
:101E60000000000000000000000000000000000072
:101E70000000000000000000000000000000000062
:101E80000000000000000000000000000000000052
:101E90000000000000000000000000000000000042
:101EA0000000000000000000000000000000000032
:101EB0000000000000000000000000000000000022
:101EC0000000000000000000000000000000000012
:101ED0000000000000000000000000000000000002
:101EE00000000000000000000000000000000000F2
:101EF00000000000000000000000000000000000E2
:101F000000000000000000000000000000000000D1
:101F100000000000000000000000000000000000C1
:101F200000000000000000000000000000000000B1
:101F300000000000000000000000000000000000A1
:101F4000E0000000E00000000500000006000000C6
:101F5000534543475F5052494D455F323234523109
:101F6000000000002FFCFFFFFEFFFFFFFFFFFFFF51
:101F7000FFFFFFFFFFFFFFFFFFFFFFFFFFFFFFFF71
:101F8000FFFFFFFF00000000000000000000000055
:101F90000000000000000000000000000000000041
:101FA0000000000000000000000000000000000031
:101FB0000000000000000000000000000000000021
:101FC0000000000000000000000000000000000011
:101FD0000000000000000000000000000000000001
:101FE00000000000000000000000000000000000F1
:101FF00000000000070000000000000000000000DA
:1020000000000000000000000000000000000000D0
:1020100000000000000000000000000000000000C0
:1020200000000000000000000000000000000000B0
:10203000000000000000000000000000414136D018
:102040008C5ED2BF3BA048AFE6DCAEBAFEFFFFFF1E
:10205000FFFFFFFFFFFFFFFFFFFFFFFF000000008C
:102060000000000000000000000000000000000070
:102070000000000000000000000000000000000060
:1020800000000000000000009817F8165B81F2596C
:10209000D928CE2DDBFC9B02070B87CE9562A0557D
:1020A000ACBBDCF97E66BE790000000000000000D9
:1020B0000000000000000000000000000000000020
:1020C0000000000000000000000000000000000010
:1020D000B8D410FB8FD0479C195485A648B417FD7F
:1020E000A808110EFCFBA45D65C4A32677DA3A4864
:1020F00000000000000000000000000000000000E0
:1021000000000000000000000000000000000000CF
:1021100000000000000000000100000000000000BE
:10212000000000008000000000000000000000002F
:10213000000000000000000080000000000000001F
:10214000000000000000000000000000000000008F
:10215000000000000000000000000000000000007F
:10216000000000000000000000000000000000006F
:10217000000000000000000000000000000000005F
:10218000000000000000000000000000000000004F
:10219000000000000000000000000000000000003F
:1021A000000000000000000000000000000000002F
:1021B000000000000000000000000000000000001F
:1021C000000000000000000000000000000000000F
:1021D00000000000000000000000000000000000FF
:1021E00000000000000000000000000000000000EF
:1021F00000000000000000000000000000000000DF
:1022000000000000000000000000000000000000CE
:1022100000000000000000000000000000010000BD
:10222000000100000500000007000000534543477F
:102230005F5052494D455F3235364B31000000004A
:10224000FFFFFFFFFFFFFFFFFFFFFFFF000000009A
:10225000000000000000000001000000FFFFFFFF81
:10226000000000000000000000000000000000006E
:10227000000000000000000000000000000000005E
:102280000000000000000000FCFFFFFFFFFFFFFF59
:10229000FFFFFFFF00000000000000000000000042
:1022A00001000000FFFFFFFF000000000000000031
:1022B000000000000000000000000000000000001E
:1022C000000000000000000000000000000000000E
:1022D0004B60D2273E3CCE3BF6B053CCB0061D65DA
:1022E000BC86987655BDEBB3E7933AAAD835C65A63
:1022F00000000000000000000000000000000000DE
:1023000000000000000000000000000000000000CD
:102310000000000000000000512563FCC2CAB9F3B0
:10232000849E17A7ADFAE6BCFFFFFFFFFFFFFFFF8C
:1023300000000000FFFFFFFF0000000000000000A1
:10234000000000000000000000000000000000008D
:10235000000000000000000000000000000000007D
:102360000000000096C298D84539A1F4A033EB2DA7
:10237000817D0377F240A463E5E6BCF847422CE197
:10238000F2D1176B00000000000000000000000008
:10239000000000000000000000000000000000003D
:1023A000000000000000000000000000F551BF37F1
:1023B0006840B6CBCE5E316B5733CE2B169E0F7C6A
:1023C0004AEBE78E9B7F1AFEE242E34F00000000DB
:1023D00000000000000000000000000000000000FD
:1023E00000000000000000000000000000000000ED
:1023F0000000000001000000FFFFFFFF7F00000061
:10240000800000000000000000000000FFFFFFFF50
:102410007F000000800000000000000000000000BD
:1024200000000000000000000000000000000000AC
:10243000000000000000000000000000000000009C
:10244000000000000000000000000000000000008C
:10245000000000000000000000000000000000007C
:10246000000000000000000000000000000000006C
:10247000000000000000000000000000000000005C
:10248000000000000000000000000000000000004C
:10249000000000000000000000000000000000003C
:1024A000000000000000000000000000000000002C
:1024B000000000000000000000000000000000001C
:1024C000000000000000000000000000000000000C
:1024D00000000000000000000000000000000000FC
:1024E00000000000000000000000000000000000EC
:1024F00000000000000000000001000000010000DA
:102500000500000008000000534543475F50524952
:102510004D455F323536523100000000FFFFFFFFAE
:102520000000000000000000FFFFFFFFFEFFFFFFB4
:10253000FFFFFFFFFFFFFFFFFFFFFFFFFFFFFFFFAB
:10254000FFFFFFFFFFFFFFFFFFFFFFFF0000000097
:10255000000000000000000000000000000000007B
:1025600000000000FCFFFFFF000000000000000072
:10257000FFFFFFFFFEFFFFFFFFFFFFFFFFFFFFFF6C
:10258000FFFFFFFFFFFFFFFFFFFFFFFFFFFFFFFF5B
:10259000FFFFFFFF0000000000000000000000003F
:1025A000000000000000000000000000EF2AECD353
:1025B000EDC8852A9DD12E8A8D3956C65A8713506B
:1025C0008F081403124181FE6E9C1D18192DF8E32B
:1025D0006B058E98E4E73EE2A72F31B300000000C0
:1025E00000000000000000000000000000000000EB
:1025F000000000007329C5CC6A19ECEC7AA7B0483A
:10260000B20D1A58DF2D37F4814D63C7FFFFFFFF6E
:10261000FFFFFFFFFFFFFFFFFFFFFFFFFFFFFFFFCA
:10262000FFFFFFFF000000000000000000000000AE
:10263000000000000000000000000000000000009A
:10264000B70A7672385E543A6C2955BF5DF202556E
:10265000382A5482E041F759989BA78B623B1D6E44
:1026600074AD20F31EC7B18E37058BBE22CA87AA70
:10267000000000000000000000000000000000005A
:1026800000000000000000005F0EEA907C1D437A0D
:102690009D817E1DCEB1600AC0B8F0B51331DAE974
:1026A0007C149A28BD1DF4F829DC9292BF989E5D97
:1026B0006F2C26964ADE173600000000000000004E
:1026C000000000000000000000000000000000000A
:1026D0000100000000000000000000008000000079
:1026E00000000000000000000000000000000000EA
:1026F000800000000000000000000000000000005A
:1027000000000000000000000000000000000000C9
:1027100000000000000000000000000000000000B9
:1027200000000000000000000000000000000000A9
:102730000000000000000000000000000000000099
:102740000000000000000000000000000000000089
:102750000000000000000000000000000000000079
:102760000000000000000000000000000000000069
:102770000000000000000000000000000000000059
:102780000000000000000000000000000000000049
:102790000000000000000000000000000000000039
:1027A0000000000000000000000000000000000029
:1027B0000000000000000000000000000000000019
:1027C0000000000000000000000000000000000009
:1027D00000000000800100008001000005000000F2
:1027E00009000000534543475F5052494D455F3350
:1027F0003834523100000000FFFFFFFFFFFFFFFFF2
:10280000FFFFFFFFFFFFFFFFFFFFFFFFFFFFFFFFD8
:10281000FFFFFFFFFFFFFFFFFFFFFFFFFFFFFFFFC8
:10282000FFFFFFFFFFFFFFFFFFFFFFFFFFFFFFFFB8
:10283000FFFFFFFFFFFFFFFFFF01000000000000A0
:10284000FCFFFFFFFFFFFFFFFFFFFFFFFFFFFFFF9B
:10285000FFFFFFFFFFFFFFFFFFFFFFFFFFFFFFFF88
:10286000FFFFFFFFFFFFFFFFFFFFFFFFFFFFFFFF78
:10287000FFFFFFFFFFFFFFFFFFFFFFFFFFFFFFFF68
:10288000FF01000000000000003F506BD41F45EF27
:10289000F1342C3D88DF733507BFB13BBDC0521604
:1028A0007B937EEC51391956E109F18E9189B4B8C8
:1028B000F315B3995B72DAA2EE4085B6A0219A9225
:1028C0001F9A1C8E61B93E95510000000000000067
:1028D000096438911EB76FBBAE479C89B8C9B53B38
:1028E000D0A509F74801CC7F6B962FBF838786510F
:1028F000FAFFFFFFFFFFFFFFFFFFFFFFFFFFFFFFED
:10290000FFFFFFFFFFFFFFFFFFFFFFFFFFFFFFFFD7
:10291000FF010000000000000000000066BDE5C2ED
:10292000317E7EF99B426A85C1B34833DEA8FFA29F
:1029300027C11DFE2859E7EF775E4BA1BA3D4D6BCD
:1029400060AF28F821B53F053981649C42B49523D6
:1029500066CB3E9ECDE90404B7068E85C600000016
:10296000000000005066D19F7694BE8840C272A2DB
:1029700086703C356107AD3F01B950C54026F45E15
:102980009972EE972C663E2717BDAF1768449B5788
:102990004944F598D91B7D2CB45F8A5C04C03B9AEE
:1029A000786A2939180100000000000001000000C9
:1029B0000000000000000000800000000000000097
:1029C0000000000000000000000000008000000087
:1029D00000000000000000000000000000000000F7
:1029E00000000000000000000000000000000000E7
:1029F00000000000000000000000000000000000D7
:102A000000000000000000000000000000000000C6
:102A100000000000000000000000000000000000B6
:102A200000000000000000000000000000000000A6
:102A30000000000000000000000000000000000096
:102A40000000000000000000000000000000000086
:102A50000000000000000000000000000000000076
:102A60000000000000000000000000000000000066
:102A70000000000000000000000000000000000056
:102A80000000000000000000000000000000000046
:102A90000000000000000000000000000000000036
:102AA0000000000000000000000000000000000026
:102AB0000902000009020000050000000A000000F1
:102AC000534543475F5052494D455F35323152318E
:102AD0000000000065787000706F77000000000053
:102AE000182D4454FB21E9BFD221337F7CD9024009
:102AF000D221337F7CD902C000000000000000809A
:102B0000182D4454FB210940182D4454FB2109C0C1
:102B1000000000000000E03F000000000000E0BFF7
:102B20000000E0FE422EE63F0000E0FE422EE6BF3F
:102B3000763C7935EF39EA3D763C7935EF39EABDB7
:102B4000DB0F49BFE4CB1640E4CB16C00000008089
:102B5000DB0F4940DB0F49C0000FC93F000F494060
:102B600000CB9640000FC9400053FB4000CB1641FC
:102B700000ED2F41000F49410031624100537B417C
:102B8000003A8A4100CB9641005CA34100EDAF4181
:102B9000007EBC41000FC94100A0D5410031E24197
:102BA00000C2EE410053FB4100F20342003A0A42E8
:102BB0000083104200CB164200141D42005C2342E9
:102BC00000A5294200ED2F4200363642007E3C42ED
:102BD00000C74242000F4942A2000000F900000075
:102BE000830000006E0000004E0000004400000062
:102BF0001500000029000000FC0000002700000074
:102C000057000000D1000000F50000003400000073
:102C1000DD000000C0000000DB00000062000000DA
:102C200095000000990000003C00000043000000F7
:102C30009000000041000000FE0000005100000074
:102C400063000000AB000000DE000000BB000000DD
:102C5000C500000061000000B70000002400000073
:102C60006E0000003A000000420000004D0000002D
:102C7000D2000000E0000000060000004900000053
:102C80002E000000EA00000009000000D100000052
:102C9000920000001C000000FE0000001D0000006B
:102CA000EB0000001C000000B10000002900000043
:102CB000A70000003E000000E800000082000000C5
:102CC00035000000F50000002E000000BB000000F1
:102CD0004400000084000000E90000009C000000A7
:102CE0007000000026000000B40000005F0000003B
:102CF0007E0000004100000039000000910000004B
:102D0000D6000000390000008300000053000000DE
:102D100039000000F40000009C0000008400000066
:102D20005F0000008B000000BD000000F900000003
:102D3000280000003B0000001F000000F800000019
:102D400097000000FF000000DE000000050000000A
:102D5000980000000F000000EF0000002F000000AE
:102D6000110000008B0000005A0000000A00000063
:102D70006D0000001F0000006D0000003600000024
:102D80007E000000CF00000027000000CB00000004
:102D900009000000B70000004F00000046000000DE
:102DA0003F000000660000009E0000005F00000081
:102DB000EA0000002D000000750000002700000060
:102DC000BA000000C7000000EB000000E5000000B2
:102DD000F10000007B0000003D0000000700000043
:102DE00039000000F70000008A00000052000000D7
:102DF00092000000EA0000006B000000FB000000F1
:102E00005F000000B10000001F0000008D00000006
:102E10005D000000080000005600000003000000F4
:102E20003000000046000000FC0000007B000000B5
:102E30006B000000AB000000F0000000CF000000BD
:102E4000BC000000200000009A000000F400000018
:102E5000360000001D000000A9000000E300000093
:102E600091000000610000005E000000E60000002C
:102E70001B00000008000000650000009900000031
:102E8000850000005F00000014000000A0000000AA
:102E900068000000400000008D000000FF000000FE
:102EA000D8000000800000004D000000730000000A
:102EB00027000000310000000600000006000000AE
:102EC0001500000056000000CA000000730000005A
:102ED000A8000000C900000060000000E20000003F
:102EE0007B000000C00000008C0000006B000000B0
:102EF0000000C93F0000F0390000DA370000A233BB
:102F00000000842E0000502B0000C2270000D022B9
:102F10000000C41F0000C61B00004417040000008E
:102F200007000000090000004FBB610567ACDD3FF2
:102F3000182D4454FB21E93F9BF681D20B73EF3FE0
:102F4000182D4454FB21F93FE2652F227F2B7A3C58
:102F5000075C143326A6813CBDCBF07A8807703C11
:102F6000075C143326A6913C0000000000003043AB
:102F700000000000000030C33863ED3EDA0F493F27
:102F80005E987B3FDA0FC93F6937AC316821223345
:102F9000B40F14336821A2332C2066756E637469F4
:102FA0006F6E3A2000617373657274696F6E2022D0
:102FB000257322206661696C65643A2066696C65D8
:102FC00020222573222C206C696E652025642573D0
:102FD00025730A00F0670020232D302B2000686C39
:102FE0004C0065666745464700494E4600696E6677
:102FF000004E414E006E616E00300030313233348D
:103000003536373839414243444546003031323352
:103010003435363738396162636465660000000014
:1030200035000000CEFBFFFFCB03000001000000D5
:103030000000000034000000CEFBFFFFCB030000C7
:103040000100000000000000BC89D897B2D29C3C6F
:1030500033A7A8D523F649393DA7F444FD0FA5327F
:103060009D978CCF08BA5B25436FAC642806681126
:103070000020202020202020202028282828282048
:103080002020202020202020202020202020202040
:1030900020881010101010101010101010101010A8
:1030A0001004040404040404040404101010101098
:1030B0001010414141414141010101010101010162
:1030C00001010101010101010101010110101010B4
:1030D0001010424242424242020202020202020234
:1030E0000202020202020202020202021010101088
:1030F00020000000000000000000000000000000B0
:1031000000000000000000000000000000000000BF
:1031100000000000000000000000000000000000AF
:10312000000000000000000000000000000000009F
:10313000000000000000000000000000000000008F
:10314000000000000000000000000000000000007F
:10315000000000000000000000000000000000006F
:10316000000000000000000000000000000000005F
:1031700000496E66696E697479004E614E00000008
:10318000000000000000000000000000000000003F
:10319000000000000000000000000000000000002F
:1031A000000000000000000000000000000000001F
:1031B000000000000000000000000000000000000F
:1031C00000000000000000000000000000000000FF
:1031D00000000000000000000000000000000000EF
:1031E0002E000000E0310600D32F060050680020BA
:1031F0004300504F534958000080E03779C34143A2
:10320000176E05B5B5B89346F5F93FE9034F384D4C
:10321000321D30F94877825A3CBF737FDD4F1575F8
:10322000000000000000F03F00000000000024400B
:1032300000000000000059400000000000408F40E6
:10324000000000000088C34000000000006AF84051
:103250000000000080842E4100000000D012634175
:103260000000000084D797410000000065CDCD41EB
:10327000000000205FA00242000000E876483742CC
:10328000000000A2941A6D42000040E59C30A2426A
:103290000000901EC4BCD64200003426F56B0C43DF
:1032A0000080E03779C3414300A0D8855734764386
:1032B00000C84E676DC1AB43003D9160E458E143E7
:1032C000408CB5781DAF154450EFE2D6E41A4B445C
:1032D00092D54D06CFF08044F64AE1C7022DB544A1
:1032E000B49DD9794378EA44050000001900000034
:0832F0007D0000000000000059
:0832F800583FFC7F01000000BB
:103300000000000058F1050001000000000000006E
:1033100000000000000000000000000000000000AD
:10332000000000000000000000000000000000009D
:1033300049780300000000000000000000000000C9
:10334000000000000000000000000000000000007D
:103350000000000000000000AD6E0300010000004E
:10336000D007000000000000000000000000000086
:10337000000000000000000000000000000000004D
:103380000000000000000000B5490300000000003C
:10339000000000000000000000000000000000002D
:1033A000000000000000000000000000000000001D
:1033B000A540030000000000000000000000000025
:1033C00000000000000000000000000000000000FD
:1033D0000000000000000000515703000000000042
:1033E00000000000000000000000000000000000DD
:1033F00000000000000000000000000000000000CD
:10340000199303000000000000000000000000000D
:1034100000000000000000000000000000000000AC
:103420000000000000000000414603000000000012
:10343000000000000000000000000000000000008C
:10344000000000000000000000000000000000007C
:10345000C11C03000000000000000000000000008C
:10346000000000000000000000000000000000005C
:103470000000000000000000B1BE020000000000DB
:10348000000000000000000000000000000000003C
:10349000000000000000000000000000000000002C
:1034A000296103000000000000000000000000008F
:1034B000000000000000000000000000000000000C
:1034C00000000000000000007D6603000000000016
:1034D00000000000000000000000000000000000EC
:1034E00000000000000000000000000000000000DC
:1034F00019BA0200000000000000000000000000F7
:1035000000000000000000000000000000000000BB
:103510000000000000000000A953030000000000AC
:10352000000000000000000000000000000000009B
:10353000000000000000000000000000000000008B
:1035400031500300000000000000000000000000F7
:10355000000000000000000000000000000000006B
:103560000000000000000000F13A0300000000002D
:10357000000000000000000000000000000000004B
:10358000000000000000000000000000000000003B
:10359000F13D0300000000000000000000000000FA
:1035A000000000000000000000000000000000001B
:1035B000000000000000000005CD02000000000037
:1035C00000000000000000000000000000000000FB
:1035D00000000000000000000000000000000000EB
:1035E000416C03000000000000000000000000002B
:1035F00000000000000000000000000000000000CB
:103600000000000000000000414403000000000032
:1036100000000000000000000000000000000000AA
:10362000000000000000000000000000000000009A
:103630008569030000000000000000000000000099
:10364000000000000000000000000000000000007A
:103650000000000000000000494E030000000000D0
:10366000000000000000000000000000000000005A
:10367000000000000000000000000000000000004A
:10368000053D0300090000000300000000000000E9
:103690000100000002000000010100000000000025
:1036A000000000000000000000000000000000001A
:1036B000000000000000000000000000000000000A
:1036C00085BA0200000000000000000000000000B9
:1036D00000000000000000000000000000000000EA
:1036E0000000000000000000EDD202000400000015
:1036F00000000000000000000000000000000000CA
:1037000000000000000000000000000000000000B9
:1037100000000000D54C0300000000000000000085
:103720000000000000000000000000000000000099
:10373000000000000000000000000000394203000B
:103740000000000000000000000000000000000079
:103750000000000000000000000000000000000069
:10376000000000007D580300000000000000000081
:103770000000000000000000000000000000000049
:103780000000000000000000000000003D470300B2
:103790000000000000000000000000000000000029
:1037A0000000000000000000000000000000000019
:1037B0000000000059B802000000000000000000F6
:1037C00000000000000000000000000000000000F9
:1037D0000000000000000000000000001DE70200E3
:1037E00000000000000000000000000000000000D9
:1037F00000000000000000000000000000000000C9
:1038000000000000996203000000000000000000BA
:1038100000000000000000000000000000000000A8
:10382000000000000000000000000000ED67030041
:103830000000000000000000000000000000000088
:103840000000000000000000000000000000000078
:1038500000000000355603000000000000000000DA
:103860000000000000000000000000000000000058
:1038700000000000000000000000000031510300C3
:103880000000000000000000000000000000000038
:103890000000000000000000000000000000000028
:1038A00000000000D13E0300000000000000000006
:1038B0000000000000000000000000000000000008
:1038C000000000000000000000000000656D030023
:1038D00000000000000000000000000000000000E8
:1038E00000000000000000000000000000000000D8
:1038F000000000005545030000000000000000002B
:1039000000000000000000000000000000000000B7
:10391000000000000000000000000000A96A030091
:103920000000000000000000000000000000000097
:103930000000000000000000000000000000000087
:1039400000000000494F03000000000000000000DC
:103950000000000000000000000000000000000067
:10396000000000000000000000000000D1DE0200A6
:103970000A00000000000306B20008000100000079
:10398000A800080002000000A0001400030057492E
:103990004E5553420000000000000000000084006B
:1039A000040007002A0044006500760069006300F7
:1039B000650049006E0074006500720066006100D9
:1039C0006300650047005500490044007300000093
:1039D00050007B00390037003500460034003400C9
:1039E000440039002D0030004400300038002D0024
:1039F00034003300460044002D00380042003300FC
:103A000045002D00310032003700430041003800EE
:103A10004100460046004600390044007D00000099
:103A20000000000010000C006C9700200000000057
:103A30000000000000000000000000000000000086
:103A40000000000000000000000000000000000076
:103A50000000000000000000000000000000000066
:103A60000000000000000000000000000000000056
:103A70000000000000000000000000000000000046
:103A800029AA04000DAA0400E1A90400D5A9040094
:103A9000800000008000000080000000E0000000C6
:103AA0008000000000000000000000000000000096
:103AB00000000000C5AC04002DAC040021AC0400E3
:103AC00011AC0400FFFFFFFFB8A2002054C000208B
:103AD0000090D0030800000044BD002058BD002025
:103AE0006CBD002080BD002001000000F0670020B8
:103AF00000000000A0310600C03106008031060041
:103B000000000000000000000000000000000000B5
:103B100000000000000000000000000000000000A5
:103B20000000000000000000000000000000000095
:103B30000000000000000000000000000000000085
:103B40000000000000000000000000000000000075
:103B5000FF00000043000000000000000000000023
:103B60000000000000000000000000000000000055
:103B70000000000043000000000000000000000002
:103B80000000000000000000000000000000000035
:103B900000000000430000000000000000000000E2
:103BA0000000000000000000000000000000000015
:103BB00000000000430000000000000000000000C2
:103BC00000000000000000000000000000000000F5
:103BD00000000000430000000000000000000000A2
:103BE00000000000000000000000000000000000D5
:103BF0000000000043000000000000000000000082
:103C000000000000000000000000000000000000B4
:103C10000000000043000000000000000000000061
:103C20000000000000000000000000000000000094
:103C30000000000037DF0500C5D1050000000000CE
:103C400070300600E0310600D32F0600D32F0600A7
:103C5000D32F0600D32F0600D32F0600D32F060044
:103C6000D32F0600D32F0600D32F0600FFFFFFFF40
:103C7000FFFFFFFFFFFFFFFFFFFF000001004153B9
:103C8000434949000000000000000000000000005F
:103C90000000000000000000000000000000415390
:103CA000434949000000000000000000000000003F
:103CB0000000000000000000000000000000000004
:103CC000017202003572020039210300BDA6030013
:103CD00009AB03009D220400E1300400814404008C
:103CE00081AA040035D604004D15050011720200AA
:04000003500001E1C7
:00000001FF
